Year,"Country of Asylum","Country of Origin","Country of Asylum ISO","Country of Origin ISO",Refugees,Asylum-seekers,IDPs,"Other people in need of international protection","Stateless persons","Host community","Others of concern"
2000,-,Afghanistan,-,AFG,3587327,40290,758625,0,0,0,100046
2000,-,Albania,-,ALB,6801,2817,0,0,0,0,0
2000,-,Algeria,-,DZA,8015,2320,0,0,0,0,0
2000,-,Angola,-,AGO,433756,5489,257508,0,0,0,165
2000,-,"Antigua and Barbuda",-,ATG,0,6,0,0,0,0,0
2000,-,Egypt,-,EGY,3954,1151,0,0,0,0,0
2000,-,Argentina,-,ARG,608,1559,0,0,0,0,0
2000,-,Armenia,-,ARM,5787,5228,0,0,0,0,0
2000,-,Australia,-,AUS,0,5,0,0,0,0,0
2000,-,Austria,-,AUT,33,0,0,0,0,0,0
2000,-,Azerbaijan,-,AZE,284278,5282,572451,0,0,0,0
2000,-,Bahrain,-,BHR,92,51,0,0,0,0,0
2000,-,Barbados,-,BRB,5,8,0,0,0,0,0
2000,-,Burundi,-,BDI,568070,3626,56000,0,0,0,10
2000,-,Belgium,-,BEL,20,20,0,0,0,0,0
2000,-,Benin,-,BEN,47,148,0,0,0,0,0
2000,-,Bangladesh,-,BGD,5404,3322,0,0,0,0,0
2000,-,Bahamas,-,BHS,0,7,0,0,0,0,0
2000,-,Bhutan,-,BTN,108943,46,0,0,0,0,0
2000,-,"Burkina Faso",-,BFA,124,242,0,0,0,0,0
2000,-,Belarus,-,BLR,2515,766,0,0,0,0,0
2000,-,"Bolivia (Plurinational State of)",-,BOL,177,121,0,0,0,0,0
2000,-,Botswana,-,BWA,5,0,0,0,0,0,0
2000,-,Brazil,-,BRA,220,649,0,0,0,0,0
2000,-,"Bosnia and Herzegovina",-,BIH,504980,4305,518252,0,0,0,0
2000,-,Bulgaria,-,BGR,2404,1303,0,0,0,0,0
2000,-,Belize,-,BLZ,12,14,0,0,0,0,0
2000,-,Cambodia,-,KHM,36851,301,0,0,0,0,0
2000,-,Canada,-,CAN,25,7,0,0,0,0,0
2000,-,"Central African Rep.",-,CAF,135,54,0,0,0,0,0
2000,-,Chad,-,TCD,54955,2422,0,0,0,0,0
2000,-,China,-,CHN,110967,17178,0,0,0,0,0
2000,-,Chile,-,CHL,858,159,0,0,0,0,0
2000,-,Cameroon,-,CMR,2067,1494,0,0,0,0,0
2000,-,Congo,-,COG,27570,4142,0,0,0,0,54
2000,-,"Dem. Rep. of the Congo",-,COD,371705,19844,3000,0,0,0,47
2000,-,Comoros,-,COM,25,96,0,0,0,0,0
2000,-,Colombia,-,COL,9278,5003,525000,0,0,0,0
2000,-,"Costa Rica",-,CRI,55,226,0,0,0,0,0
2000,-,Cuba,-,CUB,20077,3464,0,0,0,0,0
2000,-,"Cabo Verde",-,CPV,0,13,0,0,0,0,0
2000,-,Cyprus,-,CYP,12,10,0,0,0,0,0
2000,-,Czechia,-,CZE,809,176,0,0,0,0,0
2000,-,Denmark,-,DNK,26,5,0,0,0,0,0
2000,-,Djibouti,-,DJI,1911,142,0,0,0,0,0
2000,-,Dominica,-,DMA,0,16,0,0,0,0,0
2000,-,"Dominican Rep.",-,DOM,48,50,0,0,0,0,0
2000,-,Ecuador,-,ECU,669,270,0,0,0,0,0
2000,-,"Equatorial Guinea",-,GNQ,504,41,0,0,0,0,0
2000,-,Eritrea,-,ERI,376847,2559,1100000,0,0,0,0
2000,-,Estonia,-,EST,460,74,0,0,0,0,0
2000,-,Ethiopia,-,ETH,66396,14551,0,0,0,0,244
2000,-,Fiji,-,FJI,401,1661,0,0,0,0,0
2000,-,Finland,-,FIN,5,5,0,0,0,0,0
2000,-,France,-,FRA,74,45,0,0,0,0,0
2000,-,Gabon,-,GAB,27,13,0,0,0,0,0
2000,-,Gambia,-,GMB,751,280,0,0,0,0,0
2000,-,"State of Palestine",-,PSE,110641,538,0,0,0,0,6000
2000,-,"United Kingdom of Great Britain and Northern Ireland",-,GBR,109,69,0,0,0,0,0
2000,-,Georgia,-,GEO,21818,1469,272101,0,0,0,2202
2000,-,Germany,-,DEU,1182,57,0,0,0,0,0
2000,-,Ghana,-,GHA,14760,989,0,0,0,0,0
2000,-,Guinea-Bissau,-,GNB,880,689,0,0,0,0,0
2000,-,Greece,-,GRC,124,25,0,0,0,0,0
2000,-,Grenada,-,GRD,23,89,0,0,0,0,0
2000,-,Guatemala,-,GTM,20709,101803,0,0,0,0,3341
2000,-,Guinea,-,GIN,1489,2523,0,0,0,0,0
2000,-,Guyana,-,GUY,35,201,0,0,0,0,0
2000,-,Haiti,-,HTI,7564,19735,0,0,0,0,0
2000,-,"China, Hong Kong SAR",-,HKG,10,8,0,0,0,0,0
2000,-,Honduras,-,HND,904,1187,0,0,0,0,4138
2000,-,Croatia,-,HRV,335200,368,34134,0,0,0,0
2000,-,Hungary,-,HUN,512,1959,0,0,0,0,0
2000,-,Iceland,-,ISL,5,0,0,0,0,0,0
2000,-,"Cote d'Ivoire",-,CIV,771,678,0,0,0,0,0
2000,-,India,-,IND,11397,9786,0,0,0,0,0
2000,-,Indonesia,-,IDN,9152,3618,0,0,0,0,0
2000,-,Ireland,-,IRL,5,0,0,0,0,0,0
2000,-,"Iran (Islamic Rep. of)",-,IRN,88266,20622,0,0,0,0,0
2000,-,Iraq,-,IRQ,526165,40630,0,0,0,0,13000
2000,-,Israel,-,ISR,414,362,0,0,0,0,0
2000,-,Italy,-,ITA,46,33,0,0,0,0,0
2000,-,Jamaica,-,JAM,37,173,0,0,0,0,0
2000,-,Jordan,-,JOR,915,551,0,0,0,0,0
2000,-,Japan,-,JPN,5,11,0,0,0,0,0
2000,-,Kazakhstan,-,KAZ,2537,739,0,0,0,0,0
2000,-,Kenya,-,KEN,2367,861,0,0,0,0,0
2000,-,Kyrgyzstan,-,KGZ,747,322,0,0,0,0,0
2000,-,"Rep. of Korea",-,KOR,69,359,0,0,0,0,0
2000,-,"Dem. People's Rep. of Korea",-,PRK,15,50,0,0,0,0,0
2000,-,Kuwait,-,KWT,688,98,0,0,0,0,0
2000,-,"Lao People's Dem. Rep.",-,LAO,16090,201,0,0,0,0,5
2000,-,Liberia,-,LBR,266926,4196,110686,0,0,0,5
2000,-,Libya,-,LBY,603,531,0,0,0,0,0
2000,-,"Saint Lucia",-,LCA,12,28,0,0,0,0,0
2000,-,Lebanon,-,LBN,10208,1538,0,0,0,0,0
2000,-,"Sri Lanka",-,LKA,124156,6499,706514,0,0,0,0
2000,-,Lithuania,-,LTU,155,138,0,0,0,0,0
2000,-,Latvia,-,LVA,484,107,0,0,0,0,0
2000,-,"China, Macao SAR",-,MAC,5,0,0,0,0,0,0
2000,-,Madagascar,-,MDG,51,15,0,0,0,0,0
2000,-,Mauritania,-,MRT,29742,1782,0,0,0,0,0
2000,-,"North Macedonia",-,MKD,2175,505,0,0,0,0,0
2000,-,"Rep. of Moldova",-,MDA,2650,866,8080,0,0,0,0
2000,-,Mexico,-,MEX,1288,13058,0,0,0,0,0
2000,-,Mali,-,MLI,364,185,0,0,0,0,3500
2000,-,Malaysia,-,MYS,79,240,0,0,0,0,0
2000,-,Malawi,-,MWI,34,5,0,0,0,0,0
2000,-,Mongolia,-,MNG,25,597,0,0,0,0,0
2000,-,Morocco,-,MAR,394,183,0,0,0,0,0
2000,-,Mozambique,-,MOZ,24,0,0,0,0,0,0
2000,-,Malta,-,MLT,17,5,0,0,0,0,0
2000,-,Mauritius,-,MUS,29,15,0,0,0,0,0
2000,-,Myanmar,-,MMR,137121,1013,0,0,0,0,0
2000,-,Namibia,-,NAM,2307,10,0,0,0,0,0
2000,-,Nepal,-,NPL,227,444,0,0,0,0,0
2000,-,"Netherlands (Kingdom of the)",-,NLD,14,132,0,0,0,0,0
2000,-,Niger,-,NER,483,250,0,0,0,0,0
2000,-,Nicaragua,-,NIC,5070,13136,0,0,0,0,128
2000,-,Nigeria,-,NGA,5735,3457,0,0,0,0,0
2000,-,Nauru,-,NRU,5,0,0,0,0,0,0
2000,-,Oman,-,OMN,5,6,0,0,0,0,0
2000,-,Pakistan,-,PAK,10134,7201,0,0,0,0,0
2000,-,Panama,-,PAN,70,50,0,0,0,0,0
2000,-,Paraguay,-,PRY,20,16,0,0,0,0,0
2000,-,Peru,-,PER,6948,2435,0,0,0,0,0
2000,-,Philippines,-,PHL,45481,1848,0,0,0,0,0
2000,-,"Papua New Guinea",-,PNG,6,0,0,0,0,0,0
2000,-,Poland,-,POL,859,549,0,0,0,0,0
2000,-,Portugal,-,PRT,24,73,0,0,0,0,0
2000,-,Qatar,-,QAT,0,31,0,0,0,0,0
2000,-,Romania,-,ROU,7348,2466,0,0,0,0,0
2000,-,"South Africa",-,ZAF,168,98,0,0,0,0,0
2000,-,"Russian Federation",-,RUS,40309,10597,490650,0,0,0,641701
2000,-,Rwanda,-,RWA,119051,24806,0,0,0,0,0
2000,-,"El Salvador",-,SLV,7753,176478,0,0,0,0,919
2000,-,"Saudi Arabia",-,SAU,77,41,0,0,0,0,0
2000,-,Senegal,-,SEN,11077,914,0,0,0,0,0
2000,-,Seychelles,-,SYC,25,12,0,0,0,0,0
2000,-,Singapore,-,SGP,21,17,0,0,0,0,0
2000,-,"Sierra Leone",-,SLE,402798,6862,300000,0,0,0,23
2000,-,"San Marino",-,SMR,5,0,0,0,0,0,0
2000,-,"Solomon Islands",-,SLB,34,23,0,0,0,0,0
2000,-,Somalia,-,SOM,475644,11971,18000,0,0,0,2077
2000,-,Spain,-,ESP,75,21,0,0,0,0,0
2000,-,"Serbia and Kosovo: S/RES/1244 (1999)",-,SRB,146749,49001,267500,0,0,0,85000
2000,-,"Viet Nam",-,VNM,370753,1525,0,0,0,0,37
2000,-,Stateless,-,XXA,6431,2029,0,0,0,0,550639
2000,-,"Saint Kitts and Nevis",-,KNA,0,5,0,0,0,0,0
2000,-,"Sao Tome and Principe",-,STP,23,6,0,0,0,0,0
2000,-,Sudan,-,SDN,494351,19094,0,0,0,0,0
2000,-,Suriname,-,SUR,334,48,0,0,0,0,0
2000,-,Slovakia,-,SVK,216,796,0,0,0,0,0
2000,-,Slovenia,-,SVN,3278,19,0,0,0,0,0
2000,-,Eswatini,-,SWZ,16,0,0,0,0,0,0
2000,-,Sweden,-,SWE,17,5,0,0,0,0,0
2000,-,Switzerland,-,CHE,69,0,0,0,0,0,0
2000,-,"Syrian Arab Rep.",-,SYR,5868,3730,0,0,0,0,0
2000,-,"United Rep. of Tanzania",-,TZA,310,801,0,0,0,0,742
2000,-,Thailand,-,THA,213,139,0,0,0,0,0
2000,-,Tibetan,-,TIB,20969,0,0,0,0,0,0
2000,-,Tajikistan,-,TJK,59937,635,0,0,0,0,0
2000,-,Turkmenistan,-,TKM,299,15,0,0,0,0,0
2000,-,Timor-Leste,-,TLS,122202,19,0,0,0,0,0
2000,-,Togo,-,TGO,4022,1277,0,0,0,0,0
2000,-,Tonga,-,TON,5,22,0,0,0,0,0
2000,-,"Trinidad and Tobago",-,TTO,24,117,0,0,0,0,0
2000,-,Tunisia,-,TUN,1205,366,0,0,0,0,0
2000,-,Türkiye,-,TUR,47154,10231,0,0,0,0,0
2000,-,Tuvalu,-,TUV,5,0,0,0,0,0,0
2000,-,"United Arab Emirates",-,ARE,17,8,0,0,0,0,0
2000,-,Uganda,-,UGA,32405,1050,0,0,0,0,0
2000,-,"Unknown ",-,UNK,1119368,191978,0,0,0,0,162073
2000,-,Ukraine,-,UKR,19310,3038,0,0,0,0,96
2000,-,Uruguay,-,URY,48,162,0,0,0,0,0
2000,-,"United States of America",-,USA,173,86,0,0,0,0,0
2000,-,Uzbekistan,-,UZB,3628,372,0,0,0,0,51649
2000,-,"Saint Vincent and the Grenadines",-,VCT,48,78,0,0,0,0,0
2000,-,"Venezuela (Bolivarian Republic of)",-,VEN,469,172,0,0,0,0,0
2000,-,"Western Sahara",-,ESH,165808,0,0,0,0,0,26000
2000,-,Yemen,-,YEM,2104,848,0,0,0,0,0
2000,-,Zambia,-,ZMB,91,117,0,0,0,0,0
2000,-,Zimbabwe,-,ZWE,109,204,0,0,0,0,0
2001,-,Afghanistan,-,AFG,3809763,30782,1200000,0,0,0,100000
2001,-,Albania,-,ALB,7627,3974,0,0,0,0,0
2001,-,Algeria,-,DZA,8399,2746,0,0,0,0,0
2001,-,Andorra,-,AND,0,7,0,0,0,0,0
2001,-,Angola,-,AGO,470616,9848,202000,0,0,0,0
2001,-,"Antigua and Barbuda",-,ATG,5,6,0,0,0,0,0
2001,-,Egypt,-,EGY,4677,1442,0,0,0,0,0
2001,-,Argentina,-,ARG,660,1450,0,0,0,0,0
2001,-,Armenia,-,ARM,7206,6087,0,0,0,0,0
2001,-,Australia,-,AUS,0,10,0,0,0,0,0
2001,-,Austria,-,AUT,27,5,0,0,0,0,0
2001,-,Azerbaijan,-,AZE,268755,5740,572955,0,0,0,0
2001,-,Bahrain,-,BHR,46,5,0,0,0,0,0
2001,-,Barbados,-,BRB,6,24,0,0,0,0,0
2001,-,Burundi,-,BDI,553987,3914,20000,0,0,0,0
2001,-,Belgium,-,BEL,11,18,0,0,0,0,0
2001,-,Benin,-,BEN,52,182,0,0,0,0,0
2001,-,Bangladesh,-,BGD,5544,3444,0,0,0,0,0
2001,-,Bahamas,-,BHS,0,26,0,0,0,0,0
2001,-,Bhutan,-,BTN,110844,65,0,0,0,0,0
2001,-,"Burkina Faso",-,BFA,90,242,0,0,0,0,0
2001,-,Belarus,-,BLR,3691,1131,0,0,0,0,0
2001,-,"Bolivia (Plurinational State of)",-,BOL,157,160,0,0,0,0,0
2001,-,Botswana,-,BWA,0,5,0,0,0,0,0
2001,-,Brazil,-,BRA,251,794,0,0,0,0,0
2001,-,"Bosnia and Herzegovina",-,BIH,447326,4182,438253,0,0,0,0
2001,-,Bulgaria,-,BGR,2122,1507,0,0,0,0,0
2001,-,Belize,-,BLZ,0,30,0,0,0,0,0
2001,-,Cambodia,-,KHM,34756,304,0,0,0,0,0
2001,-,Canada,-,CAN,5,9,0,0,0,0,0
2001,-,"Central African Rep.",-,CAF,28698,353,0,0,0,0,0
2001,-,Chad,-,TCD,46282,2992,0,0,0,0,0
2001,-,China,-,CHN,117403,19783,0,0,0,0,0
2001,-,Chile,-,CHL,834,199,0,0,0,0,0
2001,-,Cameroon,-,CMR,2729,2160,0,0,0,0,0
2001,-,Congo,-,COG,24237,4258,0,0,0,0,0
2001,-,"Dem. Rep. of the Congo",-,COD,392142,28257,3458,0,0,0,0
2001,-,Comoros,-,COM,25,82,0,0,0,0,0
2001,-,Colombia,-,COL,17937,15467,720000,0,0,0,0
2001,-,"Costa Rica",-,CRI,86,671,0,0,0,0,0
2001,-,Cuba,-,CUB,18950,3526,0,0,0,0,0
2001,-,"Cabo Verde",-,CPV,5,19,0,0,0,0,0
2001,-,Cyprus,-,CYP,5,8,0,0,0,0,0
2001,-,Czechia,-,CZE,1177,211,0,0,0,0,0
2001,-,Denmark,-,DNK,5,0,0,0,0,0,0
2001,-,Djibouti,-,DJI,451,181,0,0,0,0,0
2001,-,Dominica,-,DMA,5,23,0,0,0,0,0
2001,-,"Dominican Rep.",-,DOM,45,124,0,0,0,0,0
2001,-,Ecuador,-,ECU,649,435,0,0,0,0,0
2001,-,"Equatorial Guinea",-,GNQ,526,35,0,0,0,0,0
2001,-,Eritrea,-,ERI,333222,2849,0,0,0,0,0
2001,-,Estonia,-,EST,483,98,0,0,0,0,0
2001,-,Ethiopia,-,ETH,58980,12305,0,0,0,0,1420
2001,-,Fiji,-,FJI,731,1918,0,0,0,0,0
2001,-,Finland,-,FIN,0,5,0,0,0,0,0
2001,-,France,-,FRA,41,59,0,0,0,0,0
2001,-,Gabon,-,GAB,24,45,0,0,0,0,0
2001,-,Gambia,-,GMB,732,301,0,0,0,0,0
2001,-,"State of Palestine",-,PSE,349158,889,0,0,0,0,6000
2001,-,"United Kingdom of Great Britain and Northern Ireland",-,GBR,104,77,0,0,0,0,0
2001,-,Georgia,-,GEO,17490,2525,264221,0,0,0,2793
2001,-,Germany,-,DEU,1028,52,0,0,0,0,0
2001,-,Ghana,-,GHA,14547,1095,0,0,0,0,0
2001,-,Guinea-Bissau,-,GNB,917,748,0,0,0,0,0
2001,-,Greece,-,GRC,93,49,0,0,0,0,0
2001,-,Grenada,-,GRD,53,175,0,0,0,0,0
2001,-,Guatemala,-,GTM,16868,99542,0,0,0,0,0
2001,-,Guinea,-,GIN,2009,3857,0,0,0,0,0
2001,-,Guyana,-,GUY,36,378,0,0,0,0,0
2001,-,Haiti,-,HTI,7246,21958,0,0,0,0,0
2001,-,"China, Hong Kong SAR",-,HKG,5,18,0,0,0,0,0
2001,-,Honduras,-,HND,783,1158,0,0,0,0,0
2001,-,Croatia,-,HRV,290283,346,23402,0,0,0,0
2001,-,Hungary,-,HUN,949,4152,0,0,0,0,0
2001,-,"Cote d'Ivoire",-,CIV,856,785,0,0,0,0,0
2001,-,India,-,IND,11560,9748,0,0,0,0,0
2001,-,Indonesia,-,IDN,8972,4600,0,0,0,0,0
2001,-,Ireland,-,IRL,5,0,0,0,0,0,0
2001,-,"Iran (Islamic Rep. of)",-,IRN,92490,14138,0,0,0,0,0
2001,-,Iraq,-,IRQ,530508,34826,0,0,0,0,13000
2001,-,Israel,-,ISR,361,609,0,0,0,0,0
2001,-,Italy,-,ITA,36,31,0,0,0,0,0
2001,-,Jamaica,-,JAM,37,281,0,0,0,0,0
2001,-,Jordan,-,JOR,773,557,0,0,0,0,0
2001,-,Japan,-,JPN,5,23,0,0,0,0,0
2001,-,Kazakhstan,-,KAZ,2803,876,0,0,0,0,0
2001,-,Kenya,-,KEN,2551,713,0,0,0,0,0
2001,-,Kyrgyzstan,-,KGZ,687,393,0,0,0,0,0
2001,-,"Rep. of Korea",-,KOR,83,471,0,0,0,0,0
2001,-,"Dem. People's Rep. of Korea",-,PRK,17,49,0,0,0,0,0
2001,-,Kuwait,-,KWT,696,146,0,0,0,0,0
2001,-,"Lao People's Dem. Rep.",-,LAO,12625,963,0,0,0,0,5
2001,-,Liberia,-,LBR,244603,6357,196116,0,0,0,0
2001,-,Libya,-,LBY,877,484,0,0,0,0,0
2001,-,"Saint Lucia",-,LCA,9,66,0,0,0,0,0
2001,-,Lebanon,-,LBN,8754,1887,0,0,0,0,0
2001,-,Lesotho,-,LSO,0,6,0,0,0,0,0
2001,-,"Sri Lanka",-,LKA,122414,6596,731838,0,0,0,0
2001,-,Lithuania,-,LTU,210,256,0,0,0,0,0
2001,-,Latvia,-,LVA,610,178,0,0,0,0,0
2001,-,"China, Macao SAR",-,MAC,5,5,0,0,0,0,0
2001,-,Madagascar,-,MDG,36,5,0,0,0,0,0
2001,-,Mauritania,-,MRT,29850,2557,0,0,0,0,0
2001,-,"North Macedonia",-,MKD,12192,2225,16371,0,0,0,0
2001,-,"Rep. of Moldova",-,MDA,3731,2151,1000,0,0,0,0
2001,-,Mexico,-,MEX,1592,22473,0,0,0,0,0
2001,-,Mali,-,MLI,311,367,0,0,0,0,3500
2001,-,Malaysia,-,MYS,77,312,0,0,0,0,0
2001,-,Malawi,-,MWI,26,12,0,0,0,0,0
2001,-,Mongolia,-,MNG,57,850,0,0,0,0,0
2001,-,Morocco,-,MAR,357,270,0,0,0,0,0
2001,-,Mozambique,-,MOZ,45,12,0,0,0,0,0
2001,-,Malta,-,MLT,7,5,0,0,0,0,0
2001,-,Mauritius,-,MUS,30,21,0,0,0,0,0
2001,-,Myanmar,-,MMR,145849,1128,0,0,0,0,0
2001,-,Namibia,-,NAM,2295,150,0,0,0,0,0
2001,-,Nepal,-,NPL,300,550,0,0,0,0,0
2001,-,"Netherlands (Kingdom of the)",-,NLD,5,87,0,0,0,0,0
2001,-,Niger,-,NER,478,415,0,0,0,0,0
2001,-,Nicaragua,-,NIC,4397,13173,0,0,0,0,0
2001,-,Nigeria,-,NGA,6077,4133,0,0,0,0,0
2001,-,"New Zealand",-,NZL,0,5,0,0,0,0,0
2001,-,Oman,-,OMN,5,5,0,0,0,0,0
2001,-,Pakistan,-,PAK,12326,8004,0,0,0,0,0
2001,-,Panama,-,PAN,36,72,0,0,0,0,0
2001,-,Paraguay,-,PRY,6,22,0,0,0,0,0
2001,-,Peru,-,PER,6500,2750,0,0,0,0,0
2001,-,Philippines,-,PHL,45469,1838,0,0,0,0,0
2001,-,"Papua New Guinea",-,PNG,6,0,0,0,0,0,0
2001,-,Poland,-,POL,3187,879,0,0,0,0,0
2001,-,Portugal,-,PRT,14,146,0,0,0,0,0
2001,-,Qatar,-,QAT,0,29,0,0,0,0,0
2001,-,Romania,-,ROU,6052,2812,0,0,0,0,0
2001,-,"South Africa",-,ZAF,131,178,0,0,0,0,0
2001,-,"Russian Federation",-,RUS,45154,14668,443288,0,0,0,513272
2001,-,Rwanda,-,RWA,84508,25910,0,0,0,0,0
2001,-,"El Salvador",-,SLV,7147,164987,0,0,0,0,0
2001,-,"Saudi Arabia",-,SAU,29,147,0,0,0,0,0
2001,-,Senegal,-,SEN,8554,1232,0,0,0,0,0
2001,-,Seychelles,-,SYC,14,26,0,0,0,0,0
2001,-,Singapore,-,SGP,15,19,0,0,0,0,0
2001,-,"Sierra Leone",-,SLE,179097,9065,0,0,0,0,0
2001,-,"Solomon Islands",-,SLB,42,14,0,0,0,0,0
2001,-,Somalia,-,SOM,440120,16195,0,0,0,0,2000
2001,-,Spain,-,ESP,45,18,0,0,0,0,0
2001,-,"Serbia and Kosovo: S/RES/1244 (1999)",-,SRB,144231,50823,263600,0,0,0,85000
2001,-,"Viet Nam",-,VNM,353211,3471,0,0,0,0,2036
2001,-,Stateless,-,XXA,7157,1813,0,0,0,0,254855
2001,-,"Sao Tome and Principe",-,STP,21,14,0,0,0,0,0
2001,-,Sudan,-,SDN,489931,19824,0,0,0,0,0
2001,-,Suriname,-,SUR,239,54,0,0,0,0,0
2001,-,Slovakia,-,SVK,189,674,0,0,0,0,0
2001,-,Slovenia,-,SVN,762,22,0,0,0,0,0
2001,-,Eswatini,-,SWZ,15,5,0,0,0,0,0
2001,-,Sweden,-,SWE,5,8,0,0,0,0,0
2001,-,Switzerland,-,CHE,60,0,0,0,0,0,0
2001,-,"Syrian Arab Rep.",-,SYR,4861,3853,0,0,0,0,0
2001,-,"United Rep. of Tanzania",-,TZA,369,807,0,0,0,0,0
2001,-,Thailand,-,THA,90,156,0,0,0,0,0
2001,-,Tibetan,-,TIB,20721,0,0,0,0,0,0
2001,-,Tajikistan,-,TJK,56107,394,0,0,0,0,0
2001,-,Turkmenistan,-,TKM,305,36,0,0,0,0,0
2001,-,Timor-Leste,-,TLS,73042,20,0,0,0,0,0
2001,-,Togo,-,TGO,4356,1965,0,0,0,0,0
2001,-,Tonga,-,TON,0,47,0,0,0,0,0
2001,-,"Trinidad and Tobago",-,TTO,16,179,0,0,0,0,0
2001,-,Tunisia,-,TUN,1364,396,0,0,0,0,0
2001,-,Türkiye,-,TUR,47085,13326,0,0,0,0,0
2001,-,Tuvalu,-,TUV,5,0,0,0,0,0,0
2001,-,"United Arab Emirates",-,ARE,18,29,0,0,0,0,0
2001,-,Uganda,-,UGA,40133,943,0,0,0,0,0
2001,-,"Unknown ",-,UNK,1099538,137003,0,0,0,0,22202
2001,-,Ukraine,-,UKR,26712,5896,0,0,0,0,0
2001,-,Uruguay,-,URY,45,311,0,0,0,0,0
2001,-,"United States of America",-,USA,220,110,0,0,0,0,0
2001,-,Uzbekistan,-,UZB,3454,662,0,0,0,0,7427
2001,-,"Saint Vincent and the Grenadines",-,VCT,67,174,0,0,0,0,0
2001,-,"Venezuela (Bolivarian Republic of)",-,VEN,464,334,0,0,0,0,0
2001,-,Samoa,-,WSM,0,6,0,0,0,0,0
2001,-,"Western Sahara",-,ESH,165908,5,0,0,0,0,26000
2001,-,Yemen,-,YEM,1976,743,0,0,0,0,0
2001,-,Zambia,-,ZMB,55,103,0,0,0,0,0
2001,-,Zimbabwe,-,ZWE,257,2694,0,0,0,0,0
2002,-,Afghanistan,-,AFG,2510294,26687,665156,0,0,0,100012
2002,-,Albania,-,ALB,10758,4986,0,0,0,0,0
2002,-,Algeria,-,DZA,12088,2374,0,0,0,0,0
2002,-,Andorra,-,AND,9,5,0,0,0,0,0
2002,-,Angola,-,AGO,435415,14272,188728,0,0,0,0
2002,-,"Antigua and Barbuda",-,ATG,5,41,0,0,0,0,0
2002,-,Egypt,-,EGY,6442,1825,0,0,0,0,0
2002,-,Argentina,-,ARG,764,1331,0,0,0,0,0
2002,-,Armenia,-,ARM,13244,5667,0,0,0,0,0
2002,-,Australia,-,AUS,9,14,0,0,0,0,0
2002,-,Austria,-,AUT,72,10,0,0,0,0,0
2002,-,Azerbaijan,-,AZE,260217,4986,577179,0,0,0,0
2002,-,Bahrain,-,BHR,49,5,0,0,0,0,0
2002,-,Barbados,-,BRB,6,61,0,0,0,0,0
2002,-,Burundi,-,BDI,574552,7436,100000,0,0,0,0
2002,-,Belgium,-,BEL,21,24,0,0,0,0,0
2002,-,Benin,-,BEN,228,226,0,0,0,0,0
2002,-,Bangladesh,-,BGD,5804,4827,0,0,0,0,0
2002,-,Bahamas,-,BHS,0,163,0,0,0,0,0
2002,-,Bhutan,-,BTN,112524,55,0,0,0,0,0
2002,-,"Burkina Faso",-,BFA,970,180,0,0,0,0,0
2002,-,Belarus,-,BLR,6366,2073,0,0,0,0,0
2002,-,"Bolivia (Plurinational State of)",-,BOL,215,492,0,0,0,0,0
2002,-,Botswana,-,BWA,5,10,0,0,0,0,0
2002,-,Brazil,-,BRA,438,1149,0,0,0,0,0
2002,-,"Bosnia and Herzegovina",-,BIH,406456,5928,367491,0,0,0,0
2002,-,Bulgaria,-,BGR,2843,1745,0,0,0,0,0
2002,-,Belize,-,BLZ,0,33,0,0,0,0,0
2002,-,Cambodia,-,KHM,33451,465,0,0,0,0,0
2002,-,Canada,-,CAN,52,20,0,0,0,0,0
2002,-,"Central African Rep.",-,CAF,25368,657,0,0,0,0,0
2002,-,Chad,-,TCD,47340,2436,0,0,0,0,0
2002,-,China,-,CHN,132099,25224,0,0,0,0,0
2002,-,Chile,-,CHL,1705,513,0,0,0,0,0
2002,-,Cameroon,-,CMR,5228,2841,0,0,0,0,0
2002,-,Congo,-,COG,27994,7017,0,0,0,0,0
2002,-,"Dem. Rep. of the Congo",-,COD,421355,44078,9000,0,0,0,0
2002,-,Comoros,-,COM,40,36,0,0,0,0,0
2002,-,Colombia,-,COL,30624,21920,950000,0,0,0,50093
2002,-,"Costa Rica",-,CRI,97,1730,0,0,0,0,0
2002,-,Cuba,-,CUB,18035,2678,0,0,0,0,0
2002,-,"Cabo Verde",-,CPV,5,11,0,0,0,0,0
2002,-,Cyprus,-,CYP,5,15,0,0,0,0,0
2002,-,Czechia,-,CZE,6985,184,0,0,0,0,0
2002,-,Denmark,-,DNK,6,6,0,0,0,0,0
2002,-,Djibouti,-,DJI,470,112,0,0,0,0,0
2002,-,Dominica,-,DMA,6,47,0,0,0,0,0
2002,-,"Dominican Rep.",-,DOM,82,145,0,0,0,0,0
2002,-,Ecuador,-,ECU,815,834,0,0,0,0,0
2002,-,"Equatorial Guinea",-,GNQ,549,61,0,0,0,0,0
2002,-,Eritrea,-,ERI,318167,25826,0,0,0,0,0
2002,-,Estonia,-,EST,1058,157,0,0,0,0,0
2002,-,Ethiopia,-,ETH,61235,8956,0,0,0,0,100
2002,-,Fiji,-,FJI,1071,1502,0,0,0,0,0
2002,-,Finland,-,FIN,8,5,0,0,0,0,0
2002,-,France,-,FRA,92,73,0,0,0,0,0
2002,-,"Micronesia (Federated States of)",-,FSM,0,5,0,0,0,0,0
2002,-,Gabon,-,GAB,34,52,0,0,0,0,0
2002,-,Gambia,-,GMB,858,286,0,0,0,0,0
2002,-,"State of Palestine",-,PSE,428775,999,0,0,0,0,6000
2002,-,"United Kingdom of Great Britain and Northern Ireland",-,GBR,158,74,0,0,0,0,0
2002,-,Georgia,-,GEO,16970,2762,261583,0,0,0,3021
2002,-,Germany,-,DEU,924,73,0,0,0,0,0
2002,-,Ghana,-,GHA,15675,1149,0,0,0,0,0
2002,-,Gibraltar,-,GIB,0,5,0,0,0,0,0
2002,-,Guinea-Bissau,-,GNB,978,277,0,0,0,0,0
2002,-,Greece,-,GRC,296,40,0,0,0,0,0
2002,-,Grenada,-,GRD,73,374,0,0,0,0,0
2002,-,Guatemala,-,GTM,13892,96112,0,0,0,0,0
2002,-,Guinea,-,GIN,3417,3804,0,0,0,0,0
2002,-,Guyana,-,GUY,50,1074,0,0,0,0,0
2002,-,Haiti,-,HTI,7722,22185,0,0,0,0,0
2002,-,"China, Hong Kong SAR",-,HKG,0,17,0,0,0,0,0
2002,-,Honduras,-,HND,675,1249,0,0,0,0,0
2002,-,Croatia,-,HRV,274822,516,17100,0,0,0,0
2002,-,Hungary,-,HUN,3515,3119,0,0,0,0,0
2002,-,Iceland,-,ISL,13,0,0,0,0,0,0
2002,-,"Cote d'Ivoire",-,CIV,23731,1688,100000,0,0,0,0
2002,-,India,-,IND,14349,11060,0,0,0,0,0
2002,-,Indonesia,-,IDN,9907,5316,0,0,0,0,0
2002,-,Ireland,-,IRL,5,0,0,0,0,0,0
2002,-,"Iran (Islamic Rep. of)",-,IRN,138362,13180,0,0,0,0,0
2002,-,Iraq,-,IRQ,422504,29641,0,0,0,0,13000
2002,-,Israel,-,ISR,561,1023,0,0,0,0,0
2002,-,Italy,-,ITA,223,36,0,0,0,0,0
2002,-,Jamaica,-,JAM,147,479,0,0,0,0,0
2002,-,Jordan,-,JOR,1280,723,0,0,0,0,0
2002,-,Japan,-,JPN,14,22,0,0,0,0,0
2002,-,Kazakhstan,-,KAZ,6317,922,0,0,0,0,0
2002,-,Kenya,-,KEN,3089,10177,0,0,0,0,0
2002,-,Kyrgyzstan,-,KGZ,2952,538,0,0,0,0,0
2002,-,"Rep. of Korea",-,KOR,244,604,0,0,0,0,0
2002,-,"Dem. People's Rep. of Korea",-,PRK,256,70,0,0,0,0,0
2002,-,Kuwait,-,KWT,705,116,0,0,0,0,0
2002,-,"Lao People's Dem. Rep.",-,LAO,11233,911,0,0,0,0,5
2002,-,Liberia,-,LBR,275414,10559,304115,0,0,0,0
2002,-,Libya,-,LBY,1443,922,0,0,0,0,0
2002,-,"Saint Lucia",-,LCA,12,275,0,0,0,0,0
2002,-,Lebanon,-,LBN,26313,2364,0,0,0,0,0
2002,-,Lesotho,-,LSO,5,5,0,0,0,0,0
2002,-,"Sri Lanka",-,LKA,133240,4935,462826,0,0,0,0
2002,-,Lithuania,-,LTU,1365,356,0,0,0,0,0
2002,-,Latvia,-,LVA,3080,189,0,0,0,0,0
2002,-,"China, Macao SAR",-,MAC,13,8,0,0,0,0,0
2002,-,Madagascar,-,MDG,52,15,0,0,0,0,0
2002,-,Mauritania,-,MRT,30130,2972,0,0,0,0,0
2002,-,"North Macedonia",-,MKD,8102,2120,9442,0,0,0,0
2002,-,"Rep. of Moldova",-,MDA,10121,1520,1000,0,0,0,0
2002,-,Mexico,-,MEX,1668,30872,0,0,0,0,0
2002,-,Mali,-,MLI,525,314,0,0,0,0,3500
2002,-,Malaysia,-,MYS,117,480,0,0,0,0,0
2002,-,Malawi,-,MWI,48,147,0,0,0,0,0
2002,-,Mongolia,-,MNG,277,1029,0,0,0,0,0
2002,-,Morocco,-,MAR,1266,294,0,0,0,0,0
2002,-,Mozambique,-,MOZ,129,50,0,0,0,0,0
2002,-,Malta,-,MLT,7,5,0,0,0,0,0
2002,-,Mauritius,-,MUS,39,18,0,0,0,0,0
2002,-,Myanmar,-,MMR,148493,2034,0,0,0,0,0
2002,-,Namibia,-,NAM,1298,179,0,0,0,0,0
2002,-,Nepal,-,NPL,899,606,0,0,0,0,0
2002,-,"Netherlands (Kingdom of the)",-,NLD,32,87,0,0,0,0,0
2002,-,Niger,-,NER,829,555,0,0,0,0,0
2002,-,Nicaragua,-,NIC,4049,9936,0,0,0,0,0
2002,-,Nigeria,-,NGA,24559,7651,0,0,0,0,0
2002,-,Norway,-,NOR,5,0,0,0,0,0,0
2002,-,"New Zealand",-,NZL,0,5,0,0,0,0,0
2002,-,Oman,-,OMN,19,5,0,0,0,0,0
2002,-,Pakistan,-,PAK,23164,11371,0,0,0,0,0
2002,-,Panama,-,PAN,44,108,0,0,0,0,0
2002,-,Paraguay,-,PRY,26,44,0,0,0,0,0
2002,-,Peru,-,PER,6431,3581,0,0,0,0,0
2002,-,Philippines,-,PHL,45606,2019,0,0,0,0,0
2002,-,"Papua New Guinea",-,PNG,12,5,0,0,0,0,0
2002,-,Poland,-,POL,16713,818,0,0,0,0,0
2002,-,Portugal,-,PRT,60,551,0,0,0,0,0
2002,-,Qatar,-,QAT,10,30,0,0,0,0,0
2002,-,Romania,-,ROU,8842,2293,0,0,0,0,0
2002,-,"South Africa",-,ZAF,271,182,0,0,0,0,0
2002,-,"Russian Federation",-,RUS,91625,19615,371195,0,0,0,409629
2002,-,Rwanda,-,RWA,75251,11037,0,0,0,0,0
2002,-,"El Salvador",-,SLV,6630,151584,0,0,0,0,0
2002,-,"Saudi Arabia",-,SAU,104,105,0,0,0,0,0
2002,-,Senegal,-,SEN,12069,781,0,0,0,0,0
2002,-,Seychelles,-,SYC,43,28,0,0,0,0,0
2002,-,Singapore,-,SGP,40,20,0,0,0,0,0
2002,-,"Sierra Leone",-,SLE,141473,7465,0,0,0,0,0
2002,-,"San Marino",-,SMR,5,0,0,0,0,0,0
2002,-,"Solomon Islands",-,SLB,55,5,0,0,0,0,0
2002,-,Somalia,-,SOM,432304,13945,0,0,0,0,2000
2002,-,Spain,-,ESP,58,25,0,0,0,0,0
2002,-,"Serbia and Kosovo: S/RES/1244 (1999)",-,SRB,327582,17922,261826,0,0,0,85000
2002,-,"Viet Nam",-,VNM,373732,2092,0,0,0,0,1954
2002,-,Stateless,-,XXA,14475,2545,0,0,0,0,242621
2002,-,"Saint Kitts and Nevis",-,KNA,0,5,0,0,0,0,0
2002,-,"Sao Tome and Principe",-,STP,41,0,0,0,0,0,0
2002,-,Sudan,-,SDN,508863,13999,0,0,0,0,0
2002,-,Suriname,-,SUR,101,44,0,0,0,0,0
2002,-,Slovakia,-,SVK,596,706,0,0,0,0,0
2002,-,Slovenia,-,SVN,853,28,0,0,0,0,0
2002,-,Eswatini,-,SWZ,20,5,0,0,0,0,0
2002,-,Sweden,-,SWE,27,15,0,0,0,0,0
2002,-,Switzerland,-,CHE,55,5,0,0,0,0,0
2002,-,"Syrian Arab Rep.",-,SYR,18908,4264,0,0,0,0,0
2002,-,"United Rep. of Tanzania",-,TZA,578,2485,0,0,0,0,0
2002,-,"Turks and Caicos Islands",-,TCA,0,5,0,0,0,0,0
2002,-,Thailand,-,THA,342,250,0,0,0,0,0
2002,-,Tibetan,-,TIB,20631,0,0,0,0,0,0
2002,-,Tajikistan,-,TJK,63264,217,0,0,0,0,0
2002,-,Turkmenistan,-,TKM,797,124,0,0,0,0,0
2002,-,Timor-Leste,-,TLS,28097,513,0,0,0,0,0
2002,-,Togo,-,TGO,10441,2778,0,0,0,0,0
2002,-,Tonga,-,TON,7,65,0,0,0,0,0
2002,-,"Trinidad and Tobago",-,TTO,35,321,0,0,0,0,0
2002,-,Tunisia,-,TUN,2543,432,0,0,0,0,0
2002,-,Türkiye,-,TUR,193697,12516,0,0,0,0,0
2002,-,Tuvalu,-,TUV,5,0,0,0,0,0,0
2002,-,"United Arab Emirates",-,ARE,29,36,0,0,0,0,0
2002,-,Uganda,-,UGA,40414,2030,0,0,0,0,0
2002,-,"Unknown ",-,UNK,289770,268359,0,0,0,0,7923
2002,-,Ukraine,-,UKR,85258,4872,0,0,0,0,0
2002,-,Uruguay,-,URY,60,510,0,0,0,0,0
2002,-,"United States of America",-,USA,383,233,0,0,0,0,0
2002,-,Uzbekistan,-,UZB,6882,1532,0,0,0,0,2461
2002,-,"Saint Vincent and the Grenadines",-,VCT,81,510,0,0,0,0,0
2002,-,"Venezuela (Bolivarian Republic of)",-,VEN,525,779,0,0,0,0,0
2002,-,Samoa,-,WSM,0,5,0,0,0,0,0
2002,-,"Western Sahara",-,ESH,165884,5,0,0,0,0,26000
2002,-,Yemen,-,YEM,1595,633,0,0,0,0,0
2002,-,Zambia,-,ZMB,84,172,0,0,0,0,0
2002,-,Zimbabwe,-,ZWE,4024,1158,0,0,0,0,0
2003,-,Afghanistan,-,AFG,2136039,26308,184269,0,0,0,100000
2003,-,Albania,-,ALB,10382,4526,0,0,0,0,0
2003,-,Algeria,-,DZA,11651,1910,0,0,0,0,0
2003,-,Andorra,-,AND,7,5,0,0,0,0,0
2003,-,Angola,-,AGO,329573,11711,0,0,0,0,0
2003,-,"Antigua and Barbuda",-,ATG,5,22,0,0,0,0,0
2003,-,Egypt,-,EGY,5734,2019,0,0,0,0,0
2003,-,Argentina,-,ARG,777,1125,0,0,0,0,0
2003,-,Armenia,-,ARM,13158,4965,0,0,0,0,0
2003,-,Australia,-,AUS,12,5,0,0,0,0,0
2003,-,Austria,-,AUT,68,11,0,0,0,0,0
2003,-,Azerbaijan,-,AZE,253248,4633,575609,0,0,0,0
2003,-,Bahrain,-,BHR,50,5,0,0,0,0,0
2003,-,Barbados,-,BRB,8,43,0,0,0,0,0
2003,-,Burundi,-,BDI,531626,8047,1970,0,0,0,0
2003,-,Belgium,-,BEL,40,11,0,0,0,0,0
2003,-,Benin,-,BEN,274,247,0,0,0,0,0
2003,-,Bangladesh,-,BGD,5563,8272,0,0,0,0,0
2003,-,Bahamas,-,BHS,0,18,0,0,0,0,0
2003,-,Bhutan,-,BTN,103977,242,0,0,0,0,10000
2003,-,"Burkina Faso",-,BFA,852,150,0,0,0,0,0
2003,-,Belarus,-,BLR,7817,2099,0,0,0,0,0
2003,-,"Bolivia (Plurinational State of)",-,BOL,260,485,0,0,0,0,0
2003,-,Botswana,-,BWA,5,16,0,0,0,0,0
2003,-,Brazil,-,BRA,377,1266,0,0,0,0,0
2003,-,"Bosnia and Herzegovina",-,BIH,300012,2192,327188,0,0,0,0
2003,-,Bulgaria,-,BGR,2565,1373,0,0,0,0,0
2003,-,Belize,-,BLZ,9,28,0,0,0,0,0
2003,-,Cambodia,-,KHM,31404,461,0,0,0,0,0
2003,-,Canada,-,CAN,61,22,0,0,0,0,0
2003,-,"Central African Rep.",-,CAF,35394,832,0,0,0,0,0
2003,-,Chad,-,TCD,52268,2319,0,0,0,0,0
2003,-,China,-,CHN,132390,21257,0,0,0,0,0
2003,-,Chile,-,CHL,1549,309,0,0,0,0,0
2003,-,Cameroon,-,CMR,6215,3342,0,0,0,0,0
2003,-,Congo,-,COG,28950,6952,0,0,0,0,0
2003,-,"Dem. Rep. of the Congo",-,COD,453465,51942,0,0,0,0,0
2003,-,Comoros,-,COM,62,45,0,0,0,0,0
2003,-,Colombia,-,COL,37992,22938,1244072,0,0,0,26493
2003,-,"Costa Rica",-,CRI,91,1468,0,0,0,0,0
2003,-,Cuba,-,CUB,16084,2214,0,0,0,0,0
2003,-,"Cabo Verde",-,CPV,7,11,0,0,0,0,0
2003,-,Cyprus,-,CYP,5,5,0,0,0,0,0
2003,-,Czechia,-,CZE,6699,344,0,0,0,0,0
2003,-,Denmark,-,DNK,10,5,0,0,0,0,0
2003,-,Djibouti,-,DJI,520,70,0,0,0,0,0
2003,-,Dominica,-,DMA,17,24,0,0,0,0,0
2003,-,"Dominican Rep.",-,DOM,89,123,0,0,0,0,0
2003,-,Ecuador,-,ECU,720,689,0,0,0,0,0
2003,-,"Equatorial Guinea",-,GNQ,584,52,0,0,0,0,0
2003,-,Eritrea,-,ERI,124111,2828,0,0,0,0,22024
2003,-,Estonia,-,EST,1021,177,0,0,0,0,0
2003,-,Ethiopia,-,ETH,62674,10805,0,0,0,0,0
2003,-,Fiji,-,FJI,1088,1018,0,0,0,0,0
2003,-,Finland,-,FIN,6,5,0,0,0,0,0
2003,-,France,-,FRA,110,66,0,0,0,0,0
2003,-,"Micronesia (Federated States of)",-,FSM,0,5,0,0,0,0,0
2003,-,Gabon,-,GAB,37,34,0,0,0,0,0
2003,-,Gambia,-,GMB,744,341,0,0,0,0,0
2003,-,"State of Palestine",-,PSE,350562,1074,0,0,0,0,6000
2003,-,"United Kingdom of Great Britain and Northern Ireland",-,GBR,146,64,0,0,0,0,0
2003,-,Georgia,-,GEO,12488,2988,260215,0,0,0,2926
2003,-,Germany,-,DEU,719,61,0,0,0,0,0
2003,-,Ghana,-,GHA,15866,1662,0,0,0,0,0
2003,-,Guinea-Bissau,-,GNB,969,224,0,0,0,0,0
2003,-,Greece,-,GRC,268,37,0,0,0,0,0
2003,-,Grenada,-,GRD,76,258,0,0,0,0,0
2003,-,Guatemala,-,GTM,6696,88582,0,0,0,0,0
2003,-,Guinea,-,GIN,3868,3161,0,0,0,0,0
2003,-,Guyana,-,GUY,75,1296,0,0,0,0,0
2003,-,Haiti,-,HTI,7550,18352,0,0,0,0,0
2003,-,"China, Hong Kong SAR",-,HKG,6,21,0,0,0,0,0
2003,-,Honduras,-,HND,606,1202,0,0,0,0,0
2003,-,Croatia,-,HRV,230193,464,12566,0,0,0,0
2003,-,Hungary,-,HUN,3394,1005,0,0,0,0,0
2003,-,Iceland,-,ISL,11,5,0,0,0,0,0
2003,-,"Cote d'Ivoire",-,CIV,33625,3294,38039,0,0,0,0
2003,-,India,-,IND,13703,11456,0,0,0,0,0
2003,-,Indonesia,-,IDN,16240,7518,0,0,0,0,16176
2003,-,Ireland,-,IRL,6,10,0,0,0,0,0
2003,-,"Iran (Islamic Rep. of)",-,IRN,122530,11359,0,0,0,0,0
2003,-,Iraq,-,IRQ,368577,31591,0,0,0,0,18476
2003,-,Israel,-,ISR,626,944,0,0,0,0,0
2003,-,Italy,-,ITA,208,30,0,0,0,0,0
2003,-,Jamaica,-,JAM,260,410,0,0,0,0,0
2003,-,Jordan,-,JOR,1149,717,0,0,0,0,0
2003,-,Japan,-,JPN,17,27,0,0,0,0,0
2003,-,Kazakhstan,-,KAZ,6563,888,0,0,0,0,0
2003,-,Kenya,-,KEN,3159,10867,0,0,0,0,0
2003,-,Kyrgyzstan,-,KGZ,3142,616,0,0,0,0,0
2003,-,Kiribati,-,KIR,15,0,0,0,0,0,0
2003,-,"Rep. of Korea",-,KOR,236,499,0,0,0,0,0
2003,-,"Dem. People's Rep. of Korea",-,PRK,306,41,0,0,0,0,0
2003,-,Kuwait,-,KWT,615,104,0,0,0,0,0
2003,-,"Lao People's Dem. Rep.",-,LAO,10360,474,0,0,0,0,5
2003,-,Liberia,-,LBR,353340,6186,531616,0,0,0,0
2003,-,Libya,-,LBY,1553,898,0,0,0,0,0
2003,-,"Saint Lucia",-,LCA,16,272,0,0,0,0,0
2003,-,Lebanon,-,LBN,24929,2129,0,0,0,0,0
2003,-,Lesotho,-,LSO,5,5,0,0,0,0,0
2003,-,"Sri Lanka",-,LKA,122005,2966,386104,0,0,0,0
2003,-,Lithuania,-,LTU,1535,358,0,0,0,0,0
2003,-,Latvia,-,LVA,3173,198,0,0,0,0,0
2003,-,"China, Macao SAR",-,MAC,13,5,0,0,0,0,0
2003,-,Madagascar,-,MDG,86,29,0,0,0,0,0
2003,-,Mauritania,-,MRT,30518,2872,0,0,0,0,0
2003,-,"North Macedonia",-,MKD,5981,1171,0,0,0,0,0
2003,-,"Rep. of Moldova",-,MDA,11141,978,0,0,0,0,0
2003,-,Mexico,-,MEX,1650,26460,0,0,0,0,0
2003,-,Mali,-,MLI,456,222,0,0,0,0,3500
2003,-,Malaysia,-,MYS,235,325,0,0,0,0,0
2003,-,Malawi,-,MWI,60,1450,0,0,0,0,0
2003,-,Mongolia,-,MNG,324,693,0,0,0,0,0
2003,-,Morocco,-,MAR,1291,263,0,0,0,0,0
2003,-,Mozambique,-,MOZ,106,168,0,0,0,0,0
2003,-,Malta,-,MLT,6,8,0,0,0,0,0
2003,-,Mauritius,-,MUS,54,19,0,0,0,0,0
2003,-,Myanmar,-,MMR,151370,10560,0,0,0,0,4856
2003,-,Namibia,-,NAM,1289,185,0,0,0,0,0
2003,-,Nepal,-,NPL,1232,725,0,0,0,0,0
2003,-,"Netherlands (Kingdom of the)",-,NLD,38,90,0,0,0,0,0
2003,-,Niger,-,NER,716,452,0,0,0,0,0
2003,-,Nicaragua,-,NIC,3984,6855,0,0,0,0,0
2003,-,Nigeria,-,NGA,24414,14647,0,0,0,0,0
2003,-,Norway,-,NOR,5,0,0,0,0,0,0
2003,-,Nauru,-,NRU,5,0,0,0,0,0,0
2003,-,"New Zealand",-,NZL,0,5,0,0,0,0,0
2003,-,Oman,-,OMN,5,0,0,0,0,0,0
2003,-,Pakistan,-,PAK,24390,16839,0,0,0,0,0
2003,-,Panama,-,PAN,29,89,0,0,0,0,0
2003,-,Paraguay,-,PRY,34,50,0,0,0,0,0
2003,-,Peru,-,PER,5578,2769,0,0,0,0,0
2003,-,Philippines,-,PHL,409,1832,0,0,0,0,57197
2003,-,"Papua New Guinea",-,PNG,12,6,0,0,0,0,0
2003,-,Poland,-,POL,15211,904,0,0,0,0,0
2003,-,Portugal,-,PRT,54,392,0,0,0,0,0
2003,-,Qatar,-,QAT,14,14,0,0,0,0,0
2003,-,Romania,-,ROU,8384,2164,0,0,0,0,0
2003,-,"South Africa",-,ZAF,284,274,0,0,0,0,0
2003,-,"Russian Federation",-,RUS,96414,21031,368220,0,0,0,290689
2003,-,Rwanda,-,RWA,75258,10143,0,0,0,0,0
2003,-,"El Salvador",-,SLV,5658,128655,0,0,0,0,0
2003,-,"Saudi Arabia",-,SAU,232,99,0,0,0,0,0
2003,-,Senegal,-,SEN,8347,831,0,0,0,0,0
2003,-,Seychelles,-,SYC,37,13,0,0,0,0,0
2003,-,Singapore,-,SGP,35,20,0,0,0,0,0
2003,-,"Sierra Leone",-,SLE,70571,6907,0,0,0,0,0
2003,-,"Solomon Islands",-,SLB,61,15,0,0,0,0,0
2003,-,Somalia,-,SOM,402329,14772,0,0,0,0,2000
2003,-,Spain,-,ESP,51,40,0,0,0,0,0
2003,-,"Serbia and Kosovo: S/RES/1244 (1999)",-,SRB,296627,14236,251833,0,0,0,85000
2003,-,"Viet Nam",-,VNM,363170,1247,0,0,0,0,1691
2003,-,Stateless,-,XXA,13867,3492,0,0,0,0,206581
2003,-,"Saint Kitts and Nevis",-,KNA,0,5,0,0,0,0,0
2003,-,"Sao Tome and Principe",-,STP,41,0,0,0,0,0,0
2003,-,Sudan,-,SDN,606230,6675,0,0,0,0,0
2003,-,Suriname,-,SUR,67,33,0,0,0,0,0
2003,-,Slovakia,-,SVK,668,402,0,0,0,0,0
2003,-,Slovenia,-,SVN,608,25,0,0,0,0,0
2003,-,Eswatini,-,SWZ,0,10,0,0,0,0,0
2003,-,Sweden,-,SWE,35,24,0,0,0,0,0
2003,-,Switzerland,-,CHE,34,0,0,0,0,0,0
2003,-,"Syrian Arab Rep.",-,SYR,20816,3548,0,0,0,0,0
2003,-,"United Rep. of Tanzania",-,TZA,703,3562,0,0,0,0,0
2003,-,"Turks and Caicos Islands",-,TCA,0,5,0,0,0,0,0
2003,-,Thailand,-,THA,295,155,0,0,0,0,0
2003,-,Tibetan,-,TIB,20038,0,0,0,0,0,704
2003,-,Tajikistan,-,TJK,58935,200,0,0,0,0,0
2003,-,Turkmenistan,-,TKM,836,159,0,0,0,0,0
2003,-,Timor-Leste,-,TLS,127,5,0,0,0,0,837
2003,-,Togo,-,TGO,10609,5721,0,0,0,0,0
2003,-,Tonga,-,TON,11,38,0,0,0,0,0
2003,-,"Trinidad and Tobago",-,TTO,39,288,0,0,0,0,0
2003,-,Tunisia,-,TUN,2562,370,0,0,0,0,0
2003,-,Türkiye,-,TUR,185086,8527,0,0,0,0,0
2003,-,Tuvalu,-,TUV,5,0,0,0,0,0,0
2003,-,"United Arab Emirates",-,ARE,16,22,0,0,0,0,0
2003,-,Uganda,-,UGA,35240,2818,0,0,0,0,0
2003,-,"Unknown ",-,UNK,320112,229290,0,0,0,0,23759
2003,-,Ukraine,-,UKR,94141,2850,0,0,0,0,0
2003,-,Uruguay,-,URY,59,541,0,0,0,0,0
2003,-,"United States of America",-,USA,394,345,0,0,0,0,0
2003,-,Uzbekistan,-,UZB,7394,1524,0,0,0,0,430
2003,-,"Saint Vincent and the Grenadines",-,VCT,105,419,0,0,0,0,0
2003,-,"Venezuela (Bolivarian Republic of)",-,VEN,598,2016,0,0,0,0,0
2003,-,"Western Sahara",-,ESH,165729,19,0,0,0,0,26000
2003,-,Yemen,-,YEM,1588,474,0,0,0,0,0
2003,-,Zambia,-,ZMB,95,260,0,0,0,0,0
2003,-,Zimbabwe,-,ZWE,7154,3471,0,0,0,0,0
2004,-,Afghanistan,-,AFG,2414460,16983,159549,0,0,0,100062
2004,-,Albania,-,ALB,10474,3319,0,0,0,0,0
2004,-,Algeria,-,DZA,10650,1335,0,0,0,0,0
2004,-,Andorra,-,AND,0,5,0,0,0,0,0
2004,-,Angola,-,AGO,228842,9540,0,0,0,0,0
2004,-,"Antigua and Barbuda",-,ATG,13,13,0,0,0,0,0
2004,-,Egypt,-,EGY,5361,2242,0,0,0,0,0
2004,-,Argentina,-,ARG,789,500,0,0,0,0,0
2004,-,Armenia,-,ARM,13409,4044,0,0,0,0,0
2004,-,Australia,-,AUS,11,7,0,0,0,0,0
2004,-,Austria,-,AUT,44,5,0,0,0,0,0
2004,-,Azerbaijan,-,AZE,250584,3951,578545,0,0,0,0
2004,-,Bahrain,-,BHR,52,18,0,0,0,0,0
2004,-,Barbados,-,BRB,10,12,0,0,0,0,0
2004,-,Burundi,-,BDI,485753,7852,855,0,0,0,0
2004,-,Belgium,-,BEL,41,17,0,0,0,0,0
2004,-,Benin,-,BEN,299,211,0,0,0,0,0
2004,-,Bangladesh,-,BGD,5733,9339,0,0,0,0,0
2004,-,Bahamas,-,BHS,0,19,0,0,0,0,0
2004,-,Bhutan,-,BTN,105259,482,0,0,0,0,10000
2004,-,"Burkina Faso",-,BFA,575,112,0,0,0,0,0
2004,-,Belarus,-,BLR,8226,1403,0,0,0,0,0
2004,-,"Bolivia (Plurinational State of)",-,BOL,280,380,0,0,0,0,0
2004,-,Botswana,-,BWA,5,7,0,0,0,0,0
2004,-,Brazil,-,BRA,401,1011,0,0,0,0,0
2004,-,"Bosnia and Herzegovina",-,BIH,228813,1184,309240,0,0,0,0
2004,-,Bulgaria,-,BGR,2227,1222,0,0,0,0,0
2004,-,Belize,-,BLZ,6,23,0,0,0,0,0
2004,-,Cambodia,-,KHM,18109,501,0,0,0,0,0
2004,-,Canada,-,CAN,57,18,0,0,0,0,0
2004,-,"Central African Rep.",-,CAF,31056,1286,0,0,0,0,0
2004,-,Chad,-,TCD,52645,2540,0,0,0,0,0
2004,-,China,-,CHN,134708,19725,0,0,0,0,0
2004,-,Chile,-,CHL,1183,197,0,0,0,0,0
2004,-,Cameroon,-,CMR,7631,3722,0,0,0,0,0
2004,-,Congo,-,COG,28140,7141,0,0,0,0,0
2004,-,"Dem. Rep. of the Congo",-,COD,462186,50911,0,0,0,0,0
2004,-,Comoros,-,COM,52,517,0,0,0,0,0
2004,-,Colombia,-,COL,47380,21525,2000000,0,0,0,26350
2004,-,"Costa Rica",-,CRI,136,351,0,0,0,0,0
2004,-,Cuba,-,CUB,15671,1985,0,0,0,0,0
2004,-,"Cabo Verde",-,CPV,5,11,0,0,0,0,0
2004,-,Czechia,-,CZE,4528,167,0,0,0,0,0
2004,-,Denmark,-,DNK,10,5,0,0,0,0,0
2004,-,Djibouti,-,DJI,492,36,0,0,0,0,0
2004,-,Dominica,-,DMA,24,17,0,0,0,0,0
2004,-,"Dominican Rep.",-,DOM,93,146,0,0,0,0,0
2004,-,Ecuador,-,ECU,718,492,0,0,0,0,0
2004,-,"Equatorial Guinea",-,GNQ,540,50,0,0,0,0,0
2004,-,Eritrea,-,ERI,131108,2811,0,0,0,0,37416
2004,-,Estonia,-,EST,849,143,0,0,0,0,0
2004,-,Ethiopia,-,ETH,63153,13098,0,0,0,0,0
2004,-,Fiji,-,FJI,1280,520,0,0,0,0,0
2004,-,Finland,-,FIN,0,5,0,0,0,0,0
2004,-,France,-,FRA,112,55,0,0,0,0,0
2004,-,"Micronesia (Federated States of)",-,FSM,0,5,0,0,0,0,0
2004,-,Gabon,-,GAB,50,26,0,0,0,0,0
2004,-,Gambia,-,GMB,684,439,0,0,0,0,0
2004,-,"State of Palestine",-,PSE,349827,1024,0,0,0,0,6000
2004,-,"United Kingdom of Great Britain and Northern Ireland",-,GBR,141,46,0,0,0,0,0
2004,-,Georgia,-,GEO,6620,2783,237069,0,0,0,2809
2004,-,Germany,-,DEU,74,61,0,0,0,0,0
2004,-,Ghana,-,GHA,14759,1650,0,0,0,0,0
2004,-,Guinea-Bissau,-,GNB,1008,199,0,0,0,0,0
2004,-,Greece,-,GRC,221,32,0,0,0,0,0
2004,-,Grenada,-,GRD,98,121,0,0,0,0,0
2004,-,Guatemala,-,GTM,4374,58642,0,0,0,0,0
2004,-,Guinea,-,GIN,4777,2479,0,0,0,0,0
2004,-,Guyana,-,GUY,191,668,0,0,0,0,0
2004,-,Haiti,-,HTI,9209,16266,0,0,0,0,0
2004,-,"China, Hong Kong SAR",-,HKG,7,10,0,0,0,0,0
2004,-,Honduras,-,HND,485,1265,0,0,0,0,0
2004,-,Croatia,-,HRV,215480,355,7540,0,0,0,0
2004,-,Hungary,-,HUN,2747,597,0,0,0,0,0
2004,-,Iceland,-,ISL,8,6,0,0,0,0,0
2004,-,"Cote d'Ivoire",-,CIV,23649,4742,38039,0,0,0,0
2004,-,India,-,IND,13335,11708,0,0,0,0,0
2004,-,Indonesia,-,IDN,27919,5771,0,0,0,0,16176
2004,-,Ireland,-,IRL,5,5,0,0,0,0,0
2004,-,"Iran (Islamic Rep. of)",-,IRN,115171,9519,0,0,0,0,0
2004,-,Iraq,-,IRQ,311889,30619,0,0,0,0,16139
2004,-,Israel,-,ISR,669,760,0,0,0,0,0
2004,-,Italy,-,ITA,192,23,0,0,0,0,0
2004,-,Jamaica,-,JAM,350,285,0,0,0,0,0
2004,-,Jordan,-,JOR,1158,703,0,0,0,0,0
2004,-,Japan,-,JPN,19,70,0,0,0,0,0
2004,-,Kazakhstan,-,KAZ,6124,656,0,0,0,0,0
2004,-,Kenya,-,KEN,3842,11209,0,0,0,0,0
2004,-,Kyrgyzstan,-,KGZ,3286,474,0,0,0,0,0
2004,-,Kiribati,-,KIR,31,0,0,0,0,0,0
2004,-,"Rep. of Korea",-,KOR,269,307,0,0,0,0,0
2004,-,"Dem. People's Rep. of Korea",-,PRK,344,64,0,0,0,0,0
2004,-,Kuwait,-,KWT,391,89,0,0,0,0,0
2004,-,"Lao People's Dem. Rep.",-,LAO,16114,471,0,0,0,0,5
2004,-,Liberia,-,LBR,335466,7587,498566,0,0,0,0
2004,-,Libya,-,LBY,1696,811,0,0,0,0,0
2004,-,"Saint Lucia",-,LCA,32,149,0,0,0,0,0
2004,-,Lebanon,-,LBN,19854,1610,0,0,0,0,0
2004,-,Lesotho,-,LSO,5,10,0,0,0,0,0
2004,-,"Sri Lanka",-,LKA,114050,3114,351884,0,0,0,0
2004,-,Lithuania,-,LTU,1470,202,0,0,0,0,0
2004,-,Latvia,-,LVA,2822,148,0,0,0,0,0
2004,-,"China, Macao SAR",-,MAC,18,5,0,0,0,0,0
2004,-,Madagascar,-,MDG,132,14,0,0,0,0,0
2004,-,Mauritania,-,MRT,31104,2573,0,0,0,0,0
2004,-,"North Macedonia",-,MKD,5106,695,0,0,0,0,0
2004,-,"Rep. of Moldova",-,MDA,11936,615,0,0,0,0,0
2004,-,Maldives,-,MDV,0,5,0,0,0,0,0
2004,-,Mexico,-,MEX,1740,18831,0,0,0,0,0
2004,-,Mali,-,MLI,476,191,0,0,0,0,3500
2004,-,Malaysia,-,MYS,287,175,0,0,0,0,0
2004,-,Malawi,-,MWI,95,2937,0,0,0,0,0
2004,-,Mongolia,-,MNG,443,561,0,0,0,0,0
2004,-,Morocco,-,MAR,1313,251,0,0,0,0,0
2004,-,Mozambique,-,MOZ,94,310,0,0,0,0,0
2004,-,Malta,-,MLT,0,5,0,0,0,0,0
2004,-,Mauritius,-,MUS,15,11,0,0,0,0,0
2004,-,Myanmar,-,MMR,160997,10503,0,0,0,0,1005
2004,-,Namibia,-,NAM,1307,184,0,0,0,0,0
2004,-,Nepal,-,NPL,1414,1309,0,0,0,0,0
2004,-,"Netherlands (Kingdom of the)",-,NLD,45,115,0,0,0,0,0
2004,-,Niger,-,NER,676,351,0,0,0,0,0
2004,-,Nicaragua,-,NIC,1822,6243,0,0,0,0,0
2004,-,Nigeria,-,NGA,23882,13254,0,0,0,0,0
2004,-,Norway,-,NOR,5,5,0,0,0,0,0
2004,-,"New Zealand",-,NZL,0,5,0,0,0,0,0
2004,-,Oman,-,OMN,16,0,0,0,0,0,0
2004,-,Pakistan,-,PAK,25943,15796,0,0,0,0,0
2004,-,Panama,-,PAN,38,70,0,0,0,0,0
2004,-,Paraguay,-,PRY,34,42,0,0,0,0,0
2004,-,Peru,-,PER,4767,2103,0,0,0,0,0
2004,-,Philippines,-,PHL,428,980,0,0,0,0,61314
2004,-,"Papua New Guinea",-,PNG,12,0,0,0,0,0,0
2004,-,Poland,-,POL,10683,569,0,0,0,0,0
2004,-,Portugal,-,PRT,43,212,0,0,0,0,0
2004,-,Qatar,-,QAT,10,0,0,0,0,0,0
2004,-,Romania,-,ROU,6043,1339,0,0,0,0,0
2004,-,"South Africa",-,ZAF,261,542,0,0,0,0,0
2004,-,"Russian Federation",-,RUS,108096,13000,334796,0,0,0,192584
2004,-,Rwanda,-,RWA,63792,5354,0,0,0,0,0
2004,-,"El Salvador",-,SLV,4497,91767,0,0,0,0,0
2004,-,"Saudi Arabia",-,SAU,212,83,0,0,0,0,0
2004,-,Senegal,-,SEN,8325,1544,0,0,0,0,0
2004,-,Seychelles,-,SYC,47,10,0,0,0,0,0
2004,-,Singapore,-,SGP,36,15,0,0,0,0,0
2004,-,"Sierra Leone",-,SLE,41797,8119,0,0,0,0,0
2004,-,"Solomon Islands",-,SLB,61,10,0,0,0,0,0
2004,-,Somalia,-,SOM,389287,20517,0,0,0,0,2010
2004,-,Spain,-,ESP,53,28,0,0,0,0,0
2004,-,"Serbia and Kosovo: S/RES/1244 (1999)",-,SRB,237015,9646,248154,0,0,0,85000
2004,-,"Viet Nam",-,VNM,349793,1075,0,0,0,0,1829
2004,-,Stateless,-,XXA,13883,3153,0,0,1455861,0,0
2004,-,"Sao Tome and Principe",-,STP,36,0,0,0,0,0,0
2004,-,Sudan,-,SDN,730631,11950,662302,0,0,0,0
2004,-,Suriname,-,SUR,47,28,0,0,0,0,0
2004,-,Slovakia,-,SVK,618,212,0,0,0,0,0
2004,-,Slovenia,-,SVN,580,11,0,0,0,0,0
2004,-,Eswatini,-,SWZ,6,10,0,0,0,0,0
2004,-,Sweden,-,SWE,30,7,0,0,0,0,0
2004,-,Switzerland,-,CHE,11,0,0,0,0,0,0
2004,-,"Syrian Arab Rep.",-,SYR,21430,3781,0,0,0,0,0
2004,-,"United Rep. of Tanzania",-,TZA,982,4339,0,0,0,0,0
2004,-,Thailand,-,THA,320,90,0,0,0,0,0
2004,-,Tibetan,-,TIB,20038,0,0,0,0,0,737
2004,-,Tajikistan,-,TJK,56776,157,0,0,0,0,0
2004,-,Turkmenistan,-,TKM,815,180,0,0,0,0,0
2004,-,Timor-Leste,-,TLS,221,0,0,0,0,0,0
2004,-,Togo,-,TGO,10818,5456,0,0,0,0,0
2004,-,Tonga,-,TON,5,13,0,0,0,0,0
2004,-,"Trinidad and Tobago",-,TTO,38,172,0,0,0,0,0
2004,-,Tunisia,-,TUN,2511,343,0,0,0,0,0
2004,-,Türkiye,-,TUR,174572,5282,0,0,0,0,0
2004,-,Tuvalu,-,TUV,5,0,0,0,0,0,0
2004,-,"United Arab Emirates",-,ARE,69,5,0,0,0,0,0
2004,-,Uganda,-,UGA,31955,3202,0,0,0,0,0
2004,-,"Unknown ",-,UNK,351195,225548,0,0,0,0,7676
2004,-,Ukraine,-,UKR,89582,2642,0,0,0,0,0
2004,-,Uruguay,-,URY,76,129,0,0,0,0,0
2004,-,"United States of America",-,USA,451,266,0,0,0,0,0
2004,-,Uzbekistan,-,UZB,7292,1332,0,0,0,0,430
2004,-,"Saint Vincent and the Grenadines",-,VCT,181,213,0,0,0,0,0
2004,-,"Venezuela (Bolivarian Republic of)",-,VEN,1251,2682,0,0,0,0,0
2004,-,"Western Sahara",-,ESH,165728,13,0,0,0,0,26000
2004,-,Yemen,-,YEM,1599,338,0,0,0,0,0
2004,-,Zambia,-,ZMB,119,373,0,0,0,0,0
2004,-,Zimbabwe,-,ZWE,9557,9398,0,0,0,0,0
2005,-,Afghanistan,-,AFG,2166139,14023,142505,0,0,0,100356
2005,-,Albania,-,ALB,12718,2572,0,0,0,0,0
2005,-,Algeria,-,DZA,12024,1381,0,0,0,0,0
2005,-,Andorra,-,AND,10,5,0,0,0,0,0
2005,-,Angola,-,AGO,215811,8336,0,0,0,0,0
2005,-,"Antigua and Barbuda",-,ATG,13,7,0,0,0,0,0
2005,-,Egypt,-,EGY,6288,2327,0,0,0,0,0
2005,-,Argentina,-,ARG,850,285,0,0,0,0,0
2005,-,Armenia,-,ARM,13965,4339,0,0,0,0,0
2005,-,Australia,-,AUS,41,0,0,0,0,0,0
2005,-,Austria,-,AUT,62,0,0,0,0,0,0
2005,-,Azerbaijan,-,AZE,233678,4121,578545,0,0,0,0
2005,-,Bahrain,-,BHR,40,22,0,0,0,0,0
2005,-,Barbados,-,BRB,8,18,0,0,0,0,0
2005,-,Burundi,-,BDI,438695,8260,11500,0,0,0,0
2005,-,Belgium,-,BEL,95,20,0,0,0,0,0
2005,-,Benin,-,BEN,402,272,0,0,0,0,0
2005,-,Bermuda,-,BMU,0,5,0,0,0,0,0
2005,-,Bangladesh,-,BGD,7303,10156,0,0,0,0,0
2005,-,Bahamas,-,BHS,0,18,0,0,0,0,0
2005,-,Bhutan,-,BTN,106539,1105,0,0,0,0,10000
2005,-,"Burkina Faso",-,BFA,602,199,0,0,0,0,0
2005,-,Belarus,-,BLR,8849,1425,0,0,0,0,0
2005,-,"Bolivia (Plurinational State of)",-,BOL,263,352,0,0,0,0,0
2005,-,Botswana,-,BWA,0,8,0,0,0,0,0
2005,-,Brazil,-,BRA,370,590,0,0,0,0,0
2005,-,"Brunei Darussalam",-,BRN,47,0,0,0,0,0,0
2005,-,"Bosnia and Herzegovina",-,BIH,109931,1816,182747,0,0,0,0
2005,-,Bulgaria,-,BGR,4250,1212,0,0,0,0,0
2005,-,Belize,-,BLZ,5,24,0,0,0,0,0
2005,-,Cambodia,-,KHM,17804,856,0,0,0,0,5
2005,-,Canada,-,CAN,120,35,0,0,0,0,0
2005,-,"Central African Rep.",-,CAF,42875,1839,0,0,0,0,0
2005,-,Chad,-,TCD,48389,3109,0,0,0,0,3000
2005,-,China,-,CHN,124086,19378,0,0,0,0,0
2005,-,Chile,-,CHL,929,81,0,0,0,0,0
2005,-,Cameroon,-,CMR,9096,4856,0,0,0,0,0
2005,-,Congo,-,COG,24428,8168,0,0,0,0,0
2005,-,"Dem. Rep. of the Congo",-,COD,430919,55950,0,0,0,0,0
2005,-,Comoros,-,COM,64,509,0,0,0,0,0
2005,-,Colombia,-,COL,60447,19744,2000000,0,0,0,459900
2005,-,"Costa Rica",-,CRI,176,133,0,0,0,0,0
2005,-,Cuba,-,CUB,19003,1671,0,0,0,0,0
2005,-,"Cabo Verde",-,CPV,0,14,0,0,0,0,0
2005,-,Cyprus,-,CYP,5,0,0,0,0,0,0
2005,-,Czechia,-,CZE,3589,203,0,0,0,0,0
2005,-,Denmark,-,DNK,10,5,0,0,0,0,0
2005,-,Djibouti,-,DJI,498,215,0,0,0,0,0
2005,-,Dominica,-,DMA,30,46,0,0,0,0,0
2005,-,"Dominican Rep.",-,DOM,62,77,0,0,0,0,0
2005,-,Ecuador,-,ECU,772,274,0,0,0,0,0
2005,-,"Equatorial Guinea",-,GNQ,478,50,0,0,0,0,0
2005,-,Eritrea,-,ERI,144062,4016,0,0,0,0,36110
2005,-,Estonia,-,EST,738,132,0,0,0,0,0
2005,-,Ethiopia,-,ETH,65447,16216,0,0,0,0,5
2005,-,Fiji,-,FJI,1376,370,0,0,0,0,0
2005,-,Finland,-,FIN,5,5,0,0,0,0,0
2005,-,"New Caledonia",-,NCL,0,7,0,0,0,0,0
2005,-,France,-,FRA,286,54,0,0,0,0,0
2005,-,Gabon,-,GAB,78,55,0,0,0,0,0
2005,-,Gambia,-,GMB,1680,659,0,0,0,0,0
2005,-,"State of Palestine",-,PSE,349663,1053,0,0,0,0,6000
2005,-,"United Kingdom of Great Britain and Northern Ireland",-,GBR,134,57,0,0,0,0,0
2005,-,Georgia,-,GEO,7289,3005,234249,0,0,0,2809
2005,-,Germany,-,DEU,75,65,0,0,0,0,0
2005,-,Ghana,-,GHA,18421,2327,0,0,0,0,0
2005,-,Guinea-Bissau,-,GNB,1042,243,0,0,0,0,0
2005,-,Greece,-,GRC,333,43,0,0,0,0,0
2005,-,Grenada,-,GRD,151,101,0,0,0,0,0
2005,-,Guatemala,-,GTM,3376,31848,0,0,0,0,0
2005,-,Guinea,-,GIN,5816,3268,0,0,0,0,0
2005,-,Guyana,-,GUY,405,385,0,0,0,0,0
2005,-,Haiti,-,HTI,13538,13515,0,0,0,0,0
2005,-,"China, Hong Kong SAR",-,HKG,0,19,0,0,0,0,0
2005,-,Honduras,-,HND,536,1225,0,0,0,0,0
2005,-,Croatia,-,HRV,119154,208,4804,0,0,0,0
2005,-,Hungary,-,HUN,3516,254,0,0,0,0,0
2005,-,Iceland,-,ISL,10,0,0,0,0,0,0
2005,-,"Cote d'Ivoire",-,CIV,18333,6348,38039,0,0,0,0
2005,-,India,-,IND,16275,12169,0,0,0,0,0
2005,-,Indonesia,-,IDN,34383,4492,0,0,0,0,224
2005,-,Ireland,-,IRL,23,0,0,0,0,0,0
2005,-,"Iran (Islamic Rep. of)",-,IRN,99430,12879,0,0,0,0,0
2005,-,Iraq,-,IRQ,262302,34438,1200000,0,0,0,16273
2005,-,Israel,-,ISR,624,620,0,0,0,0,0
2005,-,Italy,-,ITA,219,20,0,0,0,0,0
2005,-,Jamaica,-,JAM,489,288,0,0,0,0,0
2005,-,Jordan,-,JOR,1778,663,0,0,0,0,0
2005,-,Japan,-,JPN,10,51,0,0,0,0,0
2005,-,Kazakhstan,-,KAZ,4321,605,0,0,0,0,0
2005,-,Kenya,-,KEN,4638,11431,0,0,0,0,0
2005,-,Kyrgyzstan,-,KGZ,3127,362,0,0,0,0,0
2005,-,Kiribati,-,KIR,31,5,0,0,0,0,0
2005,-,"Rep. of Korea",-,KOR,266,321,0,0,0,0,0
2005,-,"Dem. People's Rep. of Korea",-,PRK,287,67,0,0,0,0,0
2005,-,Kuwait,-,KWT,374,65,0,0,0,0,0
2005,-,"Lao People's Dem. Rep.",-,LAO,24441,346,0,0,0,0,5
2005,-,Liberia,-,LBR,231136,5975,237822,0,0,0,0
2005,-,Libya,-,LBY,1556,763,0,0,0,0,0
2005,-,"Saint Lucia",-,LCA,96,200,0,0,0,0,0
2005,-,Lebanon,-,LBN,18325,2004,0,0,0,0,11
2005,-,Lesotho,-,LSO,0,6,0,0,0,0,0
2005,-,"Sri Lanka",-,LKA,108132,4242,324699,0,0,0,0
2005,-,Lithuania,-,LTU,1440,181,0,0,0,0,0
2005,-,Latvia,-,LVA,2428,118,0,0,0,0,0
2005,-,"China, Macao SAR",-,MAC,8,5,0,0,0,0,0
2005,-,Madagascar,-,MDG,201,15,0,0,0,0,0
2005,-,Mauritania,-,MRT,31650,2297,0,0,0,0,0
2005,-,"North Macedonia",-,MKD,8603,702,0,0,0,0,0
2005,-,Monaco,-,MCO,0,5,0,0,0,0,0
2005,-,"Rep. of Moldova",-,MDA,12065,569,0,0,0,0,0
2005,-,Maldives,-,MDV,10,0,0,0,0,0,0
2005,-,Mexico,-,MEX,2309,12614,0,0,0,0,0
2005,-,Mali,-,MLI,512,339,0,0,0,0,3500
2005,-,Malaysia,-,MYS,388,184,0,0,0,0,0
2005,-,Malawi,-,MWI,98,3846,0,0,0,0,0
2005,-,Mongolia,-,MNG,655,645,0,0,0,0,0
2005,-,Morocco,-,MAR,2914,449,0,0,0,0,0
2005,-,Mozambique,-,MOZ,93,366,0,0,0,0,0
2005,-,Mauritius,-,MUS,22,17,0,0,0,0,0
2005,-,Myanmar,-,MMR,164851,41127,0,0,0,0,11
2005,-,Namibia,-,NAM,1221,40,0,0,0,0,0
2005,-,Nepal,-,NPL,2061,2417,0,0,0,0,0
2005,-,"Netherlands (Kingdom of the)",-,NLD,155,40,0,0,0,0,0
2005,-,Niger,-,NER,642,581,0,0,0,0,0
2005,-,Nicaragua,-,NIC,1463,4423,0,0,0,0,0
2005,-,Nigeria,-,NGA,22123,14015,0,0,0,0,0
2005,-,Norway,-,NOR,12,0,0,0,0,0,0
2005,-,"New Zealand",-,NZL,5,5,0,0,0,0,0
2005,-,Oman,-,OMN,10,0,0,0,0,0,0
2005,-,Pakistan,-,PAK,29906,16438,0,0,0,0,0
2005,-,Panama,-,PAN,41,59,0,0,0,0,0
2005,-,Paraguay,-,PRY,42,31,0,0,0,0,0
2005,-,Peru,-,PER,4863,1637,0,0,0,0,0
2005,-,Philippines,-,PHL,464,862,0,0,0,0,61314
2005,-,"Papua New Guinea",-,PNG,20,17,0,0,0,0,0
2005,-,Poland,-,POL,19642,603,0,0,0,0,0
2005,-,Portugal,-,PRT,74,122,0,0,0,0,0
2005,-,Qatar,-,QAT,6,5,0,0,0,0,0
2005,-,Romania,-,ROU,11495,1135,0,0,0,0,0
2005,-,"South Africa",-,ZAF,259,153,0,0,0,0,0
2005,-,"Russian Federation",-,RUS,103037,14303,170544,0,0,0,133278
2005,-,Rwanda,-,RWA,100252,15857,0,0,0,0,0
2005,-,"El Salvador",-,SLV,4283,45203,0,0,0,0,0
2005,-,"Saudi Arabia",-,SAU,146,65,0,0,0,0,0
2005,-,Senegal,-,SEN,8662,1833,0,0,0,0,0
2005,-,Seychelles,-,SYC,39,8,0,0,0,0,0
2005,-,Singapore,-,SGP,35,22,0,0,0,0,0
2005,-,"Sierra Leone",-,SLE,40473,5925,0,0,0,0,0
2005,-,"San Marino",-,SMR,0,5,0,0,0,0,0
2005,-,"Solomon Islands",-,SLB,27,10,0,0,0,0,0
2005,-,Somalia,-,SOM,395544,30466,400000,0,0,0,2024
2005,-,Spain,-,ESP,49,20,0,0,0,0,0
2005,-,"Serbia and Kosovo: S/RES/1244 (1999)",-,SRB,189985,18133,246391,0,0,0,85000
2005,-,"Viet Nam",-,VNM,358268,1699,0,0,0,0,797
2005,-,Stateless,-,XXA,12280,1934,0,0,2383651,0,0
2005,-,"Saint Kitts and Nevis",-,KNA,31,0,0,0,0,0,0
2005,-,"Sao Tome and Principe",-,STP,23,0,0,0,0,0,0
2005,-,Sudan,-,SDN,693621,13461,841946,0,0,0,0
2005,-,Suriname,-,SUR,26,21,0,0,0,0,0
2005,-,Slovakia,-,SVK,787,201,0,0,0,0,0
2005,-,Slovenia,-,SVN,154,19,0,0,0,0,0
2005,-,Eswatini,-,SWZ,12,5,0,0,0,0,0
2005,-,Sweden,-,SWE,75,10,0,0,0,0,0
2005,-,Switzerland,-,CHE,14,0,0,0,0,0,0
2005,-,"Syrian Arab Rep.",-,SYR,16395,6992,0,0,0,0,0
2005,-,"United Rep. of Tanzania",-,TZA,1542,5236,0,0,0,0,0
2005,-,Thailand,-,THA,424,214,0,0,0,0,7
2005,-,Tibetan,-,TIB,20198,8,0,0,0,0,928
2005,-,Tajikistan,-,TJK,54753,152,0,0,0,0,0
2005,-,Turkmenistan,-,TKM,818,170,0,0,0,0,0
2005,-,Timor-Leste,-,TLS,251,0,0,0,0,0,0
2005,-,Togo,-,TGO,51092,7466,3000,0,0,0,0
2005,-,Tonga,-,TON,0,6,0,0,0,0,0
2005,-,"Trinidad and Tobago",-,TTO,61,209,0,0,0,0,0
2005,-,Tunisia,-,TUN,3120,357,0,0,0,0,0
2005,-,Türkiye,-,TUR,170557,11310,0,0,0,0,0
2005,-,"United Arab Emirates",-,ARE,31,15,0,0,0,0,0
2005,-,Uganda,-,UGA,34208,4297,0,0,0,0,0
2005,-,"Unknown ",-,UNK,187212,125969,0,0,0,0,12802
2005,-,Ukraine,-,UKR,84223,2664,0,0,0,0,0
2005,-,Uruguay,-,URY,107,63,0,0,0,0,0
2005,-,"United States of America",-,USA,676,255,0,0,0,0,0
2005,-,Uzbekistan,-,UZB,8322,1465,0,0,0,0,0
2005,-,"Saint Vincent and the Grenadines",-,VCT,279,353,0,0,0,0,0
2005,-,"Venezuela (Bolivarian Republic of)",-,VEN,2581,2816,0,0,0,0,0
2005,-,"Western Sahara",-,ESH,90650,20,0,0,0,0,26000
2005,-,Yemen,-,YEM,1322,411,0,0,0,0,0
2005,-,Zambia,-,ZMB,146,478,0,0,0,0,0
2005,-,Zimbabwe,-,ZWE,11246,17330,0,0,0,0,0
2006,-,Afghanistan,-,AFG,2107510,14959,129310,0,0,0,100372
2006,-,Albania,-,ALB,14079,2279,0,0,0,0,0
2006,-,Algeria,-,DZA,8338,1531,0,0,0,0,0
2006,-,Andorra,-,AND,10,0,0,0,0,0,0
2006,-,Angola,-,AGO,206482,1577,0,0,0,0,0
2006,-,"Antigua and Barbuda",-,ATG,18,8,0,0,0,0,0
2006,-,Egypt,-,EGY,7608,1675,0,0,0,0,0
2006,-,Argentina,-,ARG,888,176,0,0,0,0,0
2006,-,Armenia,-,ARM,14913,5401,0,0,0,0,0
2006,-,Australia,-,AUS,29,5,0,0,0,0,0
2006,-,Austria,-,AUT,30,16,0,0,0,0,0
2006,-,Azerbaijan,-,AZE,126068,3095,686586,0,0,0,0
2006,-,Bahrain,-,BHR,56,14,0,0,0,0,0
2006,-,Barbados,-,BRB,28,37,0,0,0,0,0
2006,-,Burundi,-,BDI,396533,5519,13850,0,0,0,0
2006,-,Belgium,-,BEL,63,35,0,0,0,0,0
2006,-,Benin,-,BEN,207,154,0,0,0,0,0
2006,-,Bangladesh,-,BGD,7796,4009,0,0,0,0,0
2006,-,Bahamas,-,BHS,12,22,0,0,0,0,0
2006,-,Bhutan,-,BTN,108069,1453,0,0,0,0,10000
2006,-,"Burkina Faso",-,BFA,373,193,0,0,0,0,0
2006,-,Belarus,-,BLR,9368,1698,0,0,0,0,0
2006,-,"Bolivia (Plurinational State of)",-,BOL,371,424,0,0,0,0,0
2006,-,Botswana,-,BWA,10,27,0,0,0,0,0
2006,-,Brazil,-,BRA,703,429,0,0,0,0,0
2006,-,"Bosnia and Herzegovina",-,BIH,199948,1685,135500,0,0,0,0
2006,-,Bulgaria,-,BGR,3431,821,0,0,0,0,0
2006,-,Belize,-,BLZ,13,14,0,0,0,0,0
2006,-,Cambodia,-,KHM,17963,668,0,0,0,0,0
2006,-,Canada,-,CAN,94,44,0,0,0,0,0
2006,-,"Central African Rep.",-,CAF,71669,2108,147000,0,0,0,0
2006,-,Chad,-,TCD,36286,3430,112686,0,0,0,0
2006,-,China,-,CHN,140584,17278,0,0,0,0,0
2006,-,Chile,-,CHL,798,83,0,0,0,0,0
2006,-,Cameroon,-,CMR,10373,3382,0,0,0,0,0
2006,-,Congo,-,COG,20599,4864,3492,0,0,0,0
2006,-,"Dem. Rep. of the Congo",-,COD,401908,29211,1075297,0,0,0,0
2006,-,Comoros,-,COM,73,5,0,0,0,0,0
2006,-,Colombia,-,COL,72793,21914,3000000,0,0,0,467000
2006,-,"Costa Rica",-,CRI,283,74,0,0,0,0,0
2006,-,Cuba,-,CUB,33580,1321,0,0,0,0,0
2006,-,"Cabo Verde",-,CPV,34,10,0,0,0,0,0
2006,-,Cyprus,-,CYP,5,0,0,0,0,0,0
2006,-,Czechia,-,CZE,2136,181,0,0,0,0,0
2006,-,Denmark,-,DNK,10,5,0,0,0,0,0
2006,-,Djibouti,-,DJI,479,106,0,0,0,0,0
2006,-,Dominica,-,DMA,49,17,0,0,0,0,0
2006,-,"Dominican Rep.",-,DOM,141,123,0,0,0,0,0
2006,-,Ecuador,-,ECU,878,264,0,0,0,0,0
2006,-,"Equatorial Guinea",-,GNQ,460,27,0,0,0,0,0
2006,-,Eritrea,-,ERI,193738,5023,0,0,0,0,32
2006,-,Estonia,-,EST,622,123,0,0,0,0,0
2006,-,Ethiopia,-,ETH,74007,16670,0,0,0,0,0
2006,-,Fiji,-,FJI,1681,253,0,0,0,0,0
2006,-,Finland,-,FIN,10,0,0,0,0,0,0
2006,-,France,-,FRA,79,35,0,0,0,0,0
2006,-,Gabon,-,GAB,96,40,0,0,0,0,0
2006,-,Gambia,-,GMB,1249,1006,0,0,0,0,0
2006,-,"State of Palestine",-,PSE,334127,1386,0,0,0,0,6000
2006,-,"United Kingdom of Great Britain and Northern Ireland",-,GBR,170,43,0,0,0,0,0
2006,-,Georgia,-,GEO,6337,4375,245980,0,0,0,66067
2006,-,Germany,-,DEU,114,80,0,0,0,0,0
2006,-,Ghana,-,GHA,9949,1132,0,0,0,0,0
2006,-,Guinea-Bissau,-,GNB,1000,285,0,0,0,0,0
2006,-,Greece,-,GRC,93,23,0,0,0,0,0
2006,-,Grenada,-,GRD,199,41,0,0,0,0,0
2006,-,Guatemala,-,GTM,6493,20532,0,0,0,0,0
2006,-,Guinea,-,GIN,6830,2658,0,0,0,0,0
2006,-,Guyana,-,GUY,535,300,0,0,0,0,0
2006,-,Haiti,-,HTI,20834,10540,0,0,0,0,0
2006,-,"China, Hong Kong SAR",-,HKG,8,18,0,0,0,0,0
2006,-,Honduras,-,HND,1035,1356,0,0,0,0,0
2006,-,Croatia,-,HRV,93768,217,3975,0,0,0,0
2006,-,Hungary,-,HUN,3117,200,0,0,0,0,0
2006,-,Iceland,-,ISL,32,0,0,0,0,0,0
2006,-,"Cote d'Ivoire",-,CIV,26304,6377,709228,0,0,0,0
2006,-,India,-,IND,17797,6745,0,0,0,0,0
2006,-,Indonesia,-,IDN,34722,3267,0,0,0,0,0
2006,-,Ireland,-,IRL,5,0,0,0,0,0,0
2006,-,"Iran (Islamic Rep. of)",-,IRN,102479,13707,0,0,0,0,0
2006,-,Iraq,-,IRQ,1450908,47294,1834368,0,0,0,16123
2006,-,Israel,-,ISR,876,939,0,0,0,0,0
2006,-,Italy,-,ITA,106,13,0,0,0,0,0
2006,-,Jamaica,-,JAM,661,270,0,0,0,0,0
2006,-,Jordan,-,JOR,1592,758,0,0,0,0,0
2006,-,Japan,-,JPN,166,32,0,0,0,0,0
2006,-,Kazakhstan,-,KAZ,7374,656,0,0,0,0,0
2006,-,Kenya,-,KEN,5356,1075,0,0,0,0,0
2006,-,Kyrgyzstan,-,KGZ,2493,583,0,0,0,0,0
2006,-,Kiribati,-,KIR,39,5,0,0,0,0,0
2006,-,"Rep. of Korea",-,KOR,1333,308,0,0,0,0,0
2006,-,"Dem. People's Rep. of Korea",-,PRK,394,95,0,0,0,0,0
2006,-,Kuwait,-,KWT,610,123,0,0,0,0,0
2006,-,"Lao People's Dem. Rep.",-,LAO,26445,283,0,0,0,0,5
2006,-,Liberia,-,LBR,160543,5000,0,0,0,0,0
2006,-,Libya,-,LBY,1557,657,0,0,0,0,0
2006,-,"Saint Lucia",-,LCA,163,144,0,0,0,0,0
2006,-,Lebanon,-,LBN,12249,3160,200000,0,0,0,0
2006,-,Lesotho,-,LSO,5,5,0,0,0,0,0
2006,-,"Sri Lanka",-,LKA,116948,4724,469165,0,0,0,0
2006,-,Lithuania,-,LTU,936,152,0,0,0,0,0
2006,-,Latvia,-,LVA,1424,100,0,0,0,0,0
2006,-,"China, Macao SAR",-,MAC,8,5,0,0,0,0,0
2006,-,Madagascar,-,MDG,258,22,0,0,0,0,0
2006,-,Mauritania,-,MRT,33420,1795,0,0,0,0,0
2006,-,"North Macedonia",-,MKD,7937,1604,0,0,0,0,0
2006,-,Monaco,-,MCO,0,5,0,0,0,0,0
2006,-,"Rep. of Moldova",-,MDA,11680,1272,0,0,0,0,0
2006,-,Maldives,-,MDV,15,0,0,0,0,0,0
2006,-,Mexico,-,MEX,3301,11816,0,0,0,0,0
2006,-,Mali,-,MLI,586,411,0,0,0,0,3500
2006,-,Malaysia,-,MYS,575,135,0,0,0,0,0
2006,-,Malawi,-,MWI,112,43,0,0,0,0,0
2006,-,Montenegro,-,MNE,136,123,16196,0,0,0,0
2006,-,Mongolia,-,MNG,866,1853,0,0,0,0,0
2006,-,Morocco,-,MAR,4699,582,0,0,0,0,0
2006,-,Mozambique,-,MOZ,216,6,0,0,0,0,0
2006,-,Malta,-,MLT,25,5,0,0,0,0,0
2006,-,Mauritius,-,MUS,75,21,0,0,0,0,0
2006,-,Myanmar,-,MMR,202817,26311,58500,0,0,0,0
2006,-,Namibia,-,NAM,1196,14,0,0,0,0,0
2006,-,Nepal,-,NPL,2651,2424,100000,0,0,0,0
2006,-,"Netherlands (Kingdom of the)",-,NLD,41,38,0,0,0,0,0
2006,-,Niger,-,NER,803,470,0,0,0,0,0
2006,-,Nicaragua,-,NIC,1827,2300,0,0,0,0,0
2006,-,Nigeria,-,NGA,13242,8361,0,0,0,0,0
2006,-,"New Zealand",-,NZL,7,5,0,0,0,0,0
2006,-,Oman,-,OMN,37,0,0,0,0,0,0
2006,-,Pakistan,-,PAK,25636,6763,0,0,0,0,0
2006,-,Panama,-,PAN,72,18,0,0,0,0,0
2006,-,Paraguay,-,PRY,103,36,0,0,0,0,0
2006,-,Peru,-,PER,6977,1923,0,0,0,0,0
2006,-,Philippines,-,PHL,888,791,0,0,0,0,61314
2006,-,"Papua New Guinea",-,PNG,27,6,0,0,0,0,0
2006,-,Poland,-,POL,13508,372,0,0,0,0,0
2006,-,Portugal,-,PRT,25,45,0,0,0,0,0
2006,-,Qatar,-,QAT,48,5,0,0,0,0,0
2006,-,Romania,-,ROU,7224,1323,0,0,0,0,0
2006,-,"South Africa",-,ZAF,501,149,0,0,0,0,0
2006,-,"Russian Federation",-,RUS,159383,19057,158905,0,0,0,132184
2006,-,Rwanda,-,RWA,92956,8614,0,0,0,0,0
2006,-,"El Salvador",-,SLV,6390,28779,0,0,0,0,0
2006,-,"Saudi Arabia",-,SAU,609,42,0,0,0,0,0
2006,-,Senegal,-,SEN,15150,1229,0,0,0,0,0
2006,-,Seychelles,-,SYC,61,5,0,0,0,0,0
2006,-,Singapore,-,SGP,108,11,0,0,0,0,0
2006,-,"Sierra Leone",-,SLE,42849,5624,0,0,0,0,0
2006,-,"Solomon Islands",-,SLB,37,26,0,0,0,0,0
2006,-,Somalia,-,SOM,464026,22010,400000,0,0,0,2000
2006,-,Spain,-,ESP,2442,14,0,0,0,0,0
2006,-,"Serbia and Kosovo: S/RES/1244 (1999)",-,SRB,174022,19046,227590,0,0,0,85479
2006,-,"Viet Nam",-,VNM,374278,1762,0,0,0,0,476
2006,-,Stateless,-,XXA,11255,2105,0,0,5805941,0,0
2006,-,"Saint Kitts and Nevis",-,KNA,0,5,0,0,0,0,0
2006,-,"Sao Tome and Principe",-,STP,30,0,0,0,0,0,0
2006,-,Sudan,-,SDN,686296,16629,1325235,0,0,0,0
2006,-,Suriname,-,SUR,65,20,0,0,0,0,0
2006,-,Slovakia,-,SVK,741,282,0,0,0,0,0
2006,-,Slovenia,-,SVN,1757,11,0,0,0,0,0
2006,-,Eswatini,-,SWZ,16,5,0,0,0,0,0
2006,-,Sweden,-,SWE,16,17,0,0,0,0,0
2006,-,Switzerland,-,CHE,38,0,0,0,0,0,0
2006,-,"Syrian Arab Rep.",-,SYR,12327,7493,0,0,0,0,0
2006,-,"United Rep. of Tanzania",-,TZA,1665,205,0,0,0,0,0
2006,-,Thailand,-,THA,3323,201,0,0,0,0,0
2006,-,Tibetan,-,TIB,20184,0,0,0,0,0,387
2006,-,Tajikistan,-,TJK,646,119,0,0,0,0,1129
2006,-,Turkmenistan,-,TKM,689,146,0,0,0,0,0
2006,-,Timor-Leste,-,TLS,251,8,155231,0,0,0,0
2006,-,Togo,-,TGO,27318,6588,0,0,0,0,0
2006,-,Tonga,-,TON,5,14,0,0,0,0,0
2006,-,"Trinidad and Tobago",-,TTO,151,158,0,0,0,0,0
2006,-,Tunisia,-,TUN,2835,358,0,0,0,0,0
2006,-,Türkiye,-,TUR,227236,12187,0,0,0,0,0
2006,-,Tuvalu,-,TUV,5,0,0,0,0,0,0
2006,-,"United Arab Emirates",-,ARE,260,10,0,0,0,0,0
2006,-,Uganda,-,UGA,21735,1344,1586174,0,0,0,0
2006,-,"Unknown ",-,UNK,246951,209493,0,0,0,0,67341
2006,-,Ukraine,-,UKR,63716,3478,0,0,0,0,0
2006,-,Uruguay,-,URY,158,54,0,0,0,0,0
2006,-,"United States of America",-,USA,1353,390,0,0,0,0,0
2006,-,Uzbekistan,-,UZB,9095,2151,0,0,0,0,0
2006,-,"Saint Vincent and the Grenadines",-,VCT,386,318,0,0,0,0,0
2006,-,"Venezuela (Bolivarian Republic of)",-,VEN,3821,2367,0,0,0,0,0
2006,-,"Western Sahara",-,ESH,90611,24,0,0,0,0,26000
2006,-,Yemen,-,YEM,1364,351,0,0,0,0,0
2006,-,Zambia,-,ZMB,199,65,0,0,0,0,0
2006,-,Zimbabwe,-,ZWE,12774,1207,0,0,0,0,0
2007,-,Afghanistan,-,AFG,3057655,16077,153718,0,0,0,411
2007,-,Albania,-,ALB,15335,1645,0,0,0,0,0
2007,-,Algeria,-,DZA,10599,1340,0,0,0,0,0
2007,-,Andorra,-,AND,10,5,0,0,0,0,0
2007,-,Angola,-,AGO,186137,788,0,0,0,0,0
2007,-,"Antigua and Barbuda",-,ATG,24,0,0,0,0,0,0
2007,-,Egypt,-,EGY,6789,1614,0,0,0,0,0
2007,-,Argentina,-,ARG,1164,117,0,0,0,0,0
2007,-,Armenia,-,ARM,15435,3985,0,0,0,0,0
2007,-,Australia,-,AUS,57,0,0,0,0,0,0
2007,-,Austria,-,AUT,19,5,0,0,0,0,0
2007,-,Azerbaijan,-,AZE,15922,1903,686586,0,0,0,0
2007,-,Bahrain,-,BHR,65,16,0,0,0,0,0
2007,-,Barbados,-,BRB,39,30,0,0,0,0,0
2007,-,Burundi,-,BDI,375720,7040,0,0,0,0,0
2007,-,Belgium,-,BEL,53,10,0,0,0,0,0
2007,-,Benin,-,BEN,265,155,0,0,0,0,0
2007,-,Bangladesh,-,BGD,10235,7328,0,0,0,0,0
2007,-,Bahamas,-,BHS,14,23,0,0,0,0,0
2007,-,Bhutan,-,BTN,110593,1637,0,0,0,0,0
2007,-,"Burkina Faso",-,BFA,557,254,0,0,0,0,0
2007,-,Belarus,-,BLR,4961,1202,0,0,0,0,0
2007,-,"Bolivia (Plurinational State of)",-,BOL,423,421,0,0,0,0,0
2007,-,Botswana,-,BWA,16,53,0,0,0,0,0
2007,-,Brazil,-,BRA,1623,298,0,0,0,0,0
2007,-,"Bosnia and Herzegovina",-,BIH,78267,1109,130984,0,0,0,0
2007,-,Bulgaria,-,BGR,3306,407,0,0,0,0,0
2007,-,Belize,-,BLZ,13,10,0,0,0,0,0
2007,-,Cambodia,-,KHM,17700,415,0,0,0,0,0
2007,-,Canada,-,CAN,530,59,0,0,0,0,0
2007,-,"Central African Rep.",-,CAF,98092,1333,197000,0,0,0,0
2007,-,Chad,-,TCD,55697,2668,178918,0,0,0,0
2007,-,China,-,CHN,149087,15526,0,0,0,0,0
2007,-,Chile,-,CHL,964,127,0,0,0,0,0
2007,-,Cameroon,-,CMR,11499,2973,0,0,0,0,0
2007,-,Congo,-,COG,19726,6072,0,0,0,0,0
2007,-,"Dem. Rep. of the Congo",-,COD,370372,36291,1317879,0,0,0,0
2007,-,Comoros,-,COM,93,41,0,0,0,0,0
2007,-,Colombia,-,COL,551741,43097,3000000,0,0,0,0
2007,-,"Costa Rica",-,CRI,361,61,0,0,0,0,0
2007,-,Cuba,-,CUB,7496,1065,0,0,0,0,0
2007,-,"Cabo Verde",-,CPV,28,5,0,0,0,0,0
2007,-,Cyprus,-,CYP,10,0,0,0,0,0,0
2007,-,Czechia,-,CZE,1379,133,0,0,0,0,0
2007,-,Denmark,-,DNK,15,0,0,0,0,0,0
2007,-,Djibouti,-,DJI,645,27,0,0,0,0,0
2007,-,Dominica,-,DMA,58,8,0,0,0,0,0
2007,-,"Dominican Rep.",-,DOM,352,131,0,0,0,0,0
2007,-,Ecuador,-,ECU,1329,278,0,0,0,0,0
2007,-,"Equatorial Guinea",-,GNQ,402,29,0,0,0,0,0
2007,-,Eritrea,-,ERI,208747,12177,0,0,0,0,0
2007,-,Estonia,-,EST,258,55,0,0,0,0,0
2007,-,Ethiopia,-,ETH,59845,29469,0,0,0,0,0
2007,-,Fiji,-,FJI,1824,193,0,0,0,0,0
2007,-,Finland,-,FIN,5,0,0,0,0,0,0
2007,-,France,-,FRA,99,48,0,0,0,0,0
2007,-,Gabon,-,GAB,116,21,0,0,0,0,0
2007,-,Gambia,-,GMB,1257,996,0,0,0,0,0
2007,-,"State of Palestine",-,PSE,341231,2416,0,0,0,0,0
2007,-,"United Kingdom of Great Britain and Northern Ireland",-,GBR,198,36,0,0,0,0,0
2007,-,Georgia,-,GEO,11805,4061,273193,0,0,0,0
2007,-,Germany,-,DEU,126,67,0,0,0,0,0
2007,-,Ghana,-,GHA,5042,1636,0,0,0,0,0
2007,-,Guinea-Bissau,-,GNB,1018,247,0,0,0,0,0
2007,-,Greece,-,GRC,92,10,0,0,0,0,0
2007,-,Grenada,-,GRD,293,63,0,0,0,0,0
2007,-,Guatemala,-,GTM,6157,14998,0,0,0,0,0
2007,-,Guinea,-,GIN,8269,1924,0,0,0,0,0
2007,-,Guyana,-,GUY,676,243,0,0,0,0,0
2007,-,Haiti,-,HTI,22275,10262,0,0,0,0,0
2007,-,"China, Hong Kong SAR",-,HKG,9,25,0,0,0,0,0
2007,-,Honduras,-,HND,1236,671,0,0,0,0,0
2007,-,Croatia,-,HRV,100429,117,2873,0,0,0,0
2007,-,Hungary,-,HUN,3384,89,0,0,0,0,0
2007,-,Iceland,-,ISL,10,0,0,0,0,0,0
2007,-,"Cote d'Ivoire",-,CIV,22222,7416,709048,0,0,0,0
2007,-,India,-,IND,20455,7077,0,0,0,0,0
2007,-,Indonesia,-,IDN,20549,2353,0,0,0,0,0
2007,-,Ireland,-,IRL,9,0,0,0,0,0,0
2007,-,"Iran (Islamic Rep. of)",-,IRN,68398,10374,0,0,0,0,0
2007,-,Iraq,-,IRQ,2309246,27667,2385865,0,0,0,20
2007,-,Israel,-,ISR,1539,946,0,0,0,0,0
2007,-,Italy,-,ITA,84,10,0,0,0,0,0
2007,-,Jamaica,-,JAM,766,236,0,0,0,0,0
2007,-,Jordan,-,JOR,1777,730,0,0,0,0,0
2007,-,Japan,-,JPN,519,19,0,0,0,0,0
2007,-,Kazakhstan,-,KAZ,5232,527,0,0,0,0,0
2007,-,Kenya,-,KEN,7544,1717,0,0,0,0,0
2007,-,Kyrgyzstan,-,KGZ,2257,444,0,0,0,0,0
2007,-,Kiribati,-,KIR,36,0,0,0,0,0,0
2007,-,"Rep. of Korea",-,KOR,1183,384,0,0,0,0,0
2007,-,"Dem. People's Rep. of Korea",-,PRK,602,232,0,0,0,0,0
2007,-,Kuwait,-,KWT,741,104,0,0,0,0,0
2007,-,"Lao People's Dem. Rep.",-,LAO,10012,164,0,0,0,0,0
2007,-,Liberia,-,LBR,91542,3518,0,0,0,0,0
2007,-,Libya,-,LBY,1939,613,0,0,0,0,0
2007,-,"Saint Lucia",-,LCA,227,179,0,0,0,0,0
2007,-,Lebanon,-,LBN,13089,2560,70000,0,0,0,0
2007,-,Lesotho,-,LSO,5,12,0,0,0,0,0
2007,-,"Sri Lanka",-,LKA,134945,5974,459567,0,0,0,0
2007,-,Lithuania,-,LTU,461,83,0,0,0,0,0
2007,-,Latvia,-,LVA,660,37,0,0,0,0,0
2007,-,"China, Macao SAR",-,MAC,8,5,0,0,0,0,0
2007,-,Madagascar,-,MDG,282,5,0,0,0,0,0
2007,-,Mauritania,-,MRT,33095,1001,0,0,0,0,0
2007,-,"North Macedonia",-,MKD,8072,1102,0,0,0,0,0
2007,-,"Rep. of Moldova",-,MDA,4913,909,0,0,0,0,0
2007,-,Maldives,-,MDV,15,0,0,0,0,0,0
2007,-,Mexico,-,MEX,5568,14761,0,0,0,0,0
2007,-,Mali,-,MLI,4489,625,0,0,0,0,0
2007,-,Malaysia,-,MYS,611,112,0,0,0,0,0
2007,-,Malawi,-,MWI,93,8184,0,0,0,0,0
2007,-,Montenegro,-,MNE,555,295,16155,0,0,0,0
2007,-,Mongolia,-,MNG,1103,1958,0,0,0,0,0
2007,-,Morocco,-,MAR,4036,463,0,0,0,0,0
2007,-,Mozambique,-,MOZ,213,678,0,0,0,0,0
2007,-,Malta,-,MLT,10,0,0,0,0,0,0
2007,-,Mauritius,-,MUS,67,15,0,0,0,0,0
2007,-,Myanmar,-,MMR,191308,19009,67290,0,0,0,0
2007,-,Namibia,-,NAM,1123,16,0,0,0,0,0
2007,-,Nepal,-,NPL,3364,2137,50000,0,0,0,0
2007,-,"Netherlands (Kingdom of the)",-,NLD,44,22,0,0,0,0,0
2007,-,Niger,-,NER,817,261,0,0,0,0,0
2007,-,Nicaragua,-,NIC,1899,822,0,0,0,0,0
2007,-,Nigeria,-,NGA,13898,9725,0,0,0,0,0
2007,-,Norway,-,NOR,0,5,0,0,0,0,0
2007,-,"New Zealand",-,NZL,12,5,0,0,0,0,0
2007,-,Oman,-,OMN,44,5,0,0,0,0,0
2007,-,Pakistan,-,PAK,31847,8600,0,0,0,0,0
2007,-,Panama,-,PAN,105,29,0,0,0,0,0
2007,-,Paraguay,-,PRY,99,44,0,0,0,0,0
2007,-,Peru,-,PER,7738,3056,0,0,0,0,0
2007,-,Philippines,-,PHL,1550,752,0,0,0,0,61314
2007,-,"Papua New Guinea",-,PNG,33,18,0,0,0,0,0
2007,-,Poland,-,POL,2911,187,0,0,0,0,0
2007,-,Portugal,-,PRT,29,41,0,0,0,0,0
2007,-,Qatar,-,QAT,57,0,0,0,0,0,0
2007,-,Romania,-,ROU,5299,561,0,0,0,0,0
2007,-,"South Africa",-,ZAF,474,108,0,0,0,0,0
2007,-,"Russian Federation",-,RUS,93218,17581,189274,0,0,0,306
2007,-,Rwanda,-,RWA,80955,8233,0,0,0,0,0
2007,-,"El Salvador",-,SLV,6026,18609,0,0,0,0,0
2007,-,"Saudi Arabia",-,SAU,737,30,0,0,0,0,0
2007,-,Senegal,-,SEN,15886,888,0,0,0,0,0
2007,-,Seychelles,-,SYC,54,8,0,0,0,0,0
2007,-,Singapore,-,SGP,117,14,0,0,0,0,0
2007,-,"Sierra Leone",-,SLE,32114,4654,0,0,0,0,0
2007,-,"Solomon Islands",-,SLB,47,22,0,0,0,0,0
2007,-,Somalia,-,SOM,457345,16424,1000000,0,0,0,0
2007,-,Spain,-,ESP,37,11,0,0,0,0,0
2007,-,"Serbia and Kosovo: S/RES/1244 (1999)",-,SRB,165636,14233,226350,0,0,0,454
2007,-,"Viet Nam",-,VNM,327770,1775,0,0,0,0,165
2007,-,Stateless,-,XXA,13164,2703,0,0,2938538,0,0
2007,-,"Saint Kitts and Nevis",-,KNA,0,8,0,0,0,0,0
2007,-,"Sao Tome and Principe",-,STP,32,0,0,0,0,0,0
2007,-,Sudan,-,SDN,523029,19406,1250000,0,0,0,0
2007,-,Suriname,-,SUR,62,9,0,0,0,0,0
2007,-,Slovakia,-,SVK,346,97,0,0,0,0,0
2007,-,Slovenia,-,SVN,47,9,0,0,0,0,0
2007,-,Eswatini,-,SWZ,21,64,0,0,0,0,0
2007,-,Sweden,-,SWE,17,5,0,0,0,0,0
2007,-,Switzerland,-,CHE,33,0,0,0,0,0,0
2007,-,"Syrian Arab Rep.",-,SYR,13684,6849,0,0,0,0,0
2007,-,"United Rep. of Tanzania",-,TZA,1250,2906,0,0,0,0,0
2007,-,Thailand,-,THA,2322,363,0,0,0,0,0
2007,-,Tibetan,-,TIB,20170,0,0,0,0,0,141
2007,-,Tajikistan,-,TJK,887,93,0,0,0,0,0
2007,-,Turkmenistan,-,TKM,667,134,0,0,0,0,0
2007,-,Timor-Leste,-,TLS,6,0,62625,0,0,0,0
2007,-,Togo,-,TGO,22481,1301,0,0,0,0,0
2007,-,Tonga,-,TON,0,14,0,0,0,0,0
2007,-,"Trinidad and Tobago",-,TTO,210,175,0,0,0,0,0
2007,-,Tunisia,-,TUN,2488,334,0,0,0,0,0
2007,-,Türkiye,-,TUR,221937,9172,0,0,0,0,0
2007,-,"United Arab Emirates",-,ARE,305,10,0,0,0,0,0
2007,-,Uganda,-,UGA,21325,3130,1235992,0,0,0,0
2007,-,"Unknown ",-,UNK,194063,181384,0,0,0,0,5804
2007,-,Ukraine,-,UKR,25980,2418,0,0,0,0,0
2007,-,Uruguay,-,URY,193,31,0,0,0,0,0
2007,-,"United States of America",-,USA,2164,1100,0,0,0,0,0
2007,-,Uzbekistan,-,UZB,5658,1835,0,0,0,0,0
2007,-,"Holy See",-,VAT,0,5,0,0,0,0,0
2007,-,"Saint Vincent and the Grenadines",-,VCT,644,504,0,0,0,0,0
2007,-,"Venezuela (Bolivarian Republic of)",-,VEN,5089,1751,0,0,0,0,0
2007,-,"Western Sahara",-,ESH,116594,23,0,0,0,0,0
2007,-,Yemen,-,YEM,1621,306,77000,0,0,0,0
2007,-,Zambia,-,ZMB,192,492,0,0,0,0,0
2007,-,Zimbabwe,-,ZWE,14366,34318,0,0,0,0,0
2008,-,Afghanistan,-,AFG,2833116,23177,230670,0,0,0,2101
2008,-,Albania,-,ALB,15007,1814,0,0,0,0,0
2008,-,Algeria,-,DZA,9044,1522,0,0,0,0,0
2008,-,Andorra,-,AND,5,5,0,0,0,0,0
2008,-,Angola,-,AGO,171374,734,0,0,0,0,0
2008,-,"Antigua and Barbuda",-,ATG,25,25,0,0,0,0,0
2008,-,Egypt,-,EGY,6777,1803,0,0,0,0,0
2008,-,Argentina,-,ARG,1039,139,0,0,0,0,0
2008,-,Armenia,-,ARM,16333,3764,0,0,0,0,0
2008,-,Australia,-,AUS,37,9,0,0,0,0,0
2008,-,Austria,-,AUT,15,0,0,0,0,0,0
2008,-,Azerbaijan,-,AZE,16321,1876,603251,0,0,0,0
2008,-,Bahrain,-,BHR,72,10,0,0,0,0,0
2008,-,Barbados,-,BRB,33,45,0,0,0,0,0
2008,-,Burundi,-,BDI,281583,6629,100000,0,0,0,0
2008,-,Belgium,-,BEL,58,27,0,0,0,0,0
2008,-,Benin,-,BEN,315,179,0,0,0,0,0
2008,-,Bangladesh,-,BGD,10097,6713,0,0,0,0,0
2008,-,Bahamas,-,BHS,11,26,0,0,0,0,0
2008,-,Bhutan,-,BTN,104960,1094,0,0,0,0,0
2008,-,"Burkina Faso",-,BFA,719,310,0,0,0,0,0
2008,-,Belarus,-,BLR,5376,1082,0,0,0,0,0
2008,-,"Bolivia (Plurinational State of)",-,BOL,455,153,0,0,0,0,0
2008,-,Botswana,-,BWA,29,148,0,0,0,0,0
2008,-,Brazil,-,BRA,1401,356,0,0,0,0,0
2008,-,"Bosnia and Herzegovina",-,BIH,74358,1162,124529,0,0,0,50496
2008,-,Bulgaria,-,BGR,3036,295,0,0,0,0,0
2008,-,Belize,-,BLZ,18,17,0,0,0,0,0
2008,-,Cambodia,-,KHM,17250,212,0,0,0,0,0
2008,-,Canada,-,CAN,100,55,0,0,0,0,0
2008,-,"Central African Rep.",-,CAF,125090,1213,197000,0,0,0,0
2008,-,Chad,-,TCD,55083,3340,166718,0,0,0,0
2008,-,China,-,CHN,175169,19615,0,0,0,0,0
2008,-,Chile,-,CHL,988,128,0,0,0,0,0
2008,-,Cameroon,-,CMR,13852,2911,0,0,0,0,0
2008,-,Congo,-,COG,19922,5044,0,0,0,0,5
2008,-,"Dem. Rep. of the Congo",-,COD,367991,36277,1460102,0,0,0,0
2008,-,Comoros,-,COM,376,36,0,0,0,0,0
2008,-,Colombia,-,COL,373532,52620,3000000,0,0,0,0
2008,-,"Costa Rica",-,CRI,354,65,0,0,0,0,0
2008,-,Cuba,-,CUB,7928,867,0,0,0,0,0
2008,-,"Cabo Verde",-,CPV,27,0,0,0,0,0,0
2008,-,Cyprus,-,CYP,10,0,0,0,0,0,0
2008,-,Czechia,-,CZE,1354,783,0,0,0,0,0
2008,-,Denmark,-,DNK,10,6,0,0,0,0,0
2008,-,Djibouti,-,DJI,638,55,0,0,0,0,0
2008,-,Dominica,-,DMA,56,19,0,0,0,0,0
2008,-,"Dominican Rep.",-,DOM,313,267,0,0,0,0,0
2008,-,Ecuador,-,ECU,1063,244,0,0,0,0,0
2008,-,"Equatorial Guinea",-,GNQ,381,48,0,0,0,0,0
2008,-,Eritrea,-,ERI,186392,14603,0,0,0,0,650
2008,-,Estonia,-,EST,248,33,0,0,0,0,0
2008,-,Ethiopia,-,ETH,63863,31506,0,0,0,0,0
2008,-,Fiji,-,FJI,1862,200,0,0,0,0,0
2008,-,France,-,FRA,97,55,0,0,0,0,0
2008,-,Gabon,-,GAB,132,23,0,0,0,0,0
2008,-,Gambia,-,GMB,1336,1128,0,0,0,0,0
2008,-,"State of Palestine",-,PSE,340004,2648,0,0,0,0,0
2008,-,"United Kingdom of Great Britain and Northern Ireland",-,GBR,182,24,0,0,0,0,0
2008,-,Georgia,-,GEO,12597,5089,329870,0,0,0,0
2008,-,Germany,-,DEU,162,100,0,0,0,0,0
2008,-,Ghana,-,GHA,13225,1996,0,0,0,0,0
2008,-,Guinea-Bissau,-,GNB,1053,256,0,0,0,0,0
2008,-,Greece,-,GRC,67,15,0,0,0,0,0
2008,-,Grenada,-,GRD,310,65,0,0,0,0,0
2008,-,Guatemala,-,GTM,5927,10243,0,0,0,0,0
2008,-,Guinea,-,GIN,9481,2012,0,0,0,0,0
2008,-,Guyana,-,GUY,707,276,0,0,0,0,0
2008,-,Haiti,-,HTI,23059,12668,0,0,0,0,0
2008,-,"China, Hong Kong SAR",-,HKG,9,49,0,0,0,0,0
2008,-,Honduras,-,HND,1116,941,0,0,0,0,0
2008,-,Croatia,-,HRV,97016,129,2497,0,0,0,28084
2008,-,Hungary,-,HUN,1612,287,0,0,0,0,0
2008,-,Iceland,-,ISL,10,0,0,0,0,0,0
2008,-,"Cote d'Ivoire",-,CIV,22218,6459,683956,0,0,0,0
2008,-,India,-,IND,19551,6867,0,0,0,0,0
2008,-,Indonesia,-,IDN,19339,2221,0,0,0,0,0
2008,-,Ireland,-,IRL,7,0,0,0,0,0,0
2008,-,"Iran (Islamic Rep. of)",-,IRN,69051,11148,0,0,0,0,0
2008,-,Iraq,-,IRQ,1903516,25654,2647251,0,0,0,7768
2008,-,Israel,-,ISR,1486,1037,0,0,0,0,0
2008,-,Italy,-,ITA,57,30,0,0,0,0,0
2008,-,Jamaica,-,JAM,825,401,0,0,0,0,0
2008,-,Jordan,-,JOR,1882,743,0,0,0,0,0
2008,-,Japan,-,JPN,183,26,0,0,0,0,0
2008,-,Kazakhstan,-,KAZ,4825,579,0,0,0,0,0
2008,-,Kenya,-,KEN,9682,2197,404000,0,0,0,0
2008,-,Kyrgyzstan,-,KGZ,2526,407,0,0,0,0,0
2008,-,Kiribati,-,KIR,36,0,0,0,0,0,0
2008,-,"Rep. of Korea",-,KOR,1099,509,0,0,0,0,0
2008,-,"Dem. People's Rep. of Korea",-,PRK,881,213,0,0,0,0,0
2008,-,Kuwait,-,KWT,847,61,0,0,0,0,0
2008,-,"Lao People's Dem. Rep.",-,LAO,8596,178,0,0,0,0,0
2008,-,Liberia,-,LBR,75221,2381,0,0,0,0,0
2008,-,Libya,-,LBY,2068,753,0,0,0,0,0
2008,-,"Saint Lucia",-,LCA,288,336,0,0,0,0,0
2008,-,Lebanon,-,LBN,12966,2276,0,0,0,0,0
2008,-,Lesotho,-,LSO,5,17,0,0,0,0,0
2008,-,"Sri Lanka",-,LKA,137742,7037,504800,0,0,0,0
2008,-,Lithuania,-,LTU,486,60,0,0,0,0,0
2008,-,Latvia,-,LVA,765,24,0,0,0,0,0
2008,-,"China, Macao SAR",-,MAC,8,0,0,0,0,0,0
2008,-,Madagascar,-,MDG,278,20,0,0,0,0,0
2008,-,Mauritania,-,MRT,45592,773,0,0,0,0,0
2008,-,"North Macedonia",-,MKD,7513,1074,0,0,0,0,0
2008,-,"Rep. of Moldova",-,MDA,5551,879,0,0,0,0,0
2008,-,Maldives,-,MDV,15,0,0,0,0,0,0
2008,-,Mexico,-,MEX,6160,17435,0,0,0,0,0
2008,-,Mali,-,MLI,1751,738,0,0,0,0,0
2008,-,Malaysia,-,MYS,607,128,0,0,0,0,0
2008,-,Malawi,-,MWI,103,8206,0,0,0,0,0
2008,-,Montenegro,-,MNE,1280,180,0,0,0,0,0
2008,-,Mongolia,-,MNG,1329,2069,0,0,0,0,0
2008,-,Morocco,-,MAR,3520,526,0,0,0,0,0
2008,-,Mozambique,-,MOZ,198,678,0,0,0,0,0
2008,-,Malta,-,MLT,10,0,0,0,0,0,0
2008,-,Mauritius,-,MUS,20,21,0,0,0,0,0
2008,-,Myanmar,-,MMR,184410,22328,67290,0,0,0,0
2008,-,Namibia,-,NAM,976,23,0,0,0,0,0
2008,-,Nepal,-,NPL,4190,2093,0,0,0,0,0
2008,-,"Netherlands (Kingdom of the)",-,NLD,46,25,0,0,0,0,0
2008,-,Niger,-,NER,789,264,0,0,0,0,0
2008,-,Nicaragua,-,NIC,1533,466,0,0,0,0,0
2008,-,Nigeria,-,NGA,14170,10449,0,0,0,0,0
2008,-,"New Zealand",-,NZL,8,5,0,0,0,0,0
2008,-,Oman,-,OMN,55,0,0,0,0,0,0
2008,-,Pakistan,-,PAK,32391,6242,155809,0,0,0,0
2008,-,Panama,-,PAN,106,36,0,0,0,0,0
2008,-,Paraguay,-,PRY,97,32,0,0,0,0,0
2008,-,Peru,-,PER,7329,2500,0,0,0,0,0
2008,-,Philippines,-,PHL,1348,904,0,0,0,0,61314
2008,-,"Papua New Guinea",-,PNG,44,10,0,0,0,0,0
2008,-,Poland,-,POL,2385,225,0,0,0,0,0
2008,-,Portugal,-,PRT,35,33,0,0,0,0,0
2008,-,Qatar,-,QAT,69,0,0,0,0,0,0
2008,-,Romania,-,ROU,4747,385,0,0,0,0,0
2008,-,"South Africa",-,ZAF,449,138,0,0,0,0,0
2008,-,"Russian Federation",-,RUS,103061,15697,91505,0,0,0,306
2008,-,Rwanda,-,RWA,72529,6083,0,0,0,0,5
2008,-,"El Salvador",-,SLV,5154,11152,0,0,0,0,0
2008,-,"Saudi Arabia",-,SAU,700,33,0,0,0,0,0
2008,-,Senegal,-,SEN,16007,805,0,0,0,0,0
2008,-,Seychelles,-,SYC,51,14,0,0,0,0,0
2008,-,Singapore,-,SGP,106,13,0,0,0,0,0
2008,-,"Sierra Leone",-,SLE,32517,2615,0,0,0,0,0
2008,-,"Solomon Islands",-,SLB,51,0,0,0,0,0,0
2008,-,Somalia,-,SOM,561145,20519,1277200,0,0,0,0
2008,-,Spain,-,ESP,26,17,0,0,0,0,0
2008,-,"Serbia and Kosovo: S/RES/1244 (1999)",-,SRB,185930,14678,225879,0,0,0,11500
2008,-,"Viet Nam",-,VNM,328175,1706,0,0,0,0,87
2008,-,Stateless,-,XXA,14168,2935,0,0,6573465,0,0
2008,-,"Saint Kitts and Nevis",-,KNA,0,8,0,0,0,0,0
2008,-,"Sao Tome and Principe",-,STP,32,0,0,0,0,0,0
2008,-,Sudan,-,SDN,419249,18073,1201040,0,0,0,450
2008,-,Suriname,-,SUR,50,11,0,0,0,0,0
2008,-,Slovakia,-,SVK,333,129,0,0,0,0,0
2008,-,Slovenia,-,SVN,49,12,0,0,0,0,0
2008,-,Eswatini,-,SWZ,28,95,0,0,0,0,0
2008,-,Sweden,-,SWE,16,14,0,0,0,0,0
2008,-,Switzerland,-,CHE,32,0,0,0,0,0,0
2008,-,"Syrian Arab Rep.",-,SYR,15206,5978,0,0,0,0,0
2008,-,"United Rep. of Tanzania",-,TZA,1262,2898,0,0,0,0,0
2008,-,Thailand,-,THA,1811,406,0,0,0,0,5
2008,-,Tibetan,-,TIB,20080,0,0,0,0,0,59
2008,-,Tajikistan,-,TJK,541,140,0,0,0,0,0
2008,-,Turkmenistan,-,TKM,735,110,0,0,0,0,0
2008,-,Timor-Leste,-,TLS,7,0,15860,0,0,0,0
2008,-,Togo,-,TGO,16734,1119,0,0,0,0,0
2008,-,Tonga,-,TON,5,21,0,0,0,0,0
2008,-,"Trinidad and Tobago",-,TTO,228,241,0,0,0,0,0
2008,-,Tunisia,-,TUN,2334,352,0,0,0,0,0
2008,-,Türkiye,-,TUR,214365,8531,0,0,0,0,0
2008,-,"United Arab Emirates",-,ARE,255,8,0,0,0,0,0
2008,-,Uganda,-,UGA,7533,3127,853000,0,0,0,0
2008,-,"Unknown ",-,UNK,190688,251072,0,0,0,0,4030
2008,-,Ukraine,-,UKR,28416,1900,0,0,0,0,0
2008,-,Uruguay,-,URY,194,52,0,0,0,0,0
2008,-,"United States of America",-,USA,2126,1740,0,0,0,0,0
2008,-,Uzbekistan,-,UZB,6297,1838,0,0,0,0,0
2008,-,"Holy See",-,VAT,0,5,0,0,0,0,0
2008,-,"Saint Vincent and the Grenadines",-,VCT,748,744,0,0,0,0,0
2008,-,"Venezuela (Bolivarian Republic of)",-,VEN,5801,1518,0,0,0,0,0
2008,-,Samoa,-,WSM,5,0,0,0,0,0,0
2008,-,"Western Sahara",-,ESH,116528,28,0,0,0,0,0
2008,-,Yemen,-,YEM,1764,464,100000,0,0,0,0
2008,-,Zambia,-,ZMB,191,490,0,0,0,0,0
2008,-,Zimbabwe,-,ZWE,16824,34776,0,0,0,0,0
2009,-,Afghanistan,-,AFG,2887114,30406,297129,0,0,0,1479
2009,-,Albania,-,ALB,15707,1586,0,0,0,0,0
2009,-,Algeria,-,DZA,8168,1537,0,0,0,0,0
2009,-,Andorra,-,AND,5,0,0,0,0,0,0
2009,-,Angola,-,AGO,141006,696,0,0,0,0,14479
2009,-,"Antigua and Barbuda",-,ATG,27,41,0,0,0,0,0
2009,-,Egypt,-,EGY,6983,1626,0,0,0,0,0
2009,-,Argentina,-,ARG,604,154,0,0,0,0,0
2009,-,Armenia,-,ARM,18004,4085,0,0,0,0,82231
2009,-,Australia,-,AUS,23,9,0,0,0,0,0
2009,-,Austria,-,AUT,15,0,0,0,0,0,0
2009,-,Azerbaijan,-,AZE,16945,2465,586013,0,0,0,0
2009,-,Bahrain,-,BHR,72,0,0,0,0,0,0
2009,-,Barbados,-,BRB,28,66,0,0,0,0,0
2009,-,Burundi,-,BDI,94221,4845,100000,0,0,0,0
2009,-,Belgium,-,BEL,66,24,0,0,0,0,0
2009,-,Benin,-,BEN,409,199,0,0,0,0,0
2009,-,Bangladesh,-,BGD,10428,1827,0,0,0,0,0
2009,-,Bahamas,-,BHS,12,32,0,0,0,0,0
2009,-,Bhutan,-,BTN,89064,1013,0,0,0,0,0
2009,-,"Burkina Faso",-,BFA,983,377,0,0,0,0,0
2009,-,Belarus,-,BLR,5518,975,0,0,0,0,0
2009,-,"Bolivia (Plurinational State of)",-,BOL,570,162,0,0,0,0,0
2009,-,Botswana,-,BWA,32,195,0,0,0,0,0
2009,-,Brazil,-,BRA,973,361,0,0,0,0,0
2009,-,"Bosnia and Herzegovina",-,BIH,70006,1147,113642,0,0,0,50874
2009,-,Bulgaria,-,BGR,2743,434,0,0,0,0,0
2009,-,Belize,-,BLZ,16,16,0,0,0,0,0
2009,-,Cambodia,-,KHM,17022,220,0,0,0,0,0
2009,-,Canada,-,CAN,97,9,0,0,0,0,0
2009,-,"Central African Rep.",-,CAF,159542,852,197000,0,0,0,0
2009,-,Chad,-,TCD,54997,2311,170531,0,0,0,0
2009,-,China,-,CHN,180546,18325,0,0,0,0,0
2009,-,Chile,-,CHL,1305,178,0,0,0,0,0
2009,-,Cameroon,-,CMR,14752,2239,0,0,0,0,0
2009,-,Congo,-,COG,20546,3199,0,0,0,0,8
2009,-,"Dem. Rep. of the Congo",-,COD,455852,31104,2052677,0,0,0,0
2009,-,Comoros,-,COM,268,5,0,0,0,0,0
2009,-,Colombia,-,COL,389753,64335,3303979,0,0,0,0
2009,-,"Costa Rica",-,CRI,344,76,0,0,0,0,0
2009,-,Cuba,-,CUB,7537,2213,0,0,0,0,0
2009,-,"Cabo Verde",-,CPV,22,0,0,0,0,0,0
2009,-,Cyprus,-,CYP,10,0,0,0,0,0,0
2009,-,Czechia,-,CZE,1060,2100,0,0,0,0,0
2009,-,Denmark,-,DNK,10,0,0,0,0,0,0
2009,-,Djibouti,-,DJI,613,159,0,0,0,0,0
2009,-,Dominica,-,DMA,51,18,0,0,0,0,0
2009,-,"Dominican Rep.",-,DOM,222,401,0,0,0,0,0
2009,-,Ecuador,-,ECU,1029,279,0,0,0,0,0
2009,-,"Equatorial Guinea",-,GNQ,341,32,0,0,0,0,0
2009,-,Eritrea,-,ERI,209164,14379,0,0,0,0,0
2009,-,Estonia,-,EST,249,34,0,0,0,0,0
2009,-,Ethiopia,-,ETH,62877,48733,0,0,0,0,0
2009,-,Fiji,-,FJI,1888,360,0,0,0,0,0
2009,-,Finland,-,FIN,6,0,0,0,0,0,0
2009,-,France,-,FRA,80,69,0,0,0,0,0
2009,-,Gabon,-,GAB,145,33,0,0,0,0,0
2009,-,Gambia,-,GMB,1966,1155,0,0,0,0,0
2009,-,"State of Palestine",-,PSE,95185,2488,0,0,0,0,0
2009,-,"United Kingdom of Great Britain and Northern Ireland",-,GBR,155,44,0,0,0,0,0
2009,-,Georgia,-,GEO,15015,4759,352640,0,0,0,0
2009,-,Germany,-,DEU,167,81,0,0,0,0,0
2009,-,Ghana,-,GHA,14876,1319,0,0,0,0,0
2009,-,Guinea-Bissau,-,GNB,1100,317,0,0,0,0,0
2009,-,Greece,-,GRC,61,21,0,0,0,0,0
2009,-,Grenada,-,GRD,332,88,0,0,0,0,0
2009,-,Guatemala,-,GTM,5763,9104,0,0,0,0,0
2009,-,Guinea,-,GIN,10912,2819,0,0,0,0,0
2009,-,Guyana,-,GUY,724,323,0,0,0,0,0
2009,-,Haiti,-,HTI,24110,11886,0,0,0,0,0
2009,-,"China, Hong Kong SAR",-,HKG,10,66,0,0,0,0,0
2009,-,Honduras,-,HND,1165,997,0,0,0,0,0
2009,-,Croatia,-,HRV,76479,132,2285,0,0,0,23583
2009,-,Hungary,-,HUN,1535,2452,0,0,0,0,0
2009,-,Iceland,-,ISL,5,0,0,0,0,0,0
2009,-,"Cote d'Ivoire",-,CIV,23148,5262,519140,0,0,0,0
2009,-,India,-,IND,19496,4709,0,0,0,0,0
2009,-,Indonesia,-,IDN,18207,2002,0,0,0,0,0
2009,-,Ireland,-,IRL,7,5,0,0,0,0,0
2009,-,"Iran (Islamic Rep. of)",-,IRN,72771,13734,0,0,0,0,0
2009,-,Iraq,-,IRQ,1785215,22372,1552003,0,0,0,6704
2009,-,Israel,-,ISR,1298,1054,0,0,0,0,0
2009,-,Italy,-,ITA,42,31,0,0,0,0,0
2009,-,Jamaica,-,JAM,908,574,0,0,0,0,0
2009,-,Jordan,-,JOR,2109,757,0,0,0,0,0
2009,-,Japan,-,JPN,148,28,0,0,0,0,0
2009,-,Kazakhstan,-,KAZ,3741,603,0,0,0,0,0
2009,-,Kenya,-,KEN,9609,2975,399000,0,0,0,0
2009,-,Kyrgyzstan,-,KGZ,2611,427,0,0,0,0,0
2009,-,Kiribati,-,KIR,31,0,0,0,0,0,0
2009,-,"Rep. of Korea",-,KOR,567,318,0,0,0,0,0
2009,-,"Dem. People's Rep. of Korea",-,PRK,878,125,0,0,0,0,0
2009,-,Kuwait,-,KWT,936,56,0,0,0,0,0
2009,-,"Lao People's Dem. Rep.",-,LAO,8397,190,0,0,0,0,0
2009,-,Liberia,-,LBR,71601,2195,0,0,0,0,0
2009,-,Libya,-,LBY,2189,636,0,0,0,0,0
2009,-,"Saint Lucia",-,LCA,312,597,0,0,0,0,0
2009,-,Lebanon,-,LBN,16250,1755,0,0,0,0,0
2009,-,Lesotho,-,LSO,5,5,0,0,0,0,0
2009,-,"Sri Lanka",-,LKA,145711,7566,434900,0,0,0,0
2009,-,Lithuania,-,LTU,496,110,0,0,0,0,0
2009,-,Latvia,-,LVA,787,76,0,0,0,0,0
2009,-,"China, Macao SAR",-,MAC,8,0,0,0,0,0,0
2009,-,Madagascar,-,MDG,271,31,0,0,0,0,0
2009,-,Mauritania,-,MRT,39134,891,0,0,0,0,0
2009,-,"North Macedonia",-,MKD,7921,868,0,0,0,0,0
2009,-,"Rep. of Moldova",-,MDA,5928,734,0,0,0,0,0
2009,-,Maldives,-,MDV,15,0,0,0,0,0,0
2009,-,Mexico,-,MEX,6433,20402,0,0,0,0,0
2009,-,Mali,-,MLI,2927,759,0,0,0,0,0
2009,-,Malaysia,-,MYS,530,148,0,0,0,0,0
2009,-,Malawi,-,MWI,126,42,0,0,0,0,0
2009,-,Montenegro,-,MNE,2578,173,0,0,0,0,0
2009,-,Mongolia,-,MNG,1490,2291,0,0,0,0,0
2009,-,Morocco,-,MAR,2277,603,0,0,0,0,0
2009,-,Mozambique,-,MOZ,130,5,0,0,0,0,0
2009,-,Malta,-,MLT,10,0,0,0,0,0,0
2009,-,Mauritius,-,MUS,21,16,0,0,0,0,0
2009,-,Myanmar,-,MMR,406667,22577,67290,0,0,0,7
2009,-,Namibia,-,NAM,918,43,0,0,0,0,0
2009,-,Nepal,-,NPL,5101,1799,0,0,0,0,5
2009,-,"Netherlands (Kingdom of the)",-,NLD,44,25,0,0,0,0,0
2009,-,Niger,-,NER,812,283,0,0,0,0,0
2009,-,Nicaragua,-,NIC,1473,430,0,0,0,0,0
2009,-,Nigeria,-,NGA,15609,9637,0,0,0,0,0
2009,-,Norway,-,NOR,0,5,0,0,0,0,0
2009,-,"New Zealand",-,NZL,9,0,0,0,0,0,0
2009,-,Oman,-,OMN,63,5,0,0,0,0,0
2009,-,Pakistan,-,PAK,35129,4756,1894557,0,0,0,0
2009,-,Panama,-,PAN,102,41,0,0,0,0,0
2009,-,Paraguay,-,PRY,77,30,0,0,0,0,0
2009,-,Peru,-,PER,6272,5806,0,0,0,0,0
2009,-,Philippines,-,PHL,987,790,0,0,0,0,61314
2009,-,"Papua New Guinea",-,PNG,68,11,0,0,0,0,0
2009,-,Poland,-,POL,2052,245,0,0,0,0,0
2009,-,Portugal,-,PRT,30,46,0,0,0,0,0
2009,-,Qatar,-,QAT,66,5,0,0,0,0,0
2009,-,Romania,-,ROU,4350,412,0,0,0,0,0
2009,-,"South Africa",-,ZAF,380,162,0,0,0,0,0
2009,-,"Russian Federation",-,RUS,109452,13286,79950,0,0,0,306
2009,-,Rwanda,-,RWA,129108,4792,0,0,0,0,0
2009,-,"El Salvador",-,SLV,5053,9744,0,0,0,0,0
2009,-,"Saudi Arabia",-,SAU,629,43,0,0,0,0,0
2009,-,Senegal,-,SEN,16306,616,0,0,0,0,0
2009,-,Seychelles,-,SYC,47,7,0,0,0,0,0
2009,-,Singapore,-,SGP,77,12,0,0,0,0,0
2009,-,"Sierra Leone",-,SLE,15398,2949,0,0,0,0,4656
2009,-,"Solomon Islands",-,SLB,65,0,0,0,0,0,0
2009,-,Somalia,-,SOM,678296,21059,1550000,0,0,0,0
2009,-,Spain,-,ESP,34,51,0,0,0,0,0
2009,-,"Serbia and Kosovo: S/RES/1244 (1999)",-,SRB,195625,12297,224881,0,0,0,10386
2009,-,"Viet Nam",-,VNM,339299,1191,0,0,0,0,68
2009,-,Stateless,-,XXA,15867,3382,0,0,6559572,0,0
2009,-,"Saint Kitts and Nevis",-,KNA,0,11,0,0,0,0,0
2009,-,"Sao Tome and Principe",-,STP,32,0,0,0,0,0,0
2009,-,Sudan,-,SDN,368178,16901,1034140,0,0,0,0
2009,-,Suriname,-,SUR,44,12,0,0,0,0,0
2009,-,Slovakia,-,SVK,336,348,0,0,0,0,0
2009,-,Slovenia,-,SVN,35,16,0,0,0,0,0
2009,-,Eswatini,-,SWZ,28,53,0,0,0,0,0
2009,-,Sweden,-,SWE,15,12,0,0,0,0,0
2009,-,Switzerland,-,CHE,19,5,0,0,0,0,0
2009,-,"Syrian Arab Rep.",-,SYR,17915,5559,0,0,0,0,0
2009,-,"United Rep. of Tanzania",-,TZA,1191,204,0,0,0,0,155051
2009,-,Thailand,-,THA,498,392,0,0,0,0,0
2009,-,Tibetan,-,TIB,20080,0,0,0,0,0,109
2009,-,Tajikistan,-,TJK,556,260,0,0,0,0,0
2009,-,Turkmenistan,-,TKM,734,77,0,0,0,0,0
2009,-,Timor-Leste,-,TLS,7,0,0,0,0,0,0
2009,-,Togo,-,TGO,18363,959,0,0,0,0,0
2009,-,Tonga,-,TON,5,21,0,0,0,0,0
2009,-,"Trinidad and Tobago",-,TTO,239,271,0,0,0,0,0
2009,-,Tunisia,-,TUN,2237,488,0,0,0,0,0
2009,-,Türkiye,-,TUR,146378,9273,0,0,0,0,0
2009,-,"United Arab Emirates",-,ARE,411,22,0,0,0,0,0
2009,-,Uganda,-,UGA,7543,898,446300,0,0,0,0
2009,-,"Unknown ",-,UNK,186680,447280,0,0,0,0,431
2009,-,Ukraine,-,UKR,24512,1530,0,0,0,0,0
2009,-,Uruguay,-,URY,183,60,0,0,0,0,0
2009,-,"United States of America",-,USA,2367,1443,0,0,0,0,0
2009,-,Uzbekistan,-,UZB,6662,1576,0,0,0,0,0
2009,-,"Saint Vincent and the Grenadines",-,VCT,847,1072,0,0,0,0,0
2009,-,"Venezuela (Bolivarian Republic of)",-,VEN,6216,1571,0,0,0,0,0
2009,-,"Western Sahara",-,ESH,116469,20,0,0,0,0,0
2009,-,Yemen,-,YEM,1927,602,250000,0,0,0,0
2009,-,Zambia,-,ZMB,201,46,0,0,0,0,0
2009,-,Zimbabwe,-,ZWE,22441,1394,0,0,0,0,0
2010,-,Afghanistan,-,AFG,3054699,37101,351907,0,0,0,839323
2010,-,Albania,-,ALB,14771,1350,0,0,0,0,36
2010,-,Algeria,-,DZA,6665,1714,0,0,0,0,0
2010,-,Andorra,-,AND,5,0,0,0,0,0,0
2010,-,Angola,-,AGO,134851,710,0,0,0,0,0
2010,-,"Antigua and Barbuda",-,ATG,28,32,0,0,0,0,0
2010,-,Egypt,-,EGY,6903,1571,0,0,0,0,0
2010,-,Argentina,-,ARG,553,84,0,0,0,0,0
2010,-,Armenia,-,ARM,17553,2947,0,0,0,0,82519
2010,-,Australia,-,AUS,38,10,0,0,0,0,0
2010,-,Austria,-,AUT,10,0,0,0,0,0,0
2010,-,Azerbaijan,-,AZE,16756,2072,592860,0,0,0,0
2010,-,Bahrain,-,BHR,81,24,0,0,0,0,0
2010,-,Barbados,-,BRB,29,63,0,0,0,0,0
2010,-,Burundi,-,BDI,84053,7494,157167,0,0,0,0
2010,-,Belgium,-,BEL,80,6,0,0,0,0,0
2010,-,Benin,-,BEN,438,225,0,0,0,0,0
2010,-,Bangladesh,-,BGD,10046,6492,0,0,0,0,0
2010,-,Bahamas,-,BHS,17,28,0,0,0,0,0
2010,-,Bhutan,-,BTN,75062,1009,0,0,0,0,0
2010,-,"Burkina Faso",-,BFA,1141,499,0,0,0,0,0
2010,-,Belarus,-,BLR,5735,737,0,0,0,0,0
2010,-,"Bolivia (Plurinational State of)",-,BOL,589,134,0,0,0,0,0
2010,-,Botswana,-,BWA,56,185,0,0,0,0,0
2010,-,Brazil,-,BRA,991,241,0,0,0,0,0
2010,-,"Bosnia and Herzegovina",-,BIH,62996,1342,113365,0,0,0,52888
2010,-,Bulgaria,-,BGR,2558,124,0,0,0,0,0
2010,-,Belize,-,BLZ,21,10,0,0,0,0,0
2010,-,Cambodia,-,KHM,16308,137,0,0,0,0,0
2010,-,Canada,-,CAN,86,5,0,0,0,0,0
2010,-,"Central African Rep.",-,CAF,164902,1504,192529,0,0,0,0
2010,-,Chad,-,TCD,53713,2664,131000,0,0,0,0
2010,-,China,-,CHN,184601,7732,0,0,0,0,0
2010,-,Chile,-,CHL,1163,170,0,0,0,0,0
2010,-,Cameroon,-,CMR,14952,2077,0,0,0,0,0
2010,-,Congo,-,COG,20682,2999,0,0,0,0,0
2010,-,"Dem. Rep. of the Congo",-,COD,476691,43082,1721382,0,0,0,0
2010,-,Comoros,-,COM,365,5,0,0,0,0,0
2010,-,Colombia,-,COL,395579,60336,3672054,0,0,0,0
2010,-,"Costa Rica",-,CRI,352,74,0,0,0,0,0
2010,-,Cuba,-,CUB,7460,4380,0,0,0,0,0
2010,-,"Cabo Verde",-,CPV,22,0,0,0,0,0,0
2010,-,Cyprus,-,CYP,10,0,0,0,0,0,0
2010,-,Czechia,-,CZE,811,1152,0,0,0,0,0
2010,-,Denmark,-,DNK,6,0,0,0,0,0,0
2010,-,Djibouti,-,DJI,556,226,0,0,0,0,0
2010,-,Dominica,-,DMA,51,16,0,0,0,0,0
2010,-,"Dominican Rep.",-,DOM,238,386,0,0,0,0,0
2010,-,Ecuador,-,ECU,859,201,0,0,0,0,0
2010,-,"Equatorial Guinea",-,GNQ,306,72,0,0,0,0,0
2010,-,Eritrea,-,ERI,222457,13569,0,0,0,0,0
2010,-,Estonia,-,EST,242,15,0,0,0,0,0
2010,-,Ethiopia,-,ETH,68838,48883,0,0,0,0,7
2010,-,Fiji,-,FJI,1849,298,0,0,0,0,0
2010,-,Finland,-,FIN,6,0,0,0,0,0,0
2010,-,France,-,FRA,90,33,0,0,0,0,0
2010,-,Gabon,-,GAB,167,37,0,0,0,0,0
2010,-,Gambia,-,GMB,2233,1044,0,0,0,0,0
2010,-,"State of Palestine",-,PSE,93312,3194,0,0,0,0,0
2010,-,"United Kingdom of Great Britain and Northern Ireland",-,GBR,152,43,0,0,0,0,0
2010,-,Georgia,-,GEO,10636,7185,359716,0,0,0,0
2010,-,Germany,-,DEU,159,30,0,0,0,0,0
2010,-,Ghana,-,GHA,20175,1996,0,0,0,0,0
2010,-,Guinea-Bissau,-,GNB,1117,338,0,0,0,0,0
2010,-,Greece,-,GRC,52,36,0,0,0,0,0
2010,-,Grenada,-,GRD,344,63,0,0,0,0,0
2010,-,Guatemala,-,GTM,5675,1023,0,0,0,0,0
2010,-,Guinea,-,GIN,11978,2769,0,0,0,0,0
2010,-,Guyana,-,GUY,746,170,0,0,0,0,0
2010,-,Haiti,-,HTI,25886,7190,0,0,0,0,0
2010,-,"China, Hong Kong SAR",-,HKG,16,81,0,0,0,0,0
2010,-,Honduras,-,HND,1300,815,0,0,0,0,0
2010,-,Croatia,-,HRV,65863,345,2125,0,0,0,20446
2010,-,Hungary,-,HUN,1435,3548,0,0,0,0,0
2010,-,Iceland,-,ISL,5,0,0,0,0,0,0
2010,-,"Cote d'Ivoire",-,CIV,41747,6014,514515,0,0,0,0
2010,-,India,-,IND,17766,3856,0,0,0,0,428
2010,-,Indonesia,-,IDN,16882,451,0,0,0,0,0
2010,-,Ireland,-,IRL,7,0,0,0,0,0,0
2010,-,"Iran (Islamic Rep. of)",-,IRN,68785,16055,0,0,0,0,0
2010,-,Iraq,-,IRQ,1683576,29939,1343568,0,0,0,6709
2010,-,Israel,-,ISR,1290,792,0,0,0,0,0
2010,-,Italy,-,ITA,45,52,0,0,0,0,0
2010,-,Jamaica,-,JAM,1055,554,0,0,0,0,0
2010,-,Jordan,-,JOR,2248,610,0,0,0,0,0
2010,-,Japan,-,JPN,149,10,0,0,0,0,0
2010,-,Kazakhstan,-,KAZ,3631,749,0,0,0,0,0
2010,-,Kenya,-,KEN,8585,1649,300000,0,0,0,0
2010,-,Kyrgyzstan,-,KGZ,2748,1560,80000,0,0,0,0
2010,-,Kiribati,-,KIR,31,0,0,0,0,0,0
2010,-,"Rep. of Korea",-,KOR,578,233,0,0,0,0,0
2010,-,"Dem. People's Rep. of Korea",-,PRK,915,268,0,0,0,0,0
2010,-,Kuwait,-,KWT,986,81,0,0,0,0,0
2010,-,"Lao People's Dem. Rep.",-,LAO,8412,68,0,0,0,0,0
2010,-,Liberia,-,LBR,70133,1909,0,0,0,0,0
2010,-,Libya,-,LBY,2297,558,0,0,0,0,0
2010,-,"Saint Lucia",-,LCA,334,683,0,0,0,0,0
2010,-,Lebanon,-,LBN,15864,1518,0,0,0,0,0
2010,-,Lesotho,-,LSO,5,5,0,0,0,0,0
2010,-,"Sri Lanka",-,LKA,141064,8588,273772,0,0,0,0
2010,-,Lithuania,-,LTU,508,120,0,0,0,0,0
2010,-,Latvia,-,LVA,712,177,0,0,0,0,0
2010,-,"China, Macao SAR",-,MAC,8,0,0,0,0,0,0
2010,-,Madagascar,-,MDG,266,18,0,0,0,0,0
2010,-,Mauritania,-,MRT,37721,753,0,0,0,0,0
2010,-,"North Macedonia",-,MKD,7880,2842,0,0,0,0,0
2010,-,"Rep. of Moldova",-,MDA,6204,635,0,0,0,0,0
2010,-,Maldives,-,MDV,16,0,0,0,0,0,0
2010,-,Mexico,-,MEX,6809,9956,0,0,0,0,0
2010,-,Mali,-,MLI,3659,385,0,0,0,0,0
2010,-,Malaysia,-,MYS,550,116,0,0,0,0,0
2010,-,Malawi,-,MWI,168,60,0,0,0,0,0
2010,-,Montenegro,-,MNE,3243,181,0,0,0,0,0
2010,-,Mongolia,-,MNG,1720,1788,0,0,0,0,0
2010,-,Morocco,-,MAR,2276,832,0,0,0,0,0
2010,-,Mozambique,-,MOZ,120,11,0,0,0,0,0
2010,-,Malta,-,MLT,5,0,0,0,0,0,0
2010,-,Mauritius,-,MUS,25,40,0,0,0,0,0
2010,-,Myanmar,-,MMR,415662,22268,62015,0,0,0,0
2010,-,Namibia,-,NAM,1013,345,0,0,0,0,0
2010,-,Nepal,-,NPL,5883,1160,0,0,0,0,0
2010,-,"Netherlands (Kingdom of the)",-,NLD,52,21,0,0,0,0,0
2010,-,Niger,-,NER,794,319,0,0,0,0,0
2010,-,Nicaragua,-,NIC,1426,154,0,0,0,0,0
2010,-,Nigeria,-,NGA,15645,11912,0,0,0,0,0
2010,-,"New Zealand",-,NZL,11,0,0,0,0,0,0
2010,-,Oman,-,OMN,62,6,0,0,0,0,0
2010,-,Pakistan,-,PAK,39979,19998,952035,0,0,0,0
2010,-,Panama,-,PAN,94,51,0,0,0,0,0
2010,-,Paraguay,-,PRY,86,24,0,0,0,0,0
2010,-,Peru,-,PER,5834,4764,0,0,0,0,0
2010,-,Philippines,-,PHL,963,651,139509,0,0,0,80000
2010,-,"Papua New Guinea",-,PNG,87,43,0,0,0,0,0
2010,-,Poland,-,POL,1758,153,0,0,0,0,0
2010,-,Portugal,-,PRT,29,60,0,0,0,0,0
2010,-,Qatar,-,QAT,109,7,0,0,0,0,0
2010,-,Romania,-,ROU,3926,308,0,0,0,0,0
2010,-,"South Africa",-,ZAF,374,210,0,0,0,0,0
2010,-,"Russian Federation",-,RUS,111944,10468,75371,0,0,0,306
2010,-,Rwanda,-,RWA,115519,10302,0,0,0,0,0
2010,-,"El Salvador",-,SLV,4978,1543,0,0,0,0,0
2010,-,"Saudi Arabia",-,SAU,659,75,0,0,0,0,0
2010,-,Senegal,-,SEN,16255,1522,0,0,0,0,0
2010,-,Seychelles,-,SYC,47,0,0,0,0,0,0
2010,-,Singapore,-,SGP,74,10,0,0,0,0,0
2010,-,"Sierra Leone",-,SLE,11261,1407,0,0,0,0,1850
2010,-,"Solomon Islands",-,SLB,75,0,0,0,0,0,0
2010,-,Somalia,-,SOM,770141,22811,1463780,0,0,0,0
2010,-,Spain,-,ESP,41,70,0,0,0,0,0
2010,-,"Serbia and Kosovo: S/RES/1244 (1999)",-,SRB,183284,16183,228442,0,0,0,8599
2010,-,"Viet Nam",-,VNM,338707,1123,0,0,0,0,68
2010,-,Stateless,-,XXA,16914,4149,0,0,3463073,0,0
2010,-,"Saint Kitts and Nevis",-,KNA,10,12,0,0,0,0,0
2010,-,"Sao Tome and Principe",-,STP,32,0,0,0,0,0,0
2010,-,Sudan,-,SDN,387265,23699,1624100,0,0,0,0
2010,-,Suriname,-,SUR,24,10,0,0,0,0,0
2010,-,Slovakia,-,SVK,157,424,0,0,0,0,0
2010,-,Slovenia,-,SVN,35,15,0,0,0,0,0
2010,-,Eswatini,-,SWZ,32,50,0,0,0,0,0
2010,-,Sweden,-,SWE,23,28,0,0,0,0,0
2010,-,Switzerland,-,CHE,20,0,0,0,0,0,0
2010,-,"Syrian Arab Rep.",-,SYR,18451,9739,0,0,0,0,0
2010,-,"United Rep. of Tanzania",-,TZA,1135,194,0,0,0,0,162256
2010,-,Thailand,-,THA,351,217,0,0,0,0,0
2010,-,Tibetan,-,TIB,15081,0,0,0,0,0,143
2010,-,Tajikistan,-,TJK,573,324,0,0,0,0,0
2010,-,Turkmenistan,-,TKM,723,47,0,0,0,0,0
2010,-,Timor-Leste,-,TLS,8,0,0,0,0,0,0
2010,-,Togo,-,TGO,18308,1023,0,0,0,0,0
2010,-,Tonga,-,TON,5,10,0,0,0,0,0
2010,-,"Trinidad and Tobago",-,TTO,252,146,0,0,0,0,0
2010,-,Tunisia,-,TUN,2159,537,0,0,0,0,0
2010,-,Türkiye,-,TUR,146785,7493,0,0,0,0,0
2010,-,"United Arab Emirates",-,ARE,418,24,0,0,0,0,0
2010,-,Uganda,-,UGA,6421,929,125598,0,0,0,0
2010,-,"Unknown ",-,UNK,167115,271557,0,0,0,0,0
2010,-,Ukraine,-,UKR,25102,1250,0,0,0,0,0
2010,-,Uruguay,-,URY,185,49,0,0,0,0,0
2010,-,"United States of America",-,USA,3019,866,0,0,0,0,0
2010,-,Uzbekistan,-,UZB,8841,1612,0,0,0,0,0
2010,-,"Saint Vincent and the Grenadines",-,VCT,946,1047,0,0,0,0,0
2010,-,"Venezuela (Bolivarian Republic of)",-,VEN,6697,626,0,0,0,0,0
2010,-,"Western Sahara",-,ESH,116411,24,0,0,0,0,0
2010,-,Yemen,-,YEM,2070,614,220994,0,0,0,0
2010,-,Zambia,-,ZMB,221,42,0,0,0,0,0
2010,-,Zimbabwe,-,ZWE,24080,1001,0,0,0,0,0
2011,-,Afghanistan,-,AFG,2664423,39199,447547,0,0,0,952531
2011,-,Albania,-,ALB,13552,2193,0,0,0,0,613
2011,-,Algeria,-,DZA,6093,2183,0,0,0,0,0
2011,-,Andorra,-,AND,5,0,0,0,0,0,0
2011,-,Angola,-,AGO,128657,773,0,0,0,0,0
2011,-,"Antigua and Barbuda",-,ATG,32,32,0,0,0,0,0
2011,-,Egypt,-,EGY,7922,2613,0,0,0,0,0
2011,-,Argentina,-,ARG,506,54,0,0,0,0,0
2011,-,Armenia,-,ARM,16491,2652,0,0,0,0,82938
2011,-,Australia,-,AUS,38,5,0,0,0,0,0
2011,-,Austria,-,AUT,10,0,0,0,0,0,0
2011,-,Azerbaijan,-,AZE,16168,2188,599192,0,0,0,0
2011,-,Bahrain,-,BHR,213,72,0,0,0,0,0
2011,-,Barbados,-,BRB,42,73,0,0,0,0,0
2011,-,Burundi,-,BDI,101282,9495,78796,0,0,0,162506
2011,-,Belgium,-,BEL,88,0,0,0,0,0,0
2011,-,Benin,-,BEN,460,269,0,0,0,0,0
2011,-,Bermuda,-,BMU,0,5,0,0,0,0,0
2011,-,Bangladesh,-,BGD,10047,5238,0,0,0,0,0
2011,-,Bahamas,-,BHS,184,35,0,0,0,0,0
2011,-,Bhutan,-,BTN,57980,1014,0,0,0,0,0
2011,-,"Burkina Faso",-,BFA,1262,337,0,0,0,0,0
2011,-,Belarus,-,BLR,5916,910,0,0,0,0,0
2011,-,"Bolivia (Plurinational State of)",-,BOL,615,152,0,0,0,0,0
2011,-,Botswana,-,BWA,88,168,0,0,0,0,0
2011,-,Brazil,-,BRA,1040,197,0,0,0,0,0
2011,-,"Bosnia and Herzegovina",-,BIH,58572,1949,113000,0,0,0,54034
2011,-,Bulgaria,-,BGR,2322,183,0,0,0,0,0
2011,-,Belize,-,BLZ,29,14,0,0,0,0,0
2011,-,Cambodia,-,KHM,15201,182,0,0,0,0,0
2011,-,Canada,-,CAN,108,0,0,0,0,0,0
2011,-,"Central African Rep.",-,CAF,162861,1793,105206,0,0,0,0
2011,-,Chad,-,TCD,42619,3122,124000,0,0,0,0
2011,-,China,-,CHN,190369,11375,0,0,0,0,0
2011,-,Chile,-,CHL,1182,117,0,0,0,0,0
2011,-,Cameroon,-,CMR,15149,2480,0,0,0,0,0
2011,-,Congo,-,COG,12836,1944,0,0,0,0,8651
2011,-,"Dem. Rep. of the Congo",-,COD,491470,52315,1709278,0,0,0,334
2011,-,Comoros,-,COM,420,28,0,0,0,0,0
2011,-,Colombia,-,COL,395950,42586,3888309,0,0,0,0
2011,-,"Costa Rica",-,CRI,332,39,0,0,0,0,0
2011,-,Cuba,-,CUB,7845,908,0,0,0,0,0
2011,-,"Cabo Verde",-,CPV,22,5,0,0,0,0,0
2011,-,Cyprus,-,CYP,10,0,0,0,0,0,0
2011,-,Czechia,-,CZE,758,656,0,0,0,0,0
2011,-,Denmark,-,DNK,6,0,0,0,0,0,0
2011,-,Djibouti,-,DJI,595,275,0,0,0,0,0
2011,-,Dominica,-,DMA,49,11,0,0,0,0,0
2011,-,"Dominican Rep.",-,DOM,239,347,0,0,0,0,0
2011,-,Ecuador,-,ECU,912,254,0,0,0,0,0
2011,-,"Equatorial Guinea",-,GNQ,261,37,0,0,0,0,0
2011,-,Eritrea,-,ERI,251941,14598,0,0,0,0,0
2011,-,Estonia,-,EST,225,34,0,0,0,0,0
2011,-,Ethiopia,-,ETH,70601,38827,0,0,0,0,0
2011,-,Fiji,-,FJI,1576,256,0,0,0,0,0
2011,-,Finland,-,FIN,6,5,0,0,0,0,0
2011,-,France,-,FRA,92,51,0,0,0,0,0
2011,-,Gabon,-,GAB,180,35,0,0,0,0,0
2011,-,Gambia,-,GMB,2572,1179,0,0,0,0,0
2011,-,"State of Palestine",-,PSE,94141,1760,0,0,0,0,0
2011,-,"United Kingdom of Great Britain and Northern Ireland",-,GBR,150,40,0,0,0,0,0
2011,-,Georgia,-,GEO,10115,2957,273997,0,0,0,0
2011,-,Germany,-,DEU,169,29,0,0,0,0,0
2011,-,Ghana,-,GHA,20333,2493,0,0,0,0,0
2011,-,Guinea-Bissau,-,GNB,1118,486,0,0,0,0,0
2011,-,Greece,-,GRC,54,38,0,0,0,0,0
2011,-,Grenada,-,GRD,325,45,0,0,0,0,0
2011,-,Guatemala,-,GTM,6087,1105,0,0,0,0,0
2011,-,Guinea,-,GIN,13164,4641,0,0,0,0,0
2011,-,Guyana,-,GUY,768,102,0,0,0,0,0
2011,-,Haiti,-,HTI,33652,7463,0,0,0,0,0
2011,-,"China, Hong Kong SAR",-,HKG,14,5,0,0,0,0,0
2011,-,Honduras,-,HND,1967,847,0,0,0,0,0
2011,-,Croatia,-,HRV,62653,743,0,0,0,0,21508
2011,-,Hungary,-,HUN,1234,6006,0,0,0,0,0
2011,-,"Cote d'Ivoire",-,CIV,154818,18197,126668,0,0,0,938
2011,-,India,-,IND,16226,4347,0,0,0,0,413
2011,-,Indonesia,-,IDN,16069,376,0,0,0,0,0
2011,-,Ireland,-,IRL,7,5,0,0,0,0,0
2011,-,"Iran (Islamic Rep. of)",-,IRN,72366,18450,0,0,0,0,0
2011,-,Iraq,-,IRQ,1428306,24485,1332382,0,0,0,7213
2011,-,Israel,-,ISR,1323,507,0,0,0,0,0
2011,-,Italy,-,ITA,57,32,0,0,0,0,0
2011,-,Jamaica,-,JAM,1248,579,0,0,0,0,0
2011,-,Jordan,-,JOR,2242,532,0,0,0,0,0
2011,-,Japan,-,JPN,176,36,0,0,0,0,0
2011,-,Kazakhstan,-,KAZ,3497,747,0,0,0,0,0
2011,-,Kenya,-,KEN,8731,1590,300000,0,0,0,0
2011,-,Kyrgyzstan,-,KGZ,3163,1561,163900,0,0,0,0
2011,-,Kiribati,-,KIR,31,5,0,0,0,0,0
2011,-,"Rep. of Korea",-,KOR,508,173,0,0,0,0,0
2011,-,"Dem. People's Rep. of Korea",-,PRK,1046,550,0,0,0,0,0
2011,-,Kuwait,-,KWT,1112,164,0,0,0,0,0
2011,-,"Lao People's Dem. Rep.",-,LAO,8086,24,0,0,0,0,0
2011,-,Liberia,-,LBR,66779,1957,0,0,0,0,0
2011,-,Libya,-,LBY,4372,1954,93565,0,0,0,0
2011,-,"Saint Lucia",-,LCA,432,679,0,0,0,0,0
2011,-,Lebanon,-,LBN,15004,1384,0,0,0,0,0
2011,-,Lesotho,-,LSO,5,158,0,0,0,0,0
2011,-,"Sri Lanka",-,LKA,136602,10239,138401,0,0,0,0
2011,-,Lithuania,-,LTU,523,111,0,0,0,0,0
2011,-,Latvia,-,LVA,706,143,0,0,0,0,0
2011,-,"China, Macao SAR",-,MAC,8,0,0,0,0,0,0
2011,-,Madagascar,-,MDG,287,11,0,0,0,0,0
2011,-,Mauritania,-,MRT,39919,579,0,0,0,0,0
2011,-,"North Macedonia",-,MKD,7677,2262,0,0,0,0,0
2011,-,Monaco,-,MCO,5,0,0,0,0,0,0
2011,-,"Rep. of Moldova",-,MDA,6261,457,0,0,0,0,0
2011,-,Maldives,-,MDV,21,0,0,0,0,0,0
2011,-,Mexico,-,MEX,7471,5328,0,0,0,0,0
2011,-,Mali,-,MLI,4289,389,0,0,0,0,0
2011,-,Malaysia,-,MYS,531,136,0,0,0,0,0
2011,-,Malawi,-,MWI,216,2963,0,0,0,0,0
2011,-,Montenegro,-,MNE,3699,300,0,0,0,0,5
2011,-,Mongolia,-,MNG,1982,1443,0,0,0,0,0
2011,-,Morocco,-,MAR,2305,1134,0,0,0,0,0
2011,-,Mozambique,-,MOZ,147,346,0,0,0,0,0
2011,-,Malta,-,MLT,5,0,0,0,0,0,0
2011,-,Mauritius,-,MUS,36,107,0,0,0,0,0
2011,-,Myanmar,-,MMR,414615,24101,339200,0,0,0,0
2011,-,Namibia,-,NAM,1067,1092,0,0,0,0,0
2011,-,Nepal,-,NPL,6845,2004,0,0,0,0,0
2011,-,"Netherlands (Kingdom of the)",-,NLD,61,42,0,0,0,0,0
2011,-,Niger,-,NER,805,290,0,0,0,0,0
2011,-,Nicaragua,-,NIC,1464,138,0,0,0,0,0
2011,-,Nigeria,-,NGA,17140,10519,0,0,0,0,0
2011,-,Niue,-,NIU,7,0,0,0,0,0,0
2011,-,Norway,-,NOR,5,5,0,0,0,0,0
2011,-,Nauru,-,NRU,0,5,0,0,0,0,0
2011,-,"New Zealand",-,NZL,13,6,0,0,0,0,0
2011,-,Oman,-,OMN,58,0,0,0,0,0,0
2011,-,Pakistan,-,PAK,35948,13679,452932,0,0,0,0
2011,-,Panama,-,PAN,98,31,0,0,0,0,0
2011,-,Paraguay,-,PRY,91,22,0,0,0,0,0
2011,-,Peru,-,PER,5488,498,0,0,0,0,0
2011,-,Philippines,-,PHL,945,355,159465,0,0,0,80000
2011,-,"Papua New Guinea",-,PNG,126,46,0,0,0,0,0
2011,-,Poland,-,POL,1811,349,0,0,0,0,0
2011,-,Portugal,-,PRT,29,67,0,0,0,0,0
2011,-,Qatar,-,QAT,93,7,0,0,0,0,0
2011,-,Romania,-,ROU,3422,465,0,0,0,0,0
2011,-,"South Africa",-,ZAF,422,200,0,0,0,0,0
2011,-,"Russian Federation",-,RUS,109783,11840,28450,0,0,0,14234
2011,-,Rwanda,-,RWA,106832,9255,0,0,0,0,0
2011,-,"El Salvador",-,SLV,6725,1633,0,0,0,0,0
2011,-,"Saudi Arabia",-,SAU,733,103,0,0,0,0,0
2011,-,Senegal,-,SEN,17710,926,0,0,0,0,0
2011,-,Seychelles,-,SYC,39,0,0,0,0,0,0
2011,-,Singapore,-,SGP,65,18,0,0,0,0,0
2011,-,"Sierra Leone",-,SLE,7985,1204,0,0,0,0,1850
2011,-,"Solomon Islands",-,SLB,72,5,0,0,0,0,0
2011,-,Somalia,-,SOM,1077038,31238,1356845,0,0,0,51
2011,-,Spain,-,ESP,42,85,0,0,0,0,0
2011,-,"Serbia and Kosovo: S/RES/1244 (1999)",-,SRB,161664,15401,228215,0,0,0,9679
2011,-,"Viet Nam",-,VNM,337828,1304,0,0,0,0,68
2011,-,"South Sudan",-,SSD,0,5,560161,0,0,0,0
2011,-,Stateless,-,XXA,18170,2241,0,0,3477100,0,0
2011,-,"Saint Kitts and Nevis",-,KNA,7,14,0,0,0,0,0
2011,-,"Sao Tome and Principe",-,STP,32,0,0,0,0,0,0
2011,-,Sudan,-,SDN,500004,31447,2422520,0,0,0,0
2011,-,Suriname,-,SUR,22,5,0,0,0,0,0
2011,-,Slovakia,-,SVK,271,538,0,0,0,0,0
2011,-,Slovenia,-,SVN,30,7,0,0,0,0,0
2011,-,Eswatini,-,SWZ,39,131,0,0,0,0,0
2011,-,Sweden,-,SWE,23,18,0,0,0,0,0
2011,-,Switzerland,-,CHE,20,0,0,0,0,0,0
2011,-,"Syrian Arab Rep.",-,SYR,19931,14441,0,0,0,0,14110
2011,-,"United Rep. of Tanzania",-,TZA,1154,553,0,0,0,0,0
2011,-,"Turks and Caicos Islands",-,TCA,14,6,0,0,0,0,0
2011,-,Thailand,-,THA,365,175,0,0,0,0,0
2011,-,Tibetan,-,TIB,15065,0,0,0,0,0,128
2011,-,Tajikistan,-,TJK,604,371,0,0,0,0,0
2011,-,Turkmenistan,-,TKM,711,70,0,0,0,0,0
2011,-,Timor-Leste,-,TLS,8,0,0,0,0,0,0
2011,-,Togo,-,TGO,17853,2974,0,0,0,0,0
2011,-,Tonga,-,TON,7,21,0,0,0,0,0
2011,-,"Trinidad and Tobago",-,TTO,296,103,0,0,0,0,0
2011,-,Tunisia,-,TUN,1930,1598,0,0,0,0,0
2011,-,Türkiye,-,TUR,139763,6885,0,0,0,0,0
2011,-,"United Arab Emirates",-,ARE,484,6,0,0,0,0,0
2011,-,Uganda,-,UGA,5658,1970,29776,0,0,0,0
2011,-,"Unknown ",-,UNK,145045,283844,0,0,0,0,0
2011,-,Ukraine,-,UKR,25372,1039,0,0,0,0,0
2011,-,Uruguay,-,URY,183,41,0,0,0,0,0
2011,-,"United States of America",-,USA,3775,591,0,0,0,0,0
2011,-,Uzbekistan,-,UZB,12667,1503,0,0,0,0,0
2011,-,"Saint Vincent and the Grenadines",-,VCT,1126,905,0,0,0,0,0
2011,-,"Venezuela (Bolivarian Republic of)",-,VEN,7575,570,0,0,0,0,0
2011,-,"Western Sahara",-,ESH,116414,5,0,0,0,0,0
2011,-,Yemen,-,YEM,2321,1152,347295,0,0,0,0
2011,-,Zambia,-,ZMB,234,182,0,0,0,0,0
2011,-,Zimbabwe,-,ZWE,25033,36685,54278,0,0,0,40
2012,-,Afghanistan,-,AFG,2586132,62304,486298,0,0,0,880468
2012,-,Albania,-,ALB,12569,3722,0,0,0,0,783
2012,-,Algeria,-,DZA,5657,2463,0,0,0,0,0
2012,-,Andorra,-,AND,6,0,0,0,0,0,0
2012,-,Angola,-,AGO,19253,1158,0,0,0,0,96398
2012,-,"Antigua and Barbuda",-,ATG,45,35,0,0,0,0,0
2012,-,Egypt,-,EGY,10014,4118,0,0,0,0,0
2012,-,Argentina,-,ARG,435,41,0,0,0,0,0
2012,-,Armenia,-,ARM,15937,2888,0,0,0,0,0
2012,-,Australia,-,AUS,47,5,0,0,0,0,0
2012,-,Austria,-,AUT,15,5,0,0,0,0,0
2012,-,Azerbaijan,-,AZE,15541,2187,600336,0,0,0,0
2012,-,Bahrain,-,BHR,294,103,0,0,0,0,0
2012,-,Barbados,-,BRB,50,56,0,0,0,0,0
2012,-,Burundi,-,BDI,73354,12957,78948,0,0,0,162555
2012,-,Belgium,-,BEL,91,13,0,0,0,0,0
2012,-,Benin,-,BEN,451,428,0,0,0,0,0
2012,-,Bermuda,-,BMU,0,5,0,0,0,0,0
2012,-,Bangladesh,-,BGD,10159,8162,0,0,0,0,0
2012,-,Bahamas,-,BHS,195,32,0,0,0,0,0
2012,-,Bhutan,-,BTN,41582,99,0,0,0,0,0
2012,-,"Burkina Faso",-,BFA,1458,504,0,0,0,0,0
2012,-,Belarus,-,BLR,6181,1013,0,0,0,0,0
2012,-,"Bolivia (Plurinational State of)",-,BOL,616,162,0,0,0,0,0
2012,-,Botswana,-,BWA,125,126,0,0,0,0,0
2012,-,Brazil,-,BRA,1073,242,0,0,0,0,0
2012,-,"Bosnia and Herzegovina",-,BIH,51815,2791,103449,0,0,0,54792
2012,-,Bulgaria,-,BGR,2143,136,0,0,0,0,0
2012,-,Belize,-,BLZ,35,5,0,0,0,0,0
2012,-,Cambodia,-,KHM,14016,214,0,0,0,0,0
2012,-,Canada,-,CAN,121,5,0,0,0,0,0
2012,-,"Central African Rep.",-,CAF,164567,1899,51679,0,0,0,0
2012,-,Chad,-,TCD,39674,3758,90000,0,0,0,0
2012,-,China,-,CHN,193449,15362,0,0,0,0,0
2012,-,Chile,-,CHL,1145,63,0,0,0,0,0
2012,-,Cameroon,-,CMR,13360,3380,0,0,0,0,0
2012,-,Congo,-,COG,12113,2489,0,0,0,0,320
2012,-,"Dem. Rep. of the Congo",-,COD,509275,58670,2669069,0,0,0,0
2012,-,Comoros,-,COM,449,54,0,0,0,0,0
2012,-,Colombia,-,COL,394112,18635,3943509,0,0,0,0
2012,-,"Costa Rica",-,CRI,325,23,0,0,0,0,0
2012,-,Cuba,-,CUB,7722,823,0,0,0,0,0
2012,-,"Cabo Verde",-,CPV,22,10,0,0,0,0,0
2012,-,Cyprus,-,CYP,10,0,0,0,0,0,0
2012,-,Czechia,-,CZE,620,194,0,0,0,0,0
2012,-,Denmark,-,DNK,6,0,0,0,0,0,0
2012,-,Djibouti,-,DJI,626,299,0,0,0,0,0
2012,-,Dominica,-,DMA,52,12,0,0,0,0,0
2012,-,"Dominican Rep.",-,DOM,280,355,0,0,0,0,0
2012,-,Ecuador,-,ECU,848,519,0,0,0,0,0
2012,-,"Equatorial Guinea",-,GNQ,230,78,0,0,0,0,0
2012,-,Eritrea,-,ERI,285356,20544,0,0,0,0,64
2012,-,Estonia,-,EST,455,28,0,0,0,0,0
2012,-,Ethiopia,-,ETH,74964,41902,0,0,0,0,4760
2012,-,Fiji,-,FJI,1314,269,0,0,0,0,0
2012,-,Finland,-,FIN,5,6,0,0,0,0,0
2012,-,France,-,FRA,94,38,0,0,0,0,0
2012,-,Gabon,-,GAB,189,56,0,0,0,0,0
2012,-,Gambia,-,GMB,3063,1753,0,0,0,0,0
2012,-,"State of Palestine",-,PSE,94916,2423,0,0,0,0,0
2012,-,"United Kingdom of Great Britain and Northern Ireland",-,GBR,150,45,0,0,0,0,0
2012,-,Georgia,-,GEO,9266,4575,279778,0,0,0,0
2012,-,Germany,-,DEU,174,21,0,0,0,0,0
2012,-,Ghana,-,GHA,24269,3469,0,0,0,0,0
2012,-,Guinea-Bissau,-,GNB,1173,898,0,0,0,0,0
2012,-,Greece,-,GRC,48,127,0,0,0,0,0
2012,-,Grenada,-,GRD,316,49,0,0,0,0,0
2012,-,Guatemala,-,GTM,6389,1325,0,0,0,0,0
2012,-,Guinea,-,GIN,14062,9504,0,0,0,0,0
2012,-,Guyana,-,GUY,800,73,0,0,0,0,0
2012,-,Haiti,-,HTI,38559,2628,0,0,0,0,5580
2012,-,"China, Hong Kong SAR",-,HKG,18,64,0,0,0,0,0
2012,-,Honduras,-,HND,2612,804,0,0,0,0,0
2012,-,Croatia,-,HRV,62606,1293,0,0,0,0,20615
2012,-,Hungary,-,HUN,1085,3731,0,0,0,0,0
2012,-,"Cote d'Ivoire",-,CIV,100709,11192,45000,0,0,0,332
2012,-,India,-,IND,14245,6654,0,0,0,0,446
2012,-,Indonesia,-,IDN,15514,498,0,0,0,0,0
2012,-,Ireland,-,IRL,7,10,0,0,0,0,0
2012,-,"Iran (Islamic Rep. of)",-,IRN,75932,24043,0,0,0,0,0
2012,-,Iraq,-,IRQ,746204,24239,1131810,0,0,0,0
2012,-,Israel,-,ISR,1326,416,0,0,0,0,0
2012,-,Italy,-,ITA,65,54,0,0,0,0,0
2012,-,Jamaica,-,JAM,1404,497,0,0,0,0,0
2012,-,Jordan,-,JOR,2363,622,0,0,0,0,0
2012,-,Japan,-,JPN,173,37,0,0,0,0,0
2012,-,Kazakhstan,-,KAZ,3567,926,0,0,0,0,0
2012,-,Kenya,-,KEN,8946,1544,412000,0,0,0,0
2012,-,Kyrgyzstan,-,KGZ,3490,1196,168600,0,0,0,0
2012,-,Kiribati,-,KIR,34,10,0,0,0,0,0
2012,-,"Rep. of Korea",-,KOR,555,183,0,0,0,0,0
2012,-,"Dem. People's Rep. of Korea",-,PRK,1126,1023,0,0,0,0,0
2012,-,Kuwait,-,KWT,1189,135,0,0,0,0,0
2012,-,"Lao People's Dem. Rep.",-,LAO,7981,10,0,0,0,0,0
2012,-,Liberia,-,LBR,23428,2021,0,0,0,0,0
2012,-,Libya,-,LBY,5233,1894,59425,0,0,0,0
2012,-,"Saint Lucia",-,LCA,567,517,0,0,0,0,0
2012,-,Lebanon,-,LBN,15100,1976,0,0,0,0,0
2012,-,Lesotho,-,LSO,5,279,0,0,0,0,0
2012,-,"Sri Lanka",-,LKA,132720,14018,93482,0,0,0,0
2012,-,Lithuania,-,LTU,487,90,0,0,0,0,0
2012,-,Latvia,-,LVA,662,94,0,0,0,0,0
2012,-,Madagascar,-,MDG,299,27,0,0,0,0,0
2012,-,Mauritania,-,MRT,33747,3028,0,0,0,0,0
2012,-,"North Macedonia",-,MKD,7582,4644,0,0,0,0,43
2012,-,Monaco,-,MCO,5,0,0,0,0,0,0
2012,-,"Rep. of Moldova",-,MDA,6148,430,0,0,0,0,0
2012,-,Maldives,-,MDV,22,31,0,0,0,0,0
2012,-,Mexico,-,MEX,8438,3605,0,0,0,0,0
2012,-,Mali,-,MLI,149930,1849,227930,0,0,0,0
2012,-,Malaysia,-,MYS,523,170,0,0,0,0,0
2012,-,Malawi,-,MWI,273,4543,0,0,0,0,0
2012,-,Montenegro,-,MNE,4052,371,0,0,0,0,5
2012,-,Mongolia,-,MNG,2111,941,0,0,0,0,0
2012,-,Morocco,-,MAR,2394,1759,0,0,0,0,0
2012,-,Mozambique,-,MOZ,155,865,0,0,0,0,0
2012,-,Malta,-,MLT,5,0,0,0,0,0,0
2012,-,Mauritius,-,MUS,57,114,0,0,0,0,0
2012,-,Myanmar,-,MMR,415363,25622,430400,0,0,0,0
2012,-,Namibia,-,NAM,1097,571,0,0,0,0,0
2012,-,Nepal,-,NPL,7601,2511,0,0,0,0,0
2012,-,"Netherlands (Kingdom of the)",-,NLD,69,28,0,0,0,0,0
2012,-,Niger,-,NER,824,354,0,0,0,0,0
2012,-,Nicaragua,-,NIC,1526,121,0,0,0,0,0
2012,-,Nigeria,-,NGA,18017,14159,0,0,0,0,0
2012,-,Niue,-,NIU,10,0,0,0,0,0,0
2012,-,Norway,-,NOR,5,5,0,0,0,0,0
2012,-,"New Zealand",-,NZL,19,6,0,0,0,0,0
2012,-,Oman,-,OMN,62,0,0,0,0,0,0
2012,-,Pakistan,-,PAK,49778,23704,757996,0,0,0,0
2012,-,Panama,-,PAN,107,31,0,0,0,0,0
2012,-,Paraguay,-,PRY,101,23,0,0,0,0,0
2012,-,Peru,-,PER,5207,336,0,0,0,0,0
2012,-,Philippines,-,PHL,979,377,1159,0,0,0,80000
2012,-,"Papua New Guinea",-,PNG,172,83,0,0,0,0,0
2012,-,Poland,-,POL,1638,326,0,0,0,0,0
2012,-,Portugal,-,PRT,32,49,0,0,0,0,0
2012,-,Qatar,-,QAT,123,5,0,0,0,0,0
2012,-,Romania,-,ROU,2802,610,0,0,0,0,0
2012,-,"South Africa",-,ZAF,413,221,0,0,0,0,0
2012,-,"Russian Federation",-,RUS,110587,15254,0,0,0,0,10557
2012,-,Rwanda,-,RWA,97357,10283,0,0,0,0,89
2012,-,"El Salvador",-,SLV,8173,1646,0,0,0,0,0
2012,-,"Saudi Arabia",-,SAU,811,141,0,0,0,0,0
2012,-,Senegal,-,SEN,18717,2648,0,0,0,0,0
2012,-,Seychelles,-,SYC,30,0,0,0,0,0,0
2012,-,Singapore,-,SGP,64,25,0,0,0,0,0
2012,-,"Sierra Leone",-,SLE,6191,2306,0,0,0,0,1606
2012,-,"Solomon Islands",-,SLB,60,5,0,0,0,0,0
2012,-,Somalia,-,SOM,1136709,33680,1132963,0,0,0,38
2012,-,Spain,-,ESP,55,81,0,0,0,0,0
2012,-,"Serbia and Kosovo: S/RES/1244 (1999)",-,SRB,158903,16644,227821,0,0,0,2576
2012,-,"Viet Nam",-,VNM,336936,1394,0,0,0,0,68
2012,-,"South Sudan",-,SSD,87007,18676,345670,0,0,0,0
2012,-,Stateless,-,XXA,19668,3212,0,0,3335772,0,0
2012,-,"Saint Kitts and Nevis",-,KNA,10,20,0,0,0,0,0
2012,-,"Sao Tome and Principe",-,STP,31,0,0,0,0,0,0
2012,-,Sudan,-,SDN,568934,21521,1873300,0,0,0,0
2012,-,Suriname,-,SUR,14,18,0,0,0,0,0
2012,-,Slovakia,-,SVK,231,624,0,0,0,0,0
2012,-,Slovenia,-,SVN,32,12,0,0,0,0,0
2012,-,Eswatini,-,SWZ,59,166,0,0,0,0,0
2012,-,Sweden,-,SWE,21,41,0,0,0,0,0
2012,-,Switzerland,-,CHE,16,5,0,0,0,0,0
2012,-,"Syrian Arab Rep.",-,SYR,729011,26016,2016500,0,0,0,6900
2012,-,"United Rep. of Tanzania",-,TZA,1109,807,0,0,0,0,0
2012,-,"Turks and Caicos Islands",-,TCA,14,9,0,0,0,0,0
2012,-,Thailand,-,THA,378,172,0,0,0,0,0
2012,-,Tibetan,-,TIB,15000,0,0,0,0,0,0
2012,-,Tajikistan,-,TJK,669,445,0,0,0,0,0
2012,-,Turkmenistan,-,TKM,708,125,0,0,0,0,0
2012,-,Timor-Leste,-,TLS,8,6,0,0,0,0,0
2012,-,Togo,-,TGO,15683,3018,0,0,0,0,0
2012,-,Tonga,-,TON,11,39,0,0,0,0,0
2012,-,"Trinidad and Tobago",-,TTO,335,90,0,0,0,0,0
2012,-,Tunisia,-,TUN,1918,2279,0,0,0,0,0
2012,-,Türkiye,-,TUR,135353,8857,0,0,0,0,0
2012,-,Tuvalu,-,TUV,0,5,0,0,0,0,0
2012,-,"United Arab Emirates",-,ARE,580,13,0,0,0,0,0
2012,-,Uganda,-,UGA,5588,3076,0,0,0,0,0
2012,-,"Unknown ",-,UNK,132803,226457,0,0,0,0,583
2012,-,Ukraine,-,UKR,25248,1209,0,0,0,0,0
2012,-,Uruguay,-,URY,168,33,0,0,0,0,0
2012,-,"United States of America",-,USA,4454,417,0,0,0,0,0
2012,-,Uzbekistan,-,UZB,11593,1429,0,0,0,0,0
2012,-,"Saint Vincent and the Grenadines",-,VCT,1315,486,0,0,0,0,0
2012,-,"Venezuela (Bolivarian Republic of)",-,VEN,8204,496,0,0,0,0,0
2012,-,Samoa,-,WSM,0,11,0,0,0,0,0
2012,-,"Western Sahara",-,ESH,116451,128,0,0,0,0,0
2012,-,Yemen,-,YEM,2582,1581,385320,0,0,0,0
2012,-,Zambia,-,ZMB,240,244,0,0,0,0,0
2012,-,Zimbabwe,-,ZWE,22082,41723,57926,0,0,0,22
2013,-,Afghanistan,-,AFG,2556483,75284,631286,0,0,0,275817
2013,-,Albania,-,ALB,10104,9771,0,0,0,0,1013
2013,-,Algeria,-,DZA,3643,4286,0,0,0,0,10
2013,-,Andorra,-,AND,5,0,0,0,0,0,0
2013,-,Angola,-,AGO,10274,1442,0,0,0,0,96786
2013,-,"Antigua and Barbuda",-,ATG,50,28,0,0,0,0,0
2013,-,Egypt,-,EGY,12804,9478,0,0,0,0,0
2013,-,Argentina,-,ARG,381,71,0,0,0,0,0
2013,-,Armenia,-,ARM,11995,5363,0,0,0,0,11
2013,-,Australia,-,AUS,27,5,0,0,0,0,0
2013,-,Austria,-,AUT,5,10,0,0,0,0,0
2013,-,Azerbaijan,-,AZE,10808,3613,609029,0,0,0,0
2013,-,Bahrain,-,BHR,274,89,0,0,0,0,7
2013,-,Barbados,-,BRB,63,51,0,0,0,0,0
2013,-,Burundi,-,BDI,72636,14396,78948,0,0,0,162256
2013,-,Belgium,-,BEL,76,31,0,0,0,0,0
2013,-,Benin,-,BEN,294,501,0,0,0,0,0
2013,-,Bangladesh,-,BGD,9720,22857,0,0,0,0,5
2013,-,Bahamas,-,BHS,208,27,0,0,0,0,0
2013,-,Bhutan,-,BTN,31556,157,0,0,0,0,0
2013,-,"Burkina Faso",-,BFA,1578,937,0,0,0,0,0
2013,-,Belarus,-,BLR,4387,870,0,0,0,0,0
2013,-,"Bolivia (Plurinational State of)",-,BOL,594,201,0,0,0,0,0
2013,-,Botswana,-,BWA,165,101,0,0,0,0,0
2013,-,Brazil,-,BRA,982,551,0,0,0,0,0
2013,-,"Bosnia and Herzegovina",-,BIH,26787,4140,84500,0,0,0,55234
2013,-,Bulgaria,-,BGR,1875,177,0,0,0,0,0
2013,-,Belize,-,BLZ,37,53,0,0,0,0,0
2013,-,Cambodia,-,KHM,13738,231,0,0,0,0,0
2013,-,Canada,-,CAN,94,23,0,0,0,0,6
2013,-,"Central African Rep.",-,CAF,252854,7459,894421,0,0,0,0
2013,-,"Cayman Islands",-,CYM,6,0,0,0,0,0,0
2013,-,Chad,-,TCD,48618,3844,19791,0,0,0,0
2013,-,China,-,CHN,195121,24799,0,0,0,0,0
2013,-,Chile,-,CHL,588,66,0,0,0,0,0
2013,-,Cameroon,-,CMR,11410,4215,0,0,0,0,0
2013,-,Congo,-,COG,11744,3273,0,0,0,0,0
2013,-,"Dem. Rep. of the Congo",-,COD,499551,65353,2963799,0,0,0,87
2013,-,Comoros,-,COM,509,318,0,0,0,0,0
2013,-,Colombia,-,COL,396711,15638,5368138,0,0,0,0
2013,-,"Costa Rica",-,CRI,463,460,0,0,0,0,0
2013,-,Cuba,-,CUB,7453,1120,0,0,0,0,0
2013,-,"Curacao ",-,CUW,35,59,0,0,0,0,0
2013,-,"Cabo Verde",-,CPV,22,17,0,0,0,0,0
2013,-,Cyprus,-,CYP,10,0,0,0,0,0,0
2013,-,Czechia,-,CZE,984,111,0,0,0,0,0
2013,-,Denmark,-,DNK,6,5,0,0,0,0,0
2013,-,Djibouti,-,DJI,747,391,0,0,0,0,0
2013,-,Dominica,-,DMA,41,20,0,0,0,0,0
2013,-,"Dominican Rep.",-,DOM,298,840,0,0,0,0,0
2013,-,Ecuador,-,ECU,711,2340,0,0,0,0,0
2013,-,"Equatorial Guinea",-,GNQ,196,60,0,0,0,0,0
2013,-,Eritrea,-,ERI,308210,28924,0,0,0,0,69
2013,-,Estonia,-,EST,349,22,0,0,0,0,0
2013,-,Ethiopia,-,ETH,77109,49315,0,0,0,0,3241
2013,-,Fiji,-,FJI,1109,463,0,0,0,0,0
2013,-,Finland,-,FIN,5,5,0,0,0,0,0
2013,-,France,-,FRA,92,42,0,0,0,0,0
2013,-,Gabon,-,GAB,180,104,0,0,0,0,0
2013,-,Gambia,-,GMB,3382,3817,0,0,0,0,0
2013,-,"State of Palestine",-,PSE,96035,3336,0,0,0,0,3360
2013,-,"United Kingdom of Great Britain and Northern Ireland",-,GBR,140,66,0,0,0,0,0
2013,-,Georgia,-,GEO,6787,11558,257611,0,0,0,0
2013,-,Germany,-,DEU,164,73,0,0,0,0,0
2013,-,Ghana,-,GHA,21048,4977,0,0,0,0,0
2013,-,Guinea-Bissau,-,GNB,1222,1193,0,0,0,0,0
2013,-,Greece,-,GRC,88,100,0,0,0,0,0
2013,-,Grenada,-,GRD,330,41,0,0,0,0,0
2013,-,Guatemala,-,GTM,6620,8435,0,0,0,0,0
2013,-,Guinea,-,GIN,14559,11604,0,0,0,0,0
2013,-,Guyana,-,GUY,800,136,0,0,0,0,0
2013,-,Haiti,-,HTI,38644,5156,0,0,0,0,12318
2013,-,"China, Hong Kong SAR",-,HKG,24,52,0,0,0,0,0
2013,-,Honduras,-,HND,3299,5292,0,0,0,0,0
2013,-,Croatia,-,HRV,49755,980,0,0,0,0,16891
2013,-,Hungary,-,HUN,1218,1956,0,0,0,0,5
2013,-,Iceland,-,ISL,0,5,0,0,0,0,0
2013,-,"Cote d'Ivoire",-,CIV,85650,10985,24000,0,0,0,0
2013,-,India,-,IND,11032,12471,0,0,0,0,411
2013,-,Indonesia,-,IDN,14775,1117,0,0,0,0,0
2013,-,Ireland,-,IRL,7,32,0,0,0,0,0
2013,-,"Iran (Islamic Rep. of)",-,IRN,75061,28780,0,0,0,0,28
2013,-,Iraq,-,IRQ,401461,43145,954128,0,0,0,17
2013,-,Israel,-,ISR,1026,289,0,0,0,0,0
2013,-,Italy,-,ITA,64,77,0,0,0,0,0
2013,-,Jamaica,-,JAM,1501,630,0,0,0,0,0
2013,-,Jordan,-,JOR,1622,927,0,0,0,0,74
2013,-,Japan,-,JPN,154,48,0,0,0,0,0
2013,-,Kazakhstan,-,KAZ,2114,1147,0,0,0,0,0
2013,-,Kenya,-,KEN,8580,2192,0,0,0,0,0
2013,-,Kyrgyzstan,-,KGZ,2299,1289,0,0,0,0,0
2013,-,Kiribati,-,KIR,21,0,0,0,0,0,0
2013,-,"Rep. of Korea",-,KOR,495,212,0,0,0,0,0
2013,-,"Dem. People's Rep. of Korea",-,PRK,1163,940,0,0,0,0,0
2013,-,Kuwait,-,KWT,971,173,0,0,0,0,0
2013,-,"Lao People's Dem. Rep.",-,LAO,7736,41,0,0,0,0,0
2013,-,Liberia,-,LBR,17548,1982,0,0,0,0,212
2013,-,Libya,-,LBY,3298,2068,53579,0,0,0,5
2013,-,"Saint Lucia",-,LCA,711,257,0,0,0,0,0
2013,-,Lebanon,-,LBN,3809,2730,0,0,0,0,0
2013,-,Lesotho,-,LSO,10,676,0,0,0,0,0
2013,-,"Sri Lanka",-,LKA,123074,16133,42191,0,0,0,7
2013,-,Lithuania,-,LTU,217,76,0,0,0,0,0
2013,-,Latvia,-,LVA,228,66,0,0,0,0,0
2013,-,"China, Macao SAR",-,MAC,0,5,0,0,0,0,0
2013,-,Madagascar,-,MDG,298,168,0,0,0,0,0
2013,-,Mauritania,-,MRT,34239,3843,0,0,0,0,0
2013,-,"North Macedonia",-,MKD,1622,6681,0,0,0,0,7
2013,-,Monaco,-,MCO,5,0,0,0,0,0,0
2013,-,"Rep. of Moldova",-,MDA,2210,877,0,0,0,0,0
2013,-,Maldives,-,MDV,30,24,0,0,0,0,0
2013,-,Mexico,-,MEX,9396,12267,0,0,0,0,0
2013,-,"Marshall Islands",-,MHL,5,5,0,0,0,0,0
2013,-,Mali,-,MLI,152812,6529,254822,0,0,0,0
2013,-,Malaysia,-,MYS,478,266,0,0,0,0,0
2013,-,Malawi,-,MWI,323,4265,0,0,0,0,0
2013,-,Montenegro,-,MNE,542,577,0,0,0,0,10
2013,-,Mongolia,-,MNG,2054,1255,0,0,0,0,0
2013,-,Morocco,-,MAR,1290,2864,0,0,0,0,15
2013,-,Mozambique,-,MOZ,51,1427,0,0,0,0,0
2013,-,Malta,-,MLT,5,0,0,0,0,0,0
2013,-,Mauritius,-,MUS,72,120,0,0,0,0,0
2013,-,Myanmar,-,MMR,479594,44959,372000,0,0,0,216
2013,-,Namibia,-,NAM,1138,276,0,0,0,0,0
2013,-,Nepal,-,NPL,8098,3783,0,0,0,0,0
2013,-,"Netherlands (Kingdom of the)",-,NLD,59,25,0,0,0,0,0
2013,-,Niger,-,NER,674,419,0,0,0,0,35166
2013,-,Nicaragua,-,NIC,1530,507,0,0,0,0,0
2013,-,Nigeria,-,NGA,31173,21332,0,0,0,0,0
2013,-,Niue,-,NIU,14,0,0,0,0,0,0
2013,-,Norway,-,NOR,15,5,0,0,0,0,0
2013,-,"New Zealand",-,NZL,15,6,0,0,0,0,0
2013,-,Oman,-,OMN,20,0,0,0,0,0,0
2013,-,Pakistan,-,PAK,48676,47543,747498,0,0,0,0
2013,-,Panama,-,PAN,99,27,0,0,0,0,0
2013,-,Paraguay,-,PRY,91,28,0,0,0,0,0
2013,-,Peru,-,PER,4762,696,0,0,0,0,0
2013,-,Philippines,-,PHL,718,876,117369,0,0,0,80030
2013,-,Palau,-,PLW,0,5,0,0,0,0,0
2013,-,"Papua New Guinea",-,PNG,219,146,0,0,0,0,0
2013,-,Poland,-,POL,1428,274,0,0,0,0,0
2013,-,Portugal,-,PRT,27,40,0,0,0,0,0
2013,-,Qatar,-,QAT,15,0,0,0,0,0,0
2013,-,Romania,-,ROU,2331,1151,0,0,0,0,0
2013,-,"South Africa",-,ZAF,424,352,0,0,0,0,0
2013,-,"Russian Federation",-,RUS,74310,25961,0,0,0,0,9593
2013,-,Rwanda,-,RWA,83943,8483,0,0,0,0,3992
2013,-,"El Salvador",-,SLV,9634,11260,0,0,0,0,0
2013,-,"Saudi Arabia",-,SAU,575,192,0,0,0,0,10
2013,-,Senegal,-,SEN,19815,4680,0,0,0,0,0
2013,-,Seychelles,-,SYC,24,0,0,0,0,0,0
2013,-,Singapore,-,SGP,61,30,0,0,0,0,0
2013,-,"Sierra Leone",-,SLE,5305,2394,0,0,0,0,1540
2013,-,"Solomon Islands",-,SLB,60,10,0,0,0,0,0
2013,-,Somalia,-,SOM,1121760,35665,1133000,0,0,0,1056
2013,-,Spain,-,ESP,56,68,0,0,0,0,0
2013,-,"Serbia and Kosovo: S/RES/1244 (1999)",-,SRB,48725,22625,227495,0,0,0,4194
2013,-,"Viet Nam",-,VNM,314109,1999,0,0,0,0,68
2013,-,"South Sudan",-,SSD,114468,30675,331097,0,0,0,0
2013,-,Stateless,-,XXA,20198,5638,0,0,3469268,0,0
2013,-,"Saint Kitts and Nevis",-,KNA,12,21,0,0,0,0,0
2013,-,"Sao Tome and Principe",-,STP,31,0,0,0,0,0,0
2013,-,Sudan,-,SDN,648936,28378,1873300,0,0,0,0
2013,-,Suriname,-,SUR,17,17,0,0,0,0,0
2013,-,Slovakia,-,SVK,321,399,0,0,0,0,0
2013,-,Slovenia,-,SVN,27,11,0,0,0,0,0
2013,-,Eswatini,-,SWZ,103,146,0,0,0,0,0
2013,-,Sweden,-,SWE,18,10,0,0,0,0,0
2013,-,Switzerland,-,CHE,11,0,0,0,0,0,0
2013,-,"Syrian Arab Rep.",-,SYR,2468323,41019,6520800,0,0,0,9400
2013,-,"United Rep. of Tanzania",-,TZA,1033,1017,0,0,0,0,0
2013,-,"Turks and Caicos Islands",-,TCA,15,5,0,0,0,0,0
2013,-,Thailand,-,THA,220,173,0,0,0,0,0
2013,-,Tibetan,-,TIB,15065,5,0,0,0,0,14
2013,-,Tajikistan,-,TJK,657,604,0,0,0,0,0
2013,-,Turkmenistan,-,TKM,502,317,0,0,0,0,0
2013,-,Timor-Leste,-,TLS,8,10,0,0,0,0,0
2013,-,Togo,-,TGO,10301,1508,0,0,0,0,0
2013,-,Tonga,-,TON,16,61,0,0,0,0,0
2013,-,"Trinidad and Tobago",-,TTO,336,127,0,0,0,0,0
2013,-,Tunisia,-,TUN,1359,1785,0,0,0,0,5
2013,-,Türkiye,-,TUR,66558,10552,0,0,0,0,10
2013,-,"United Arab Emirates",-,ARE,84,41,0,0,0,0,20
2013,-,Uganda,-,UGA,8166,3754,0,0,0,0,50000
2013,-,"Unknown ",-,UNK,107203,158920,0,0,0,0,12740
2013,-,Ukraine,-,UKR,5154,1631,0,0,0,0,6
2013,-,Uruguay,-,URY,144,22,0,0,0,0,0
2013,-,"United States of America",-,USA,4755,283,0,0,0,0,8
2013,-,Uzbekistan,-,UZB,4953,1776,0,0,0,0,0
2013,-,"Saint Vincent and the Grenadines",-,VCT,1535,223,0,0,0,0,0
2013,-,"Venezuela (Bolivarian Republic of)",-,VEN,8396,1154,0,0,0,0,0
2013,-,Samoa,-,WSM,0,7,0,0,0,0,0
2013,-,"Western Sahara",-,ESH,116500,404,0,0,0,0,0
2013,-,Yemen,-,YEM,2413,1868,306614,0,0,0,6
2013,-,Zambia,-,ZMB,230,294,0,0,0,0,0
2013,-,Zimbabwe,-,ZWE,19719,41822,60139,0,0,0,97
2014,-,Afghanistan,-,AFG,2596259,85407,805409,0,0,0,201361
2014,-,Albania,-,ALB,10156,15098,0,0,0,0,0
2014,-,Algeria,-,DZA,3509,5127,0,0,0,0,12
2014,-,Andorra,-,AND,5,0,0,0,0,0,0
2014,-,Angola,-,AGO,9468,1718,0,0,0,0,64201
2014,-,"Antigua and Barbuda",-,ATG,53,15,0,0,0,0,0
2014,-,Egypt,-,EGY,15899,10816,0,0,0,0,42
2014,-,Argentina,-,ARG,311,102,0,0,0,0,0
2014,-,Armenia,-,ARM,11839,6287,0,0,0,0,13
2014,-,Australia,-,AUS,27,0,0,0,0,0,0
2014,-,Austria,-,AUT,5,0,0,0,0,0,0
2014,-,Azerbaijan,-,AZE,10508,4391,622892,0,0,0,0
2014,-,Bahrain,-,BHR,344,98,0,0,0,0,7
2014,-,Barbados,-,BRB,82,17,0,0,0,0,0
2014,-,Burundi,-,BDI,72477,19357,78948,0,0,0,162903
2014,-,Belgium,-,BEL,76,21,0,0,0,0,0
2014,-,Benin,-,BEN,330,684,0,0,0,0,0
2014,-,Bangladesh,-,BGD,10868,21604,0,0,0,0,14
2014,-,Bahamas,-,BHS,216,40,0,0,0,0,0
2014,-,Bhutan,-,BTN,23633,190,0,0,0,0,0
2014,-,"Burkina Faso",-,BFA,1853,1566,0,0,0,0,0
2014,-,Belarus,-,BLR,4296,931,0,0,0,0,0
2014,-,"Bolivia (Plurinational State of)",-,BOL,594,262,0,0,0,0,0
2014,-,Botswana,-,BWA,234,69,0,0,0,0,0
2014,-,Brazil,-,BRA,977,1190,0,0,0,0,0
2014,-,"Bosnia and Herzegovina",-,BIH,21883,6566,84500,0,0,0,52437
2014,-,Bulgaria,-,BGR,1644,187,0,0,0,0,0
2014,-,Belize,-,BLZ,42,83,0,0,0,0,0
2014,-,Cambodia,-,KHM,13066,257,0,0,0,0,0
2014,-,Canada,-,CAN,89,55,0,0,0,0,6
2014,-,"Central African Rep.",-,CAF,412028,14361,438538,0,0,0,15043
2014,-,"Cayman Islands",-,CYM,6,0,0,0,0,0,0
2014,-,Chad,-,TCD,48236,3296,0,0,0,0,35000
2014,-,China,-,CHN,210793,47335,0,0,0,0,0
2014,-,Chile,-,CHL,571,98,0,0,0,0,0
2014,-,Cameroon,-,CMR,10739,5013,0,0,0,0,0
2014,-,Congo,-,COG,14498,3410,0,0,0,0,101
2014,-,"Dem. Rep. of the Congo",-,COD,516765,67339,2756585,0,0,0,112309
2014,-,Comoros,-,COM,580,348,0,0,0,0,0
2014,-,Colombia,-,COL,360291,4713,6044151,0,0,0,0
2014,-,"Costa Rica",-,CRI,414,125,0,0,0,0,0
2014,-,Cuba,-,CUB,7497,1815,0,0,0,0,120
2014,-,"Curacao ",-,CUW,35,0,0,0,0,0,0
2014,-,"Cabo Verde",-,CPV,27,46,0,0,0,0,0
2014,-,Cyprus,-,CYP,10,0,0,0,0,0,0
2014,-,Czechia,-,CZE,1321,97,0,0,0,0,0
2014,-,Denmark,-,DNK,11,10,0,0,0,0,0
2014,-,Djibouti,-,DJI,870,414,0,0,0,0,5
2014,-,Dominica,-,DMA,35,13,0,0,0,0,0
2014,-,"Dominican Rep.",-,DOM,348,1139,0,0,0,0,0
2014,-,Ecuador,-,ECU,807,6966,0,0,0,0,0
2014,-,"Equatorial Guinea",-,GNQ,168,81,0,0,0,0,0
2014,-,Eritrea,-,ERI,363081,53650,0,0,0,0,116
2014,-,Estonia,-,EST,340,31,0,0,0,0,0
2014,-,Ethiopia,-,ETH,86857,61368,0,0,0,0,407
2014,-,Fiji,-,FJI,927,769,0,0,0,0,0
2014,-,Finland,-,FIN,5,0,0,0,0,0,0
2014,-,France,-,FRA,84,40,0,0,0,0,0
2014,-,Gabon,-,GAB,179,116,0,0,0,0,0
2014,-,Gambia,-,GMB,5122,10476,0,0,0,0,0
2014,-,"State of Palestine",-,PSE,97207,3636,0,0,0,0,3166
2014,-,"United Kingdom of Great Britain and Northern Ireland",-,GBR,137,77,0,0,0,0,0
2014,-,Georgia,-,GEO,6687,7803,262704,0,0,0,0
2014,-,Germany,-,DEU,170,77,0,0,0,0,0
2014,-,Ghana,-,GHA,22116,7619,0,0,0,0,0
2014,-,Guadeloupe,-,GLP,0,12,0,0,0,0,0
2014,-,Guinea-Bissau,-,GNB,1306,1759,0,0,0,0,0
2014,-,Greece,-,GRC,108,59,0,0,0,0,0
2014,-,Grenada,-,GRD,324,52,0,0,0,0,0
2014,-,Guatemala,-,GTM,7487,15800,0,0,0,0,0
2014,-,Guinea,-,GIN,15247,17813,0,0,0,0,0
2014,-,Guyana,-,GUY,700,148,0,0,0,0,0
2014,-,Haiti,-,HTI,37147,6721,0,0,0,0,29238
2014,-,"China, Hong Kong SAR",-,HKG,25,38,0,0,0,0,0
2014,-,Honduras,-,HND,4157,10136,0,0,0,0,0
2014,-,Croatia,-,HRV,40121,111,0,0,0,0,15794
2014,-,Hungary,-,HUN,1264,337,0,0,0,0,5
2014,-,Iceland,-,ISL,0,5,0,0,0,0,0
2014,-,"Cote d'Ivoire",-,CIV,71956,13404,24000,0,0,0,41
2014,-,India,-,IND,10431,16698,0,0,0,0,381
2014,-,Indonesia,-,IDN,14393,1765,0,0,0,0,0
2014,-,Ireland,-,IRL,7,82,0,0,0,0,0
2014,-,"Iran (Islamic Rep. of)",-,IRN,82202,34884,0,0,0,0,25
2014,-,Iraq,-,IRQ,369960,103724,3596356,0,0,0,3307
2014,-,Israel,-,ISR,967,282,0,0,0,0,0
2014,-,Italy,-,ITA,63,110,0,0,0,0,0
2014,-,Jamaica,-,JAM,1682,597,0,0,0,0,0
2014,-,Jordan,-,JOR,1711,1293,0,0,0,0,102
2014,-,Japan,-,JPN,257,61,0,0,0,0,0
2014,-,Kazakhstan,-,KAZ,2219,1147,0,0,0,0,0
2014,-,Kenya,-,KEN,8546,2925,0,0,0,0,0
2014,-,Kyrgyzstan,-,KGZ,2449,1834,0,0,0,0,0
2014,-,Kiribati,-,KIR,5,0,0,0,0,0,0
2014,-,"Rep. of Korea",-,KOR,478,282,0,0,0,0,0
2014,-,"Dem. People's Rep. of Korea",-,PRK,1275,233,0,0,0,0,0
2014,-,Kuwait,-,KWT,974,260,0,0,0,0,0
2014,-,"Lao People's Dem. Rep.",-,LAO,7476,113,0,0,0,0,0
2014,-,Liberia,-,LBR,13561,2319,0,0,0,0,8
2014,-,Libya,-,LBY,4187,3886,363067,0,0,0,5
2014,-,"Saint Lucia",-,LCA,921,35,0,0,0,0,0
2014,-,Lebanon,-,LBN,4262,3833,0,0,0,0,0
2014,-,Lesotho,-,LSO,16,665,0,0,0,0,0
2014,-,"Sri Lanka",-,LKA,121991,17211,30847,0,0,0,15
2014,-,Lithuania,-,LTU,182,57,0,0,0,0,0
2014,-,Latvia,-,LVA,206,57,0,0,0,0,0
2014,-,"China, Macao SAR",-,MAC,5,11,0,0,0,0,0
2014,-,Madagascar,-,MDG,279,200,0,0,0,0,5
2014,-,Mauritania,-,MRT,34103,6997,0,0,0,0,5
2014,-,"North Macedonia",-,MKD,1752,7788,0,0,0,0,0
2014,-,Monaco,-,MCO,5,6,0,0,0,0,0
2014,-,"Rep. of Moldova",-,MDA,2230,1440,0,0,0,0,0
2014,-,Maldives,-,MDV,32,5,0,0,0,0,0
2014,-,Mexico,-,MEX,10672,29351,0,0,0,0,0
2014,-,"Marshall Islands",-,MHL,5,6,0,0,0,0,0
2014,-,Mali,-,MLI,139249,12230,99816,0,0,0,0
2014,-,Malaysia,-,MYS,458,948,0,0,0,0,0
2014,-,Malawi,-,MWI,356,3891,0,0,0,0,0
2014,-,Montenegro,-,MNE,601,1273,0,0,0,0,0
2014,-,Mongolia,-,MNG,2162,2204,0,0,0,0,0
2014,-,Morocco,-,MAR,1523,3221,0,0,0,0,13
2014,-,Mozambique,-,MOZ,55,1408,0,0,0,0,0
2014,-,Mauritius,-,MUS,91,151,0,0,0,0,0
2014,-,Myanmar,-,MMR,479006,51339,376500,0,0,0,400
2014,-,Namibia,-,NAM,1250,45,0,0,0,0,0
2014,-,Nepal,-,NPL,8542,6644,0,0,0,0,0
2014,-,"Netherlands (Kingdom of the)",-,NLD,63,40,0,0,0,0,0
2014,-,Niger,-,NER,728,535,0,0,0,0,0
2014,-,Nicaragua,-,NIC,1580,718,0,0,0,0,0
2014,-,Nigeria,-,NGA,90936,30075,1188018,0,0,0,70013
2014,-,Niue,-,NIU,18,28,0,0,0,0,0
2014,-,Norway,-,NOR,15,0,0,0,0,0,0
2014,-,"New Zealand",-,NZL,14,13,0,0,0,0,0
2014,-,Oman,-,OMN,25,9,0,0,0,0,0
2014,-,Pakistan,-,PAK,335947,44419,1375904,0,0,0,0
2014,-,Panama,-,PAN,83,28,0,0,0,0,0
2014,-,Paraguay,-,PRY,87,34,0,0,0,0,0
2014,-,Peru,-,PER,4333,1029,0,0,0,0,0
2014,-,Philippines,-,PHL,660,1117,142430,0,0,0,80053
2014,-,"Papua New Guinea",-,PNG,285,213,0,0,0,0,0
2014,-,Poland,-,POL,1306,263,0,0,0,0,0
2014,-,Portugal,-,PRT,30,34,0,0,0,0,0
2014,-,Qatar,-,QAT,23,5,0,0,0,0,0
2014,-,Romania,-,ROU,1917,1011,0,0,0,0,5
2014,-,"South Africa",-,ZAF,422,531,0,0,0,0,0
2014,-,"Russian Federation",-,RUS,70552,24189,0,0,0,0,311
2014,-,Rwanda,-,RWA,79396,10000,0,0,0,0,4864
2014,-,"El Salvador",-,SLV,10968,18035,0,0,0,0,0
2014,-,"Saudi Arabia",-,SAU,616,380,0,0,0,0,12
2014,-,Senegal,-,SEN,23110,8717,0,0,0,0,0
2014,-,Seychelles,-,SYC,23,12,0,0,0,0,0
2014,-,Singapore,-,SGP,55,31,0,0,0,0,0
2014,-,"Sierra Leone",-,SLE,4988,3151,0,0,0,0,1479
2014,-,"Solomon Islands",-,SLB,70,20,0,0,0,0,0
2014,-,Somalia,-,SOM,1106430,49063,1133000,0,0,0,801
2014,-,Spain,-,ESP,60,68,0,0,0,0,0
2014,-,"Serbia and Kosovo: S/RES/1244 (1999)",-,SRB,45730,45573,223139,0,0,0,0
2014,-,"Viet Nam",-,VNM,313420,3132,0,0,0,0,68
2014,-,"South Sudan",-,SSD,616206,3766,1645392,0,0,0,0
2014,-,Stateless,-,XXA,27907,10532,0,0,3492255,0,0
2014,-,"Saint Kitts and Nevis",-,KNA,20,7,0,0,0,0,0
2014,-,"Sao Tome and Principe",-,STP,24,5,0,0,0,0,0
2014,-,Sudan,-,SDN,665956,36027,2192830,0,0,0,5
2014,-,Suriname,-,SUR,17,46,0,0,0,0,0
2014,-,Slovakia,-,SVK,316,327,0,0,0,0,0
2014,-,Slovenia,-,SVN,25,5,0,0,0,0,0
2014,-,Eswatini,-,SWZ,151,140,0,0,0,0,5
2014,-,Sweden,-,SWE,18,10,0,0,0,0,0
2014,-,Switzerland,-,CHE,16,0,0,0,0,0,0
2014,-,"Syrian Arab Rep.",-,SYR,3887490,79649,7632500,0,0,0,1992
2014,-,"United Rep. of Tanzania",-,TZA,843,1056,0,0,0,0,0
2014,-,"Turks and Caicos Islands",-,TCA,15,0,0,0,0,0,0
2014,-,Thailand,-,THA,223,410,0,0,0,0,0
2014,-,Tibetan,-,TIB,15066,10,0,0,0,0,5
2014,-,Tajikistan,-,TJK,722,838,0,0,0,0,0
2014,-,Turkmenistan,-,TKM,470,743,0,0,0,0,0
2014,-,Timor-Leste,-,TLS,13,7,0,0,0,0,0
2014,-,Togo,-,TGO,9271,1691,0,0,0,0,0
2014,-,Tonga,-,TON,19,82,0,0,0,0,0
2014,-,"Trinidad and Tobago",-,TTO,371,173,0,0,0,0,0
2014,-,Tunisia,-,TUN,1476,1782,0,0,0,0,11
2014,-,Türkiye,-,TUR,63882,11189,0,0,0,0,11
2014,-,"United Arab Emirates",-,ARE,84,68,0,0,0,0,0
2014,-,Uganda,-,UGA,7177,4748,0,0,0,0,180000
2014,-,"Unknown ",-,UNK,101138,455851,0,0,0,0,16348
2014,-,Ukraine,-,UKR,237617,15085,823000,0,0,0,5
2014,-,Uruguay,-,URY,119,42,0,0,0,0,0
2014,-,"United States of America",-,USA,4980,164,0,0,0,0,17
2014,-,Uzbekistan,-,UZB,4790,1975,0,0,0,0,5
2014,-,"Saint Vincent and the Grenadines",-,VCT,1736,45,0,0,0,0,0
2014,-,"Venezuela (Bolivarian Republic of)",-,VEN,8009,4822,0,0,0,0,0
2014,-,Samoa,-,WSM,0,7,0,0,0,0,0
2014,-,"Western Sahara",-,ESH,116478,1176,0,0,0,0,0
2014,-,Yemen,-,YEM,2623,2716,334093,0,0,0,13
2014,-,Zambia,-,ZMB,309,293,0,0,0,0,0
2014,-,Zimbabwe,-,ZWE,22478,42419,0,0,0,0,116
2015,-,Afghanistan,-,AFG,2666294,258862,1174306,0,0,0,150369
2015,-,Albania,-,ALB,10404,42155,0,0,0,0,0
2015,-,Algeria,-,DZA,3470,7622,0,0,0,0,12
2015,-,Andorra,-,AND,5,5,0,0,0,0,0
2015,-,Angola,-,AGO,11855,3251,0,0,0,0,34965
2015,-,"Antigua and Barbuda",-,ATG,56,12,0,0,0,0,0
2015,-,Egypt,-,EGY,17929,12142,0,0,0,0,78
2015,-,Argentina,-,ARG,186,160,0,0,0,0,0
2015,-,Armenia,-,ARM,11211,8491,0,0,0,0,14
2015,-,Australia,-,AUS,21,0,0,0,0,0,0
2015,-,Austria,-,AUT,0,5,0,0,0,0,0
2015,-,Azerbaijan,-,AZE,9707,5212,618220,0,0,0,0
2015,-,Bahrain,-,BHR,422,81,0,0,0,0,0
2015,-,Barbados,-,BRB,95,24,0,0,0,0,0
2015,-,Burundi,-,BDI,292750,26856,25000,0,0,0,164020
2015,-,Belgium,-,BEL,66,37,0,0,0,0,0
2015,-,Benin,-,BEN,400,1141,0,0,0,0,6
2015,-,Bangladesh,-,BGD,12154,30544,0,0,0,0,16
2015,-,Bahamas,-,BHS,216,80,0,0,0,0,0
2015,-,Bhutan,-,BTN,17709,223,0,0,0,0,0
2015,-,"Burkina Faso",-,BFA,2147,2691,0,0,0,0,0
2015,-,Belarus,-,BLR,4117,1472,0,0,0,0,0
2015,-,"Bolivia (Plurinational State of)",-,BOL,566,342,0,0,0,0,0
2015,-,Botswana,-,BWA,306,73,0,0,0,0,0
2015,-,Brazil,-,BRA,893,2151,0,0,0,0,0
2015,-,"Brunei Darussalam",-,BRN,0,5,0,0,0,0,0
2015,-,"Bosnia and Herzegovina",-,BIH,18763,7015,98324,0,0,0,52437
2015,-,Bulgaria,-,BGR,1264,207,0,0,0,0,0
2015,-,Belize,-,BLZ,48,96,0,0,0,0,57
2015,-,Cambodia,-,KHM,12802,372,0,0,0,0,0
2015,-,Canada,-,CAN,73,334,0,0,0,0,6
2015,-,"Central African Rep.",-,CAF,471093,10634,216392,0,0,0,20792
2015,-,"Cayman Islands",-,CYM,6,0,0,0,0,0,0
2015,-,Chad,-,TCD,14921,3267,51999,0,0,0,30000
2015,-,China,-,CHN,212911,57693,0,0,0,0,0
2015,-,Chile,-,CHL,554,149,0,0,0,0,0
2015,-,Cameroon,-,CMR,10565,7357,92657,0,0,0,5
2015,-,Congo,-,COG,14772,4071,0,0,0,0,88
2015,-,"Dem. Rep. of the Congo",-,COD,541487,76029,1555112,0,0,0,9923
2015,-,Comoros,-,COM,550,226,0,0,0,0,0
2015,-,Colombia,-,COL,340116,6879,6939067,0,0,0,0
2015,-,"Costa Rica",-,CRI,374,213,0,0,0,0,0
2015,-,Cuba,-,CUB,6827,2353,0,0,0,0,75
2015,-,"Curacao ",-,CUW,35,0,0,0,0,0,0
2015,-,"Cabo Verde",-,CPV,27,95,0,0,0,0,0
2015,-,Cyprus,-,CYP,0,5,0,0,0,0,0
2015,-,Czechia,-,CZE,1280,119,0,0,0,0,0
2015,-,Denmark,-,DNK,11,15,0,0,0,0,0
2015,-,Djibouti,-,DJI,1059,542,0,0,0,0,0
2015,-,Dominica,-,DMA,35,89,0,0,0,0,0
2015,-,"Dominican Rep.",-,DOM,382,1709,0,0,0,0,0
2015,-,Ecuador,-,ECU,1006,10415,0,0,0,0,0
2015,-,"Equatorial Guinea",-,GNQ,142,85,0,0,0,0,0
2015,-,Eritrea,-,ERI,407428,62088,0,0,0,0,235
2015,-,Estonia,-,EST,315,39,0,0,0,0,0
2015,-,Ethiopia,-,ETH,85839,76680,0,0,0,0,221
2015,-,Fiji,-,FJI,887,429,0,0,0,0,0
2015,-,Finland,-,FIN,10,0,0,0,0,0,0
2015,-,France,-,FRA,90,77,0,0,0,0,0
2015,-,"Micronesia (Federated States of)",-,FSM,0,6,0,0,0,0,0
2015,-,Gabon,-,GAB,174,224,0,0,0,0,0
2015,-,Gambia,-,GMB,8473,12820,0,0,0,0,0
2015,-,"State of Palestine",-,PSE,98013,4315,0,0,0,0,2420
2015,-,"United Kingdom of Great Britain and Northern Ireland",-,GBR,128,109,0,0,0,0,0
2015,-,Georgia,-,GEO,6505,9245,268416,0,0,0,0
2015,-,Germany,-,DEU,153,86,0,0,0,0,0
2015,-,Ghana,-,GHA,22962,10705,0,0,0,0,0
2015,-,Guadeloupe,-,GLP,0,23,0,0,0,0,0
2015,-,Guinea-Bissau,-,GNB,1472,1921,0,0,0,0,0
2015,-,Greece,-,GRC,111,65,0,0,0,0,0
2015,-,Grenada,-,GRD,270,51,0,0,0,0,0
2015,-,Guatemala,-,GTM,10284,26951,0,0,0,0,3500
2015,-,Guinea,-,GIN,16995,17832,0,0,0,0,0
2015,-,Guyana,-,GUY,508,223,0,0,0,0,0
2015,-,Haiti,-,HTI,34762,9263,0,0,0,0,6264
2015,-,"China, Hong Kong SAR",-,HKG,33,80,0,0,0,0,0
2015,-,Honduras,-,HND,6847,19456,174000,0,0,0,5100
2015,-,Croatia,-,HRV,33452,89,0,0,0,0,14070
2015,-,Hungary,-,HUN,1447,703,0,0,0,0,5
2015,-,Iceland,-,ISL,0,5,0,0,0,0,0
2015,-,"Cote d'Ivoire",-,CIV,71107,13752,308272,0,0,0,44
2015,-,India,-,IND,9882,24874,0,0,0,0,378
2015,-,Indonesia,-,IDN,13947,2637,0,0,0,0,0
2015,-,Ireland,-,IRL,5,36,0,0,0,0,0
2015,-,"Iran (Islamic Rep. of)",-,IRN,84950,57081,0,0,0,0,8
2015,-,Iraq,-,IRQ,264086,237168,4403287,0,0,0,3598
2015,-,Israel,-,ISR,787,379,0,0,0,0,0
2015,-,Italy,-,ITA,69,139,0,0,0,0,0
2015,-,Jamaica,-,JAM,1857,839,0,0,0,0,0
2015,-,Jordan,-,JOR,1836,1829,0,0,0,0,92
2015,-,Japan,-,JPN,140,68,0,0,0,0,0
2015,-,Kazakhstan,-,KAZ,2263,1565,0,0,0,0,0
2015,-,Kenya,-,KEN,7902,3258,0,0,0,0,12
2015,-,Kyrgyzstan,-,KGZ,2498,2263,0,0,0,0,0
2015,-,Kiribati,-,KIR,0,5,0,0,0,0,0
2015,-,"Rep. of Korea",-,KOR,346,252,0,0,0,0,0
2015,-,"Dem. People's Rep. of Korea",-,PRK,1094,223,0,0,0,0,0
2015,-,Kuwait,-,KWT,1076,431,0,0,0,0,0
2015,-,"Lao People's Dem. Rep.",-,LAO,7359,165,0,0,0,0,0
2015,-,Liberia,-,LBR,9972,2414,0,0,0,0,8
2015,-,Libya,-,LBY,6077,6042,434869,0,0,0,5
2015,-,"Saint Lucia",-,LCA,1011,60,0,0,0,0,0
2015,-,Lebanon,-,LBN,4353,5985,0,0,0,0,0
2015,-,Lesotho,-,LSO,16,1091,0,0,0,0,0
2015,-,"Sri Lanka",-,LKA,121427,14782,44934,0,0,0,17
2015,-,Lithuania,-,LTU,143,64,0,0,0,0,0
2015,-,Latvia,-,LVA,187,77,0,0,0,0,0
2015,-,"China, Macao SAR",-,MAC,5,25,0,0,0,0,0
2015,-,Madagascar,-,MDG,285,166,0,0,0,0,5
2015,-,Mauritania,-,MRT,34656,7474,0,0,0,0,5
2015,-,"North Macedonia",-,MKD,1769,14609,0,0,0,0,0
2015,-,Monaco,-,MCO,5,0,0,0,0,0,0
2015,-,"Rep. of Moldova",-,MDA,2289,3437,0,0,0,0,0
2015,-,Maldives,-,MDV,39,28,0,0,0,0,0
2015,-,Mexico,-,MEX,11340,46250,0,0,0,0,0
2015,-,"Marshall Islands",-,MHL,5,6,0,0,0,0,0
2015,-,Mali,-,MLI,154202,9874,61920,0,0,0,31
2015,-,Malaysia,-,MYS,435,2823,0,0,0,0,0
2015,-,Malawi,-,MWI,429,5672,0,0,0,0,0
2015,-,Montenegro,-,MNE,646,3015,0,0,0,0,0
2015,-,Mongolia,-,MNG,2198,3529,0,0,0,0,0
2015,-,Morocco,-,MAR,1760,5575,0,0,0,0,11
2015,-,Mozambique,-,MOZ,55,2193,0,0,0,0,0
2015,-,Malta,-,MLT,0,5,0,0,0,0,0
2015,-,Mauritius,-,MUS,101,202,0,0,0,0,0
2015,-,Myanmar,-,MMR,451804,60632,451089,0,0,0,443
2015,-,Namibia,-,NAM,1272,60,0,0,0,0,36
2015,-,Nepal,-,NPL,9051,8961,0,0,0,0,0
2015,-,"Netherlands (Kingdom of the)",-,NLD,64,55,0,0,0,0,0
2015,-,Niger,-,NER,1383,763,137337,0,0,0,70000
2015,-,Nicaragua,-,NIC,1469,1237,0,0,0,0,0
2015,-,Nigeria,-,NGA,167973,51353,2172532,0,0,0,19
2015,-,Niue,-,NIU,18,18,0,0,0,0,0
2015,-,Norway,-,NOR,10,5,0,0,0,0,0
2015,-,"New Zealand",-,NZL,16,7,0,0,0,0,0
2015,-,Oman,-,OMN,36,16,0,0,0,0,0
2015,-,Pakistan,-,PAK,297886,63955,1146108,0,0,0,0
2015,-,Panama,-,PAN,62,59,0,0,0,0,0
2015,-,Paraguay,-,PRY,88,67,0,0,0,0,0
2015,-,Peru,-,PER,3591,1530,0,0,0,0,0
2015,-,Philippines,-,PHL,582,1886,63174,0,0,0,80057
2015,-,"Papua New Guinea",-,PNG,335,198,0,0,0,0,0
2015,-,Poland,-,POL,1298,399,0,0,0,0,0
2015,-,Portugal,-,PRT,28,64,0,0,0,0,0
2015,-,Qatar,-,QAT,21,12,0,0,0,0,0
2015,-,Romania,-,ROU,1731,1377,0,0,0,0,0
2015,-,"South Africa",-,ZAF,447,844,0,0,0,0,5
2015,-,"Russian Federation",-,RUS,67008,27508,0,0,0,0,5
2015,-,Rwanda,-,RWA,286357,10948,0,0,0,0,5801
2015,-,"El Salvador",-,SLV,14778,31450,0,0,0,0,10100
2015,-,"Saudi Arabia",-,SAU,686,561,0,0,0,0,10
2015,-,Senegal,-,SEN,21267,14301,0,0,0,0,0
2015,-,Seychelles,-,SYC,19,20,0,0,0,0,0
2015,-,Singapore,-,SGP,50,45,0,0,0,0,0
2015,-,"Sierra Leone",-,SLE,4900,3486,0,0,0,0,1479
2015,-,"Solomon Islands",-,SLB,71,37,0,0,0,0,0
2015,-,Somalia,-,SOM,1123144,56664,1133000,0,0,0,828
2015,-,Spain,-,ESP,60,85,0,0,0,0,0
2015,-,"Serbia and Kosovo: S/RES/1244 (1999)",-,SRB,38620,53292,220002,0,0,0,0
2015,-,"Viet Nam",-,VNM,313152,4373,0,0,0,0,265
2015,-,"South Sudan",-,SSD,778722,4104,1790427,0,0,0,30
2015,-,Stateless,-,XXA,37415,18601,0,0,3687759,0,0
2015,-,"Saint Kitts and Nevis",-,KNA,25,20,0,0,0,0,0
2015,-,"Sao Tome and Principe",-,STP,24,10,0,0,0,0,0
2015,-,Sudan,-,SDN,627080,42909,3218234,0,0,0,20
2015,-,Suriname,-,SUR,19,49,0,0,0,0,0
2015,-,Slovakia,-,SVK,325,541,0,0,0,0,0
2015,-,Slovenia,-,SVN,21,10,0,0,0,0,0
2015,-,Eswatini,-,SWZ,213,159,0,0,0,0,0
2015,-,Sweden,-,SWE,18,15,0,0,0,0,0
2015,-,Switzerland,-,CHE,16,0,0,0,0,0,0
2015,-,"Syrian Arab Rep.",-,SYR,4873236,245857,6563462,0,0,0,8247
2015,-,"United Rep. of Tanzania",-,TZA,810,1577,0,0,0,0,15
2015,-,"Turks and Caicos Islands",-,TCA,14,0,0,0,0,0,0
2015,-,Thailand,-,THA,209,833,0,0,0,0,0
2015,-,Tibetan,-,TIB,15069,10,0,0,0,0,6
2015,-,Tajikistan,-,TJK,790,1451,0,0,0,0,0
2015,-,Turkmenistan,-,TKM,446,1205,0,0,0,0,0
2015,-,Timor-Leste,-,TLS,19,5,0,0,0,0,0
2015,-,Togo,-,TGO,8774,2128,0,0,0,0,0
2015,-,Tonga,-,TON,22,62,0,0,0,0,0
2015,-,"Trinidad and Tobago",-,TTO,369,195,0,0,0,0,5
2015,-,Tunisia,-,TUN,1554,2329,0,0,0,0,7
2015,-,Türkiye,-,TUR,59545,12073,0,0,0,0,12
2015,-,"United Arab Emirates",-,ARE,91,103,0,0,0,0,0
2015,-,Uganda,-,UGA,6311,6426,0,0,0,0,180000
2015,-,"Unknown ",-,UNK,120122,1047315,0,0,0,0,14244
2015,-,Ukraine,-,UKR,321399,22350,1600000,0,0,0,5
2015,-,Uruguay,-,URY,84,62,0,0,0,0,0
2015,-,"United States of America",-,USA,4824,245,0,0,0,0,10
2015,-,Uzbekistan,-,UZB,4197,2659,0,0,0,0,0
2015,-,"Saint Vincent and the Grenadines",-,VCT,1823,43,0,0,0,0,0
2015,-,"Venezuela (Bolivarian Republic of)",-,VEN,7455,15087,0,0,0,0,0
2015,-,Samoa,-,WSM,0,9,0,0,0,0,0
2015,-,"Western Sahara",-,ESH,116542,1438,0,0,0,0,0
2015,-,Yemen,-,YEM,15901,10056,2532032,0,0,0,12
2015,-,Zambia,-,ZMB,334,427,0,0,0,0,0
2015,-,Zimbabwe,-,ZWE,21332,57376,0,0,0,0,135
2016,-,Afghanistan,-,AFG,2501447,369072,1797551,0,0,0,114221
2016,-,Albania,-,ALB,11060,23760,0,0,0,0,0
2016,-,Algeria,-,DZA,3705,7177,0,0,0,0,7
2016,-,Andorra,-,AND,0,5,0,0,0,0,0
2016,-,Angola,-,AGO,8388,4767,0,0,0,0,19957
2016,-,"Antigua and Barbuda",-,ATG,82,30,0,0,0,0,0
2016,-,Egypt,-,EGY,19792,13026,0,0,0,0,111
2016,-,Argentina,-,ARG,120,219,0,0,0,0,0
2016,-,Armenia,-,ARM,10707,13092,0,0,0,0,12
2016,-,Australia,-,AUS,15,10,0,0,0,0,0
2016,-,Austria,-,AUT,0,5,0,0,0,0,0
2016,-,Azerbaijan,-,AZE,10118,8098,613129,0,0,0,0
2016,-,Bahrain,-,BHR,461,118,0,0,0,0,0
2016,-,Barbados,-,BRB,144,44,0,0,0,0,0
2016,-,Burundi,-,BDI,408066,24395,141221,0,0,0,164066
2016,-,Belgium,-,BEL,44,20,0,0,0,0,0
2016,-,Benin,-,BEN,479,1145,0,0,0,0,6
2016,-,Bangladesh,-,BGD,13842,25929,0,0,0,0,15
2016,-,Bahamas,-,BHS,298,119,0,0,0,0,0
2016,-,Bhutan,-,BTN,11757,277,0,0,0,0,0
2016,-,"Burkina Faso",-,BFA,2352,4195,0,0,0,0,0
2016,-,Belarus,-,BLR,3831,1985,0,0,0,0,0
2016,-,"Bolivia (Plurinational State of)",-,BOL,530,411,0,0,0,0,0
2016,-,Botswana,-,BWA,265,127,0,0,0,0,0
2016,-,Brazil,-,BRA,803,3760,0,0,0,0,0
2016,-,"Brunei Darussalam",-,BRN,0,5,0,0,0,0,0
2016,-,"Bosnia and Herzegovina",-,BIH,18194,3108,98324,0,0,0,52437
2016,-,Bulgaria,-,BGR,799,258,0,0,0,0,0
2016,-,Belize,-,BLZ,58,160,0,0,0,0,0
2016,-,Cambodia,-,KHM,12428,380,0,0,0,0,0
2016,-,Canada,-,CAN,76,54,0,0,0,0,0
2016,-,"Central African Rep.",-,CAF,490879,10603,411785,0,0,0,21010
2016,-,"Cayman Islands",-,CYM,6,0,0,0,0,0,0
2016,-,Chad,-,TCD,14176,3178,124342,0,0,0,16718
2016,-,China,-,CHN,207768,72165,0,0,0,0,0
2016,-,Chile,-,CHL,495,200,0,0,0,0,0
2016,-,Cameroon,-,CMR,10344,10943,198889,0,0,0,27
2016,-,Congo,-,COG,13291,4346,15303,0,0,0,99
2016,-,"Dem. Rep. of the Congo",-,COD,537474,82709,2232900,0,0,0,9473
2016,-,Comoros,-,COM,572,226,0,0,0,0,0
2016,-,Colombia,-,COL,311059,12581,7410816,0,0,0,0
2016,-,"Costa Rica",-,CRI,202,312,0,0,0,0,0
2016,-,Cuba,-,CUB,5940,5025,0,0,0,0,0
2016,-,"Curacao ",-,CUW,35,0,0,0,0,0,0
2016,-,"Cabo Verde",-,CPV,10,98,0,0,0,0,0
2016,-,Cyprus,-,CYP,0,5,0,0,0,0,0
2016,-,Czechia,-,CZE,1266,233,0,0,0,0,0
2016,-,Denmark,-,DNK,0,5,0,0,0,0,0
2016,-,Djibouti,-,DJI,1437,831,0,0,0,0,0
2016,-,Dominica,-,DMA,20,126,0,0,0,0,0
2016,-,"Dominican Rep.",-,DOM,359,2354,0,0,0,0,0
2016,-,Ecuador,-,ECU,1041,13682,0,0,0,0,0
2016,-,"Equatorial Guinea",-,GNQ,131,100,0,0,0,0,0
2016,-,Eritrea,-,ERI,457247,67694,0,0,0,0,73
2016,-,Estonia,-,EST,303,42,0,0,0,0,0
2016,-,Ethiopia,-,ETH,83958,78854,0,0,0,0,690
2016,-,Fiji,-,FJI,791,510,0,0,0,0,0
2016,-,Finland,-,FIN,5,5,0,0,0,0,0
2016,-,France,-,FRA,50,116,0,0,0,0,0
2016,-,Gabon,-,GAB,167,431,0,0,0,0,0
2016,-,Gambia,-,GMB,11589,18888,0,0,0,0,0
2016,-,"State of Palestine",-,PSE,97794,5980,0,0,0,0,2199
2016,-,"United Kingdom of Great Britain and Northern Ireland",-,GBR,78,100,0,0,0,0,0
2016,-,Georgia,-,GEO,6405,14147,273765,0,0,0,0
2016,-,Germany,-,DEU,67,128,0,0,0,0,0
2016,-,Ghana,-,GHA,15527,11846,0,0,0,0,0
2016,-,Guinea-Bissau,-,GNB,1650,1866,0,0,0,0,0
2016,-,Greece,-,GRC,101,76,0,0,0,0,0
2016,-,Grenada,-,GRD,100,63,0,0,0,0,0
2016,-,Guatemala,-,GTM,12549,46222,0,0,0,0,0
2016,-,Guinea,-,GIN,17536,24389,0,0,0,0,0
2016,-,Guyana,-,GUY,269,296,0,0,0,0,0
2016,-,Haiti,-,HTI,29671,22454,0,0,0,0,22930
2016,-,"China, Hong Kong SAR",-,HKG,15,112,0,0,0,0,0
2016,-,Honduras,-,HND,10509,35198,174000,0,0,0,4800
2016,-,Croatia,-,HRV,26231,343,0,0,0,0,14518
2016,-,Hungary,-,HUN,2909,1661,0,0,0,0,5
2016,-,Iceland,-,ISL,0,5,0,0,0,0,0
2016,-,"Cote d'Ivoire",-,CIV,46811,18628,0,0,0,0,17
2016,-,India,-,IND,7288,27939,0,0,0,0,264
2016,-,Indonesia,-,IDN,13056,3581,0,0,0,0,0
2016,-,Ireland,-,IRL,0,42,0,0,0,0,0
2016,-,"Iran (Islamic Rep. of)",-,IRN,94102,87535,0,0,0,0,273
2016,-,Iraq,-,IRQ,316056,278367,3604285,0,0,0,15778
2016,-,Israel,-,ISR,487,548,0,0,0,0,0
2016,-,Italy,-,ITA,49,132,0,0,0,0,0
2016,-,Jamaica,-,JAM,1998,1134,0,0,0,0,0
2016,-,Jordan,-,JOR,1919,2433,0,0,0,0,131
2016,-,Japan,-,JPN,53,83,0,0,0,0,0
2016,-,Kazakhstan,-,KAZ,2366,2225,0,0,0,0,0
2016,-,Kenya,-,KEN,7526,3556,0,0,0,0,20
2016,-,Kyrgyzstan,-,KGZ,2571,2368,0,0,0,0,0
2016,-,"Rep. of Korea",-,KOR,243,266,0,0,0,0,0
2016,-,"Dem. People's Rep. of Korea",-,PRK,1419,526,0,0,0,0,0
2016,-,Kuwait,-,KWT,1013,650,0,0,0,0,0
2016,-,"Lao People's Dem. Rep.",-,LAO,7229,167,0,0,0,0,0
2016,-,Liberia,-,LBR,6558,2601,0,0,0,0,109
2016,-,Libya,-,LBY,8831,6521,174510,0,0,0,10
2016,-,"Saint Lucia",-,LCA,993,196,0,0,0,0,0
2016,-,Lebanon,-,LBN,4719,8484,0,0,0,0,0
2016,-,Lesotho,-,LSO,5,698,0,0,0,0,0
2016,-,"Sri Lanka",-,LKA,117472,15462,39730,0,0,0,12
2016,-,Lithuania,-,LTU,74,78,0,0,0,0,0
2016,-,Latvia,-,LVA,165,96,0,0,0,0,0
2016,-,"China, Macao SAR",-,MAC,5,0,0,0,0,0,0
2016,-,Madagascar,-,MDG,292,53,0,0,0,0,5
2016,-,Mauritania,-,MRT,36263,7386,0,0,0,0,5
2016,-,"North Macedonia",-,MKD,1730,7054,0,0,0,0,0
2016,-,Monaco,-,MCO,5,0,0,0,0,0,0
2016,-,"Rep. of Moldova",-,MDA,2316,4354,0,0,0,0,0
2016,-,Maldives,-,MDV,58,35,0,0,0,0,0
2016,-,Mexico,-,MEX,10387,64256,0,0,0,0,0
2016,-,"Marshall Islands",-,MHL,5,0,0,0,0,0,0
2016,-,Mali,-,MLI,156415,9702,36690,0,0,0,23
2016,-,Malaysia,-,MYS,453,6163,0,0,0,0,0
2016,-,Malawi,-,MWI,427,3752,0,0,0,0,0
2016,-,Montenegro,-,MNE,713,1132,0,0,0,0,0
2016,-,Mongolia,-,MNG,2282,3831,0,0,0,0,0
2016,-,Morocco,-,MAR,2240,7251,0,0,0,0,9
2016,-,Mozambique,-,MOZ,48,5702,15128,0,0,0,0
2016,-,Mauritius,-,MUS,106,203,0,0,0,0,0
2016,-,Myanmar,-,MMR,490285,56023,375016,0,0,0,261
2016,-,Namibia,-,NAM,1363,130,0,0,0,0,41
2016,-,Nepal,-,NPL,8364,11531,0,0,0,0,585
2016,-,"Netherlands (Kingdom of the)",-,NLD,32,42,0,0,0,0,0
2016,-,Niger,-,NER,1230,838,121391,0,0,0,14678
2016,-,Nicaragua,-,NIC,1409,2125,0,0,0,0,0
2016,-,Nigeria,-,NGA,229290,66862,2219272,0,0,0,16
2016,-,Niue,-,NIU,19,0,0,0,0,0,0
2016,-,Norway,-,NOR,10,15,0,0,0,0,0
2016,-,"New Zealand",-,NZL,25,18,0,0,0,0,0
2016,-,Oman,-,OMN,35,24,0,0,0,0,0
2016,-,Pakistan,-,PAK,105419,67700,448956,0,0,0,0
2016,-,Panama,-,PAN,33,81,0,0,0,0,0
2016,-,Paraguay,-,PRY,68,117,0,0,0,0,0
2016,-,Peru,-,PER,2599,2290,0,0,0,0,0
2016,-,Philippines,-,PHL,426,3119,87418,0,0,0,80053
2016,-,"Papua New Guinea",-,PNG,401,261,0,0,0,0,0
2016,-,Poland,-,POL,1159,565,0,0,0,0,0
2016,-,Portugal,-,PRT,20,81,0,0,0,0,0
2016,-,Qatar,-,QAT,25,23,0,0,0,0,0
2016,-,Romania,-,ROU,1195,2520,0,0,0,0,0
2016,-,"South Africa",-,ZAF,452,1075,0,0,0,0,7
2016,-,"Russian Federation",-,RUS,62759,35366,0,0,0,0,0
2016,-,Rwanda,-,RWA,286063,11690,0,0,0,0,6005
2016,-,"El Salvador",-,SLV,19617,62163,0,0,0,0,9800
2016,-,"Saudi Arabia",-,SAU,937,987,0,0,0,0,9
2016,-,Senegal,-,SEN,23054,16301,0,0,0,0,0
2016,-,Seychelles,-,SYC,10,5,0,0,0,0,0
2016,-,Singapore,-,SGP,38,47,0,0,0,0,0
2016,-,"Sierra Leone",-,SLE,4678,4674,0,0,0,0,1479
2016,-,"Solomon Islands",-,SLB,71,79,0,0,0,0,0
2016,-,Somalia,-,SOM,1012320,60491,1562554,0,0,0,290
2016,-,Spain,-,ESP,34,120,0,0,0,0,0
2016,-,"Serbia and Kosovo: S/RES/1244 (1999)",-,SRB,36928,21699,219633,0,0,0,0
2016,-,"Viet Nam",-,VNM,329341,4538,0,0,0,0,68
2016,-,"South Sudan",-,SSD,1436707,5792,1853924,0,0,0,0
2016,-,Stateless,-,XXA,48687,10745,0,0,3242206,0,0
2016,-,"Saint Kitts and Nevis",-,KNA,49,22,0,0,0,0,0
2016,-,"Sao Tome and Principe",-,STP,31,8,0,0,0,0,0
2016,-,Sudan,-,SDN,650391,50469,2225557,0,0,0,125
2016,-,Suriname,-,SUR,16,25,0,0,0,0,0
2016,-,Slovakia,-,SVK,792,580,0,0,0,0,0
2016,-,Slovenia,-,SVN,20,12,0,0,0,0,0
2016,-,Eswatini,-,SWZ,224,137,0,0,0,0,0
2016,-,Sweden,-,SWE,13,17,0,0,0,0,0
2016,-,Switzerland,-,CHE,5,10,0,0,0,0,0
2016,-,"Syrian Arab Rep.",-,SYR,5524511,184337,6325978,0,0,0,8516
2016,-,"United Rep. of Tanzania",-,TZA,579,1215,0,0,0,0,10
2016,-,"Turks and Caicos Islands",-,TCA,14,5,0,0,0,0,0
2016,-,Thailand,-,THA,147,950,0,0,0,0,0
2016,-,Tibetan,-,TIB,13536,10,0,0,0,0,0
2016,-,Tajikistan,-,TJK,932,3198,0,0,0,0,0
2016,-,Turkmenistan,-,TKM,371,1069,0,0,0,0,0
2016,-,Timor-Leste,-,TLS,19,0,0,0,0,0,0
2016,-,Togo,-,TGO,8296,2645,0,0,0,0,0
2016,-,Tonga,-,TON,25,77,0,0,0,0,0
2016,-,"Trinidad and Tobago",-,TTO,295,241,0,0,0,0,6
2016,-,Tunisia,-,TUN,1687,2062,0,0,0,0,7
2016,-,Türkiye,-,TUR,57915,23236,0,0,0,0,45
2016,-,"United Arab Emirates",-,ARE,103,160,0,0,0,0,0
2016,-,Uganda,-,UGA,6229,5328,0,0,0,0,180000
2016,-,"Unknown ",-,UNK,138787,216805,0,0,0,0,40875
2016,-,Ukraine,-,UKR,239062,34638,1800000,0,0,0,5
2016,-,Uruguay,-,URY,23,103,0,0,0,0,0
2016,-,"United States of America",-,USA,302,286,0,0,0,0,7
2016,-,Uzbekistan,-,UZB,3824,3087,0,0,0,0,0
2016,-,"Saint Vincent and the Grenadines",-,VCT,1335,131,0,0,0,0,0
2016,-,"Venezuela (Bolivarian Republic of)",-,VEN,7543,45074,0,0,0,0,0
2016,-,Samoa,-,WSM,0,10,0,0,0,0,0
2016,-,"Western Sahara",-,ESH,116648,1993,0,0,0,0,0
2016,-,Yemen,-,YEM,18427,15870,2025060,0,0,0,5
2016,-,Zambia,-,ZMB,256,294,0,0,0,0,0
2016,-,Zimbabwe,-,ZWE,18141,43191,0,0,0,0,161
2017,-,Afghanistan,-,AFG,2624265,333986,1837079,0,0,0,448040
2017,-,Albania,-,ALB,12168,18761,0,0,0,0,0
2017,-,Algeria,-,DZA,4021,6432,0,0,0,0,7
2017,-,Andorra,-,AND,0,5,0,0,0,0,0
2017,-,Angola,-,AGO,8292,7819,0,0,0,0,17729
2017,-,"Antigua and Barbuda",-,ATG,99,63,0,0,0,0,0
2017,-,Egypt,-,EGY,22106,14588,0,0,0,0,41
2017,-,Argentina,-,ARG,121,352,0,0,0,0,0
2017,-,Armenia,-,ARM,10786,14907,0,0,0,0,8
2017,-,Australia,-,AUS,10,10,0,0,0,0,0
2017,-,Austria,-,AUT,10,26,0,0,0,0,0
2017,-,Azerbaijan,-,AZE,10893,9541,612785,0,0,0,0
2017,-,Bahrain,-,BHR,497,172,0,0,0,0,0
2017,-,Barbados,-,BRB,172,76,0,0,0,0,0
2017,-,Burundi,-,BDI,439320,60433,57258,0,0,0,164205
2017,-,Belgium,-,BEL,52,37,0,0,0,0,0
2017,-,Benin,-,BEN,572,1131,0,0,0,0,6
2017,-,Bangladesh,-,BGD,16780,68118,0,0,0,0,15
2017,-,Bahamas,-,BHS,378,235,0,0,0,0,0
2017,-,Bhutan,-,BTN,7954,400,0,0,0,0,0
2017,-,"Burkina Faso",-,BFA,2694,5557,2350,0,0,0,0
2017,-,Belarus,-,BLR,3650,2862,0,0,0,0,0
2017,-,"Bolivia (Plurinational State of)",-,BOL,520,865,0,0,0,0,0
2017,-,Botswana,-,BWA,279,95,0,0,0,0,0
2017,-,Brazil,-,BRA,851,6786,0,0,0,0,0
2017,-,"Brunei Darussalam",-,BRN,0,9,0,0,0,0,0
2017,-,"Bosnia and Herzegovina",-,BIH,17690,1886,98574,0,0,0,48907
2017,-,Bulgaria,-,BGR,716,316,0,0,0,0,0
2017,-,Belize,-,BLZ,64,206,0,0,0,0,0
2017,-,Cambodia,-,KHM,12238,1578,0,0,0,0,0
2017,-,Canada,-,CAN,75,78,0,0,0,0,0
2017,-,"Central African Rep.",-,CAF,545513,12997,688700,0,0,0,21432
2017,-,"Cayman Islands",-,CYM,6,0,0,0,0,0,0
2017,-,Chad,-,TCD,16325,3105,99983,0,0,0,37317
2017,-,China,-,CHN,207716,89508,0,0,0,0,0
2017,-,Chile,-,CHL,493,350,0,0,0,0,0
2017,-,Cameroon,-,CMR,11032,24607,221695,0,0,0,24
2017,-,Congo,-,COG,13295,13068,107828,0,0,0,90
2017,-,"Dem. Rep. of the Congo",-,COD,620805,136152,4351376,0,0,0,10555
2017,-,Comoros,-,COM,600,322,0,0,0,0,0
2017,-,Colombia,-,COL,191635,32478,7677609,0,0,0,0
2017,-,"Costa Rica",-,CRI,195,486,0,0,0,0,0
2017,-,Cuba,-,CUB,5331,13258,0,0,0,0,0
2017,-,"Curacao ",-,CUW,35,0,0,0,0,0,0
2017,-,"Cabo Verde",-,CPV,5,181,0,0,0,0,0
2017,-,Cyprus,-,CYP,0,20,0,0,0,0,0
2017,-,Czechia,-,CZE,1272,307,0,0,0,0,0
2017,-,Denmark,-,DNK,0,21,0,0,0,0,0
2017,-,Djibouti,-,DJI,1761,1286,0,0,0,0,0
2017,-,Dominica,-,DMA,26,63,0,0,0,0,0
2017,-,"Dominican Rep.",-,DOM,427,3159,0,0,0,0,0
2017,-,Ecuador,-,ECU,1251,17341,0,0,0,0,0
2017,-,"Equatorial Guinea",-,GNQ,127,110,0,0,0,0,0
2017,-,Eritrea,-,ERI,486209,78308,0,0,0,0,145
2017,-,Estonia,-,EST,288,42,0,0,0,0,0
2017,-,Ethiopia,-,ETH,87448,133659,1078429,0,0,0,4258
2017,-,"French Guiana",-,GUF,0,11,0,0,0,0,0
2017,-,Fiji,-,FJI,734,678,0,0,0,0,0
2017,-,Finland,-,FIN,5,10,0,0,0,0,0
2017,-,France,-,FRA,54,140,0,0,0,0,0
2017,-,Gabon,-,GAB,216,696,0,0,0,0,0
2017,-,Gambia,-,GMB,14564,22214,0,0,0,0,0
2017,-,"State of Palestine",-,PSE,99630,8859,0,0,0,0,1661
2017,-,"United Kingdom of Great Britain and Northern Ireland",-,GBR,85,158,0,0,0,0,0
2017,-,Georgia,-,GEO,6535,16466,278103,0,0,0,0
2017,-,Germany,-,DEU,66,179,0,0,0,0,0
2017,-,Ghana,-,GHA,16959,17504,0,0,0,0,0
2017,-,Guadeloupe,-,GLP,0,37,0,0,0,0,0
2017,-,Guinea-Bissau,-,GNB,1870,3502,0,0,0,0,0
2017,-,Greece,-,GRC,106,95,0,0,0,0,0
2017,-,Grenada,-,GRD,103,62,0,0,0,0,0
2017,-,Guatemala,-,GTM,16284,72726,0,0,0,0,0
2017,-,Guinea,-,GIN,20333,34518,0,0,0,0,0
2017,-,Guyana,-,GUY,260,482,0,0,0,0,0
2017,-,Haiti,-,HTI,28424,37018,0,0,0,0,43871
2017,-,"China, Hong Kong SAR",-,HKG,11,104,0,0,0,0,0
2017,-,Honduras,-,HND,14424,59782,174000,0,0,0,3200
2017,-,Croatia,-,HRV,24869,268,0,0,0,0,8019
2017,-,Hungary,-,HUN,3336,1656,0,0,0,0,5
2017,-,Iceland,-,ISL,5,0,0,0,0,0,0
2017,-,"Cote d'Ivoire",-,CIV,40009,26535,0,0,0,0,20
2017,-,India,-,IND,7926,40356,0,0,0,0,235
2017,-,Indonesia,-,IDN,12485,5384,0,0,0,0,0
2017,-,Ireland,-,IRL,0,52,0,0,0,0,0
2017,-,"Iran (Islamic Rep. of)",-,IRN,118639,75079,0,0,0,0,2729
2017,-,Iraq,-,IRQ,362536,272627,2615988,0,0,0,11227
2017,-,Israel,-,ISR,469,691,0,0,0,0,0
2017,-,Italy,-,ITA,52,282,0,0,0,0,0
2017,-,Jamaica,-,JAM,2224,1430,0,0,0,0,0
2017,-,Jordan,-,JOR,2119,3467,0,0,0,0,60
2017,-,Japan,-,JPN,44,99,0,0,0,0,0
2017,-,Kazakhstan,-,KAZ,2406,3514,0,0,0,0,0
2017,-,Kenya,-,KEN,7567,5714,0,0,0,0,12
2017,-,Kyrgyzstan,-,KGZ,2771,2570,0,0,0,0,0
2017,-,"Rep. of Korea",-,KOR,239,381,0,0,0,0,0
2017,-,"Dem. People's Rep. of Korea",-,PRK,1176,587,0,0,0,0,0
2017,-,Kuwait,-,KWT,1097,951,0,0,0,0,5
2017,-,"Lao People's Dem. Rep.",-,LAO,7056,223,0,0,0,0,0
2017,-,Liberia,-,LBR,6039,3362,0,0,0,0,145
2017,-,Libya,-,LBY,11205,6842,180937,0,0,0,5
2017,-,"Saint Lucia",-,LCA,995,178,0,0,0,0,0
2017,-,Lebanon,-,LBN,5301,9285,0,0,0,0,0
2017,-,Lesotho,-,LSO,6,20,0,0,0,0,0
2017,-,"Sri Lanka",-,LKA,115632,18934,39322,0,0,0,6
2017,-,Lithuania,-,LTU,73,95,0,0,0,0,0
2017,-,Latvia,-,LVA,162,105,0,0,0,0,0
2017,-,"China, Macao SAR",-,MAC,0,10,0,0,0,0,0
2017,-,Madagascar,-,MDG,292,73,0,0,0,0,5
2017,-,Mauritania,-,MRT,36525,7543,0,0,0,0,5
2017,-,"North Macedonia",-,MKD,1653,4038,0,0,0,0,0
2017,-,Monaco,-,MCO,5,0,0,0,0,0,0
2017,-,"Rep. of Moldova",-,MDA,2339,3418,0,0,0,0,0
2017,-,Maldives,-,MDV,64,34,0,0,0,0,0
2017,-,Mexico,-,MEX,11679,85078,0,0,0,0,0
2017,-,"Marshall Islands",-,MHL,7,0,0,0,0,0,0
2017,-,Mali,-,MLI,150305,15086,38172,0,0,0,366
2017,-,Malaysia,-,MYS,540,9478,0,0,0,0,0
2017,-,Malawi,-,MWI,434,3154,0,0,0,0,0
2017,-,Montenegro,-,MNE,704,770,0,0,0,0,0
2017,-,Mongolia,-,MNG,2227,4169,0,0,0,0,5
2017,-,Morocco,-,MAR,3089,6853,0,0,0,0,15
2017,-,Mozambique,-,MOZ,48,12581,15128,0,0,0,0
2017,-,Malta,-,MLT,0,5,0,0,0,0,0
2017,-,Mauritius,-,MUS,130,229,0,0,0,0,0
2017,-,Myanmar,-,MMR,1156742,41088,353108,0,0,0,109
2017,-,Namibia,-,NAM,1368,211,0,0,0,0,5
2017,-,Nepal,-,NPL,8415,13186,0,0,0,0,382
2017,-,"Netherlands (Kingdom of the)",-,NLD,39,64,0,0,0,0,0
2017,-,Niger,-,NER,1363,2399,129015,0,0,0,14820
2017,-,Nicaragua,-,NIC,1467,2722,0,0,0,0,0
2017,-,Nigeria,-,NGA,238977,91924,1704080,0,0,0,24
2017,-,Niue,-,NIU,19,5,0,0,0,0,0
2017,-,Norway,-,NOR,15,25,0,0,0,0,0
2017,-,"New Zealand",-,NZL,34,27,0,0,0,0,0
2017,-,Oman,-,OMN,39,22,0,0,0,0,0
2017,-,Pakistan,-,PAK,128914,76885,174354,0,0,0,0
2017,-,Panama,-,PAN,36,126,0,0,0,0,0
2017,-,Paraguay,-,PRY,77,175,0,0,0,0,0
2017,-,Peru,-,PER,2588,3497,0,0,0,0,0
2017,-,Philippines,-,PHL,445,8081,311943,0,0,0,80049
2017,-,Palau,-,PLW,0,5,0,0,0,0,0
2017,-,"Papua New Guinea",-,PNG,406,372,0,0,0,0,0
2017,-,Poland,-,POL,1123,784,0,0,0,0,0
2017,-,Portugal,-,PRT,16,171,0,0,0,0,0
2017,-,Qatar,-,QAT,31,39,0,0,0,0,0
2017,-,Romania,-,ROU,1210,3256,0,0,0,0,0
2017,-,"South Africa",-,ZAF,461,1608,0,0,0,0,5
2017,-,"Russian Federation",-,RUS,61584,38663,0,0,0,0,0
2017,-,Rwanda,-,RWA,258986,12801,0,0,0,0,6677
2017,-,"El Salvador",-,SLV,25876,104901,71500,0,0,0,4200
2017,-,"Saudi Arabia",-,SAU,1219,1247,0,0,0,0,9
2017,-,Senegal,-,SEN,26584,25181,0,0,0,0,0
2017,-,Seychelles,-,SYC,10,5,0,0,0,0,0
2017,-,Singapore,-,SGP,48,55,0,0,0,0,0
2017,-,"Sierra Leone",-,SLE,4496,6236,0,0,0,0,374
2017,-,"Solomon Islands",-,SLB,57,106,0,0,0,0,0
2017,-,Somalia,-,SOM,986386,58320,2116705,0,0,0,230
2017,-,Spain,-,ESP,39,197,0,0,0,0,0
2017,-,"Serbia and Kosovo: S/RES/1244 (1999)",-,SRB,33246,12807,217453,0,0,0,0
2017,-,"Viet Nam",-,VNM,334064,7115,0,0,0,0,68
2017,-,"South Sudan",-,SSD,2439888,6452,1903953,0,0,0,10000
2017,-,Stateless,-,XXA,53352,8890,0,0,3853982,0,0
2017,-,"Saint Kitts and Nevis",-,KNA,51,18,0,0,0,0,0
2017,-,"Sao Tome and Principe",-,STP,31,23,0,0,0,0,0
2017,-,Sudan,-,SDN,694556,52191,1997022,0,0,0,19
2017,-,Suriname,-,SUR,17,44,0,0,0,0,0
2017,-,Slovakia,-,SVK,913,699,0,0,0,0,0
2017,-,Slovenia,-,SVN,17,14,0,0,0,0,0
2017,-,Eswatini,-,SWZ,231,40,0,0,0,0,0
2017,-,Sweden,-,SWE,14,18,0,0,0,0,0
2017,-,Switzerland,-,CHE,5,10,0,0,0,0,0
2017,-,"Syrian Arab Rep.",-,SYR,6310498,147179,6150005,0,0,0,8596
2017,-,"United Rep. of Tanzania",-,TZA,655,1455,0,0,0,0,15
2017,-,"Turks and Caicos Islands",-,TCA,14,5,0,0,0,0,0
2017,-,Thailand,-,THA,164,1333,0,0,0,0,0
2017,-,Tibetan,-,TIB,13531,12,0,0,0,0,8
2017,-,Tajikistan,-,TJK,1369,3617,0,0,0,0,0
2017,-,Turkmenistan,-,TKM,365,1115,0,0,0,0,0
2017,-,Timor-Leste,-,TLS,13,5,0,0,0,0,0
2017,-,Togo,-,TGO,8115,3762,0,0,0,0,0
2017,-,Tonga,-,TON,34,106,0,0,0,0,0
2017,-,"Trinidad and Tobago",-,TTO,310,303,0,0,0,0,15
2017,-,Tunisia,-,TUN,1826,2330,0,0,0,0,7
2017,-,Türkiye,-,TUR,61383,33801,0,0,0,0,10
2017,-,"United Arab Emirates",-,ARE,137,207,0,0,0,0,0
2017,-,Uganda,-,UGA,6409,10156,0,0,0,0,180000
2017,-,"Unknown ",-,UNK,202190,34577,0,0,0,0,120348
2017,-,Ukraine,-,UKR,139581,37670,1800000,0,0,0,5
2017,-,Uruguay,-,URY,12,174,0,0,0,0,0
2017,-,"United States of America",-,USA,310,2196,0,0,0,0,6
2017,-,Uzbekistan,-,UZB,3405,3541,0,0,0,0,0
2017,-,Vanuatu,-,VUT,0,14,0,0,0,0,0
2017,-,"Saint Vincent and the Grenadines",-,VCT,1311,136,0,0,0,0,0
2017,-,"Venezuela (Bolivarian Republic of)",-,VEN,9272,148096,0,0,0,0,345585
2017,-,Samoa,-,WSM,0,11,0,0,0,0,0
2017,-,"Western Sahara",-,ESH,116762,1843,0,0,0,0,0
2017,-,Yemen,-,YEM,23555,24629,2014062,0,0,0,10
2017,-,Zambia,-,ZMB,260,164,0,0,0,0,5
2017,-,Zimbabwe,-,ZWE,17420,21760,0,0,0,0,169
2018,-,Afghanistan,-,AFG,2681267,310107,2106893,0,0,0,489859
2018,-,Albania,-,ALB,13512,21071,0,0,0,0,0
2018,-,Algeria,-,DZA,4181,7447,0,0,0,0,11
2018,-,Angola,-,AGO,8243,8904,0,0,0,0,18020
2018,-,"Antigua and Barbuda",-,ATG,107,47,0,0,0,0,0
2018,-,Egypt,-,EGY,24850,16760,0,0,0,0,47
2018,-,Argentina,-,ARG,112,489,0,0,0,0,0
2018,-,Armenia,-,ARM,11040,13697,0,0,0,0,5
2018,-,Australia,-,AUS,10,17,0,0,0,0,0
2018,-,Austria,-,AUT,24,10,0,0,0,0,0
2018,-,Azerbaijan,-,AZE,11246,9318,620423,0,0,0,0
2018,-,Bahrain,-,BHR,540,136,0,0,0,0,0
2018,-,Barbados,-,BRB,211,81,0,0,0,0,0
2018,-,Burundi,-,BDI,387850,53360,31909,0,0,0,14148
2018,-,Belgium,-,BEL,50,79,0,0,0,0,0
2018,-,Benin,-,BEN,659,1078,0,0,0,0,6
2018,-,Bangladesh,-,BGD,21022,58843,0,0,0,0,8
2018,-,Bahamas,-,BHS,421,391,0,0,0,0,0
2018,-,Bhutan,-,BTN,7100,390,0,0,0,0,0
2018,-,"Burkina Faso",-,BFA,11447,4949,47030,0,0,0,0
2018,-,Belarus,-,BLR,3526,3282,0,0,0,0,0
2018,-,"Bolivia (Plurinational State of)",-,BOL,502,1004,0,0,0,0,0
2018,-,Botswana,-,BWA,289,89,0,0,0,0,0
2018,-,Brazil,-,BRA,1038,8570,0,0,0,0,0
2018,-,"Bosnia and Herzegovina",-,BIH,16956,1619,96830,0,0,0,48907
2018,-,Bulgaria,-,BGR,620,367,0,0,0,0,0
2018,-,Belize,-,BLZ,68,219,0,0,0,0,0
2018,-,Cambodia,-,KHM,12139,749,0,0,0,0,0
2018,-,Canada,-,CAN,81,79,0,0,0,0,0
2018,-,"Central African Rep.",-,CAF,590858,17278,640970,0,0,0,21697
2018,-,"Cayman Islands",-,CYM,6,0,0,0,0,0,0
2018,-,Chad,-,TCD,10895,4401,165314,0,0,0,16724
2018,-,China,-,CHN,212039,94351,0,0,0,0,0
2018,-,Chile,-,CHL,479,514,0,0,0,0,0
2018,-,Cameroon,-,CMR,45118,18638,668494,0,0,0,11
2018,-,Congo,-,COG,13354,11762,138000,0,0,0,92
2018,-,"Dem. Rep. of the Congo",-,COD,720302,133422,4516866,0,0,0,10862
2018,-,Comoros,-,COM,624,500,0,0,0,0,0
2018,-,Colombia,-,COL,138583,45674,7816473,0,0,0,0
2018,-,"Costa Rica",-,CRI,207,548,0,0,0,0,0
2018,-,Cuba,-,CUB,5488,26597,0,0,0,0,0
2018,-,"Curacao ",-,CUW,35,0,0,0,0,0,0
2018,-,"Cabo Verde",-,CPV,10,206,0,0,0,0,0
2018,-,Cyprus,-,CYP,7,20,0,0,0,0,0
2018,-,Czechia,-,CZE,1236,224,0,0,0,0,0
2018,-,Denmark,-,DNK,0,35,0,0,0,0,0
2018,-,Djibouti,-,DJI,2124,1100,0,0,0,0,0
2018,-,Dominica,-,DMA,36,56,0,0,0,0,0
2018,-,"Dominican Rep.",-,DOM,472,3406,0,0,0,0,0
2018,-,Ecuador,-,ECU,1424,17727,0,0,0,0,0
2018,-,"Equatorial Guinea",-,GNQ,140,176,0,0,0,0,0
2018,-,Eritrea,-,ERI,507260,78584,0,0,0,0,86
2018,-,Estonia,-,EST,281,37,0,0,0,0,0
2018,-,Ethiopia,-,ETH,92232,133254,2615800,0,0,0,4228
2018,-,"French Guiana",-,GUF,0,23,0,0,0,0,0
2018,-,Fiji,-,FJI,675,1297,0,0,0,0,0
2018,-,Finland,-,FIN,5,5,0,0,0,0,0
2018,-,France,-,FRA,59,219,0,0,0,0,0
2018,-,Gabon,-,GAB,342,739,0,0,0,0,0
2018,-,Gambia,-,GMB,17237,14016,0,0,0,0,0
2018,-,"State of Palestine",-,PSE,100728,13461,0,0,0,0,1459
2018,-,"United Kingdom of Great Britain and Northern Ireland",-,GBR,84,184,0,0,0,0,0
2018,-,Georgia,-,GEO,6983,21006,282382,0,0,0,0
2018,-,Germany,-,DEU,61,176,0,0,0,0,0
2018,-,Ghana,-,GHA,18071,12542,0,0,0,0,0
2018,-,Guadeloupe,-,GLP,0,11,0,0,0,0,0
2018,-,Guinea-Bissau,-,GNB,2043,2850,0,0,0,0,0
2018,-,Greece,-,GRC,107,128,0,0,0,0,0
2018,-,Grenada,-,GRD,96,59,0,0,0,0,0
2018,-,Guatemala,-,GTM,19128,86875,0,0,0,0,24
2018,-,Guinea,-,GIN,23493,33045,0,0,0,0,0
2018,-,Guyana,-,GUY,283,551,0,0,0,0,0
2018,-,Haiti,-,HTI,27517,40973,0,0,0,0,0
2018,-,"China, Hong Kong SAR",-,HKG,11,22,0,0,0,0,0
2018,-,Honduras,-,HND,18857,76526,174001,0,0,0,46419
2018,-,Croatia,-,HRV,24105,79,0,0,0,0,4376
2018,-,Hungary,-,HUN,3927,804,0,0,0,0,0
2018,-,Iceland,-,ISL,5,5,0,0,0,0,0
2018,-,"Cote d'Ivoire",-,CIV,38316,22855,0,0,0,0,16
2018,-,India,-,IND,9586,51802,0,0,0,0,214
2018,-,Indonesia,-,IDN,12148,3395,0,0,0,0,0
2018,-,Ireland,-,IRL,0,59,0,0,0,0,0
2018,-,"Iran (Islamic Rep. of)",-,IRN,129941,87367,0,0,0,0,87
2018,-,Iraq,-,IRQ,372332,256716,1802832,0,0,0,7901
2018,-,Israel,-,ISR,492,683,0,0,0,0,0
2018,-,Italy,-,ITA,69,381,0,0,0,0,0
2018,-,Jamaica,-,JAM,2448,1495,0,0,0,0,0
2018,-,Jordan,-,JOR,2430,4119,0,0,0,0,1431
2018,-,Japan,-,JPN,42,114,0,0,0,0,0
2018,-,Kazakhstan,-,KAZ,2520,5833,0,0,0,0,0
2018,-,Kenya,-,KEN,7480,7287,0,0,0,0,0
2018,-,Kyrgyzstan,-,KGZ,2934,2721,0,0,0,0,0
2018,-,"Rep. of Korea",-,KOR,274,536,0,0,0,0,0
2018,-,"Dem. People's Rep. of Korea",-,PRK,797,146,0,0,0,0,0
2018,-,Kuwait,-,KWT,1251,1220,0,0,0,0,0
2018,-,"Lao People's Dem. Rep.",-,LAO,6943,294,0,0,0,0,0
2018,-,Liberia,-,LBR,5508,2986,0,0,0,0,88
2018,-,Libya,-,LBY,13868,6786,170491,0,0,0,8
2018,-,"Saint Lucia",-,LCA,1025,65,0,0,0,0,0
2018,-,Lebanon,-,LBN,5620,8058,0,0,0,0,14
2018,-,Lesotho,-,LSO,6,38,0,0,0,0,0
2018,-,"Sri Lanka",-,LKA,113955,14517,35473,0,0,0,0
2018,-,Lithuania,-,LTU,66,89,0,0,0,0,0
2018,-,Luxembourg,-,LUX,0,5,0,0,0,0,0
2018,-,Latvia,-,LVA,152,103,0,0,0,0,0
2018,-,"China, Macao SAR",-,MAC,0,25,0,0,0,0,0
2018,-,Madagascar,-,MDG,298,111,0,0,0,0,0
2018,-,Mauritania,-,MRT,37050,8121,0,0,0,0,0
2018,-,"North Macedonia",-,MKD,1721,3228,0,0,0,0,0
2018,-,Monaco,-,MCO,5,0,0,0,0,0,0
2018,-,"Rep. of Moldova",-,MDA,2397,4537,0,0,0,0,0
2018,-,Maldives,-,MDV,74,35,0,0,0,0,0
2018,-,Mexico,-,MEX,12870,89794,0,0,0,0,0
2018,-,"Marshall Islands",-,MHL,7,0,0,0,0,0,0
2018,-,Mali,-,MLI,158267,10891,120298,0,0,0,0
2018,-,Malaysia,-,MYS,817,15037,0,0,0,0,0
2018,-,Malawi,-,MWI,472,2800,0,0,0,0,0
2018,-,Montenegro,-,MNE,715,633,0,0,0,0,0
2018,-,Mongolia,-,MNG,2249,4389,0,0,0,0,5
2018,-,Morocco,-,MAR,3873,8163,0,0,0,0,20
2018,-,Mozambique,-,MOZ,57,8977,0,0,0,0,0
2018,-,Malta,-,MLT,5,10,0,0,0,0,0
2018,-,Mauritius,-,MUS,156,294,0,0,0,0,0
2018,-,Myanmar,-,MMR,1145149,30459,370306,0,0,0,98
2018,-,Namibia,-,NAM,1331,332,0,0,0,0,0
2018,-,Nepal,-,NPL,8590,9074,0,0,0,0,328
2018,-,"Netherlands (Kingdom of the)",-,NLD,41,91,0,0,0,0,0
2018,-,Niger,-,NER,2715,2053,156137,0,0,0,25731
2018,-,Nicaragua,-,NIC,1671,32265,0,0,0,0,0
2018,-,Nigeria,-,NGA,276834,84624,2167925,0,0,0,1424
2018,-,Niue,-,NIU,19,5,0,0,0,0,0
2018,-,Norway,-,NOR,5,11,0,0,0,0,0
2018,-,"New Zealand",-,NZL,34,14,0,0,0,0,0
2018,-,Oman,-,OMN,42,28,0,0,0,0,0
2018,-,Pakistan,-,PAK,132248,75337,96384,0,0,0,0
2018,-,Panama,-,PAN,44,141,0,0,0,0,0
2018,-,Paraguay,-,PRY,73,278,0,0,0,0,0
2018,-,Peru,-,PER,2579,4895,0,0,0,0,0
2018,-,Philippines,-,PHL,522,3804,77651,0,0,0,80038
2018,-,"Papua New Guinea",-,PNG,424,445,0,0,0,0,0
2018,-,Poland,-,POL,1085,912,0,0,0,0,0
2018,-,Portugal,-,PRT,20,245,0,0,0,0,0
2018,-,Qatar,-,QAT,30,33,0,0,0,0,0
2018,-,Romania,-,ROU,1155,4253,0,0,0,0,0
2018,-,"South Africa",-,ZAF,482,2399,0,0,0,0,5
2018,-,"Russian Federation",-,RUS,61457,43268,0,0,0,0,0
2018,-,Rwanda,-,RWA,247469,13772,0,0,0,0,14998
2018,-,"El Salvador",-,SLV,32562,119271,71501,0,0,0,27285
2018,-,"Saudi Arabia",-,SAU,1492,1436,0,0,0,0,10
2018,-,Senegal,-,SEN,18208,17409,0,0,0,0,0
2018,-,Seychelles,-,SYC,15,0,0,0,0,0,0
2018,-,Singapore,-,SGP,46,70,0,0,0,0,0
2018,-,"Sierra Leone",-,SLE,4846,7422,0,0,0,0,0
2018,-,"Solomon Islands",-,SLB,33,145,0,0,0,0,0
2018,-,Somalia,-,SOM,949637,55852,2648001,0,0,0,130
2018,-,Spain,-,ESP,46,238,0,0,0,0,0
2018,-,"Serbia and Kosovo: S/RES/1244 (1999)",-,SRB,32368,9702,215794,0,0,0,0
2018,-,"Viet Nam",-,VNM,334464,5571,0,0,0,0,68
2018,-,"South Sudan",-,SSD,2285301,12701,1878154,0,0,0,10000
2018,-,Stateless,-,XXA,55765,7090,0,0,3851981,0,16
2018,-,"Saint Kitts and Nevis",-,KNA,58,11,0,0,0,0,0
2018,-,"Sao Tome and Principe",-,STP,31,25,0,0,0,0,0
2018,-,Sudan,-,SDN,724787,67433,1864195,0,0,0,0
2018,-,Suriname,-,SUR,22,57,0,0,0,0,0
2018,-,Slovakia,-,SVK,1218,390,0,0,0,0,0
2018,-,Slovenia,-,SVN,19,10,0,0,0,0,0
2018,-,Eswatini,-,SWZ,237,48,0,0,0,0,0
2018,-,Sweden,-,SWE,16,29,0,0,0,0,0
2018,-,Switzerland,-,CHE,5,13,0,0,0,0,0
2018,-,"Syrian Arab Rep.",-,SYR,6654374,139576,6183920,0,0,0,8453
2018,-,"United Rep. of Tanzania",-,TZA,723,1659,0,0,0,0,10
2018,-,"Turks and Caicos Islands",-,TCA,14,0,0,0,0,0,0
2018,-,Thailand,-,THA,183,2792,0,0,0,0,0
2018,-,Tibetan,-,TIB,13527,0,0,0,0,0,0
2018,-,Tajikistan,-,TJK,1695,3192,0,0,0,0,0
2018,-,Turkmenistan,-,TKM,457,1264,0,0,0,0,0
2018,-,Timor-Leste,-,TLS,12,10,0,0,0,0,0
2018,-,Togo,-,TGO,8029,3546,0,0,0,0,0
2018,-,Tonga,-,TON,32,170,0,0,0,0,0
2018,-,"Trinidad and Tobago",-,TTO,323,305,0,0,0,0,15
2018,-,Tunisia,-,TUN,1985,2749,0,0,0,0,0
2018,-,Türkiye,-,TUR,68900,42915,0,0,0,0,10
2018,-,"United Arab Emirates",-,ARE,169,272,0,0,0,0,0
2018,-,Uganda,-,UGA,7034,10956,0,0,0,0,180000
2018,-,"Unknown ",-,UNK,216540,65554,0,0,0,0,147254
2018,-,Ukraine,-,UKR,93248,31965,1500002,0,0,0,0
2018,-,Uruguay,-,URY,7,203,0,0,0,0,0
2018,-,"United States of America",-,USA,332,2834,0,0,0,0,0
2018,-,Uzbekistan,-,UZB,3276,4606,0,0,0,0,0
2018,-,Vanuatu,-,VUT,0,52,0,0,0,0,0
2018,-,"Saint Vincent and the Grenadines",-,VCT,1258,56,0,0,0,0,0
2018,-,"Venezuela (Bolivarian Republic of)",-,VEN,21047,464223,0,2592947,0,0,0
2018,-,Samoa,-,WSM,0,42,0,0,0,0,0
2018,-,"Western Sahara",-,ESH,116790,1803,0,0,0,0,0
2018,-,Yemen,-,YEM,31145,35876,2144719,0,0,0,0
2018,-,Zambia,-,ZMB,266,254,0,0,0,0,0
2018,-,Zimbabwe,-,ZWE,15618,17121,0,0,0,0,110
2019,-,Afghanistan,-,AFG,2727556,251047,2553390,0,0,0,450675
2019,-,Albania,-,ALB,15027,19007,0,0,0,0,0
2019,-,Algeria,-,DZA,4514,7703,0,0,0,0,107
2019,-,Angola,-,AGO,8176,10772,0,0,0,0,18243
2019,-,"Antigua and Barbuda",-,ATG,117,65,0,0,0,0,0
2019,-,Egypt,-,EGY,27416,16627,0,0,0,0,349
2019,-,Argentina,-,ARG,99,932,0,0,0,0,5
2019,-,Armenia,-,ARM,10962,11097,0,0,0,0,5
2019,-,Australia,-,AUS,20,50,0,0,0,0,0
2019,-,Austria,-,AUT,18,10,0,0,0,0,0
2019,-,Azerbaijan,-,AZE,11626,8232,652326,0,0,0,0
2019,-,Bahrain,-,BHR,557,156,0,0,0,0,0
2019,-,Barbados,-,BRB,243,116,0,0,0,0,0
2019,-,Burundi,-,BDI,380900,53166,33256,0,0,0,17605
2019,-,Belgium,-,BEL,34,105,0,0,0,0,0
2019,-,Benin,-,BEN,721,1214,0,0,0,0,6
2019,-,Bangladesh,-,BGD,22766,62860,0,0,0,0,502
2019,-,Bahamas,-,BHS,501,528,0,0,0,0,0
2019,-,Bhutan,-,BTN,6839,413,0,0,0,0,0
2019,-,"Burkina Faso",-,BFA,11733,4996,560033,0,0,0,2190
2019,-,Belarus,-,BLR,3425,4012,0,0,0,0,0
2019,-,"Bolivia (Plurinational State of)",-,BOL,514,1238,0,0,0,0,0
2019,-,Botswana,-,BWA,228,139,0,0,0,0,0
2019,-,Brazil,-,BRA,1399,12034,0,0,0,0,0
2019,-,"Brunei Darussalam",-,BRN,0,10,0,0,0,0,0
2019,-,"Bosnia and Herzegovina",-,BIH,16556,1487,96421,0,0,0,48907
2019,-,Bulgaria,-,BGR,566,344,0,0,0,0,5
2019,-,Belize,-,BLZ,73,278,0,0,0,0,0
2019,-,Cambodia,-,KHM,11986,846,0,0,0,0,0
2019,-,Canada,-,CAN,71,88,0,0,0,0,0
2019,-,"Central African Rep.",-,CAF,610152,15935,669906,0,0,0,1570
2019,-,"Cayman Islands",-,CYM,6,0,0,0,0,0,0
2019,-,Chad,-,TCD,11163,5335,170278,0,0,0,122367
2019,-,China,-,CHN,212863,104248,0,0,0,0,0
2019,-,Chile,-,CHL,486,1251,0,0,0,0,0
2019,-,Cameroon,-,CMR,66241,21865,950263,0,0,0,10
2019,-,Congo,-,COG,12743,11227,134430,0,0,0,37
2019,-,"Dem. Rep. of the Congo",-,COD,802974,145502,5014253,0,0,0,13128
2019,-,Comoros,-,COM,658,1459,0,0,0,0,0
2019,-,Colombia,-,COL,189254,75548,7976412,0,0,0,400000
2019,-,"Costa Rica",-,CRI,206,739,0,0,0,0,0
2019,-,Cuba,-,CUB,6625,55944,0,0,0,0,0
2019,-,"Curacao ",-,CUW,35,0,0,0,0,0,0
2019,-,"Cabo Verde",-,CPV,10,250,0,0,0,0,0
2019,-,Cyprus,-,CYP,0,35,0,0,0,0,0
2019,-,Czechia,-,CZE,1166,181,0,0,0,0,0
2019,-,Denmark,-,DNK,5,37,0,0,0,0,0
2019,-,Djibouti,-,DJI,2351,834,0,0,0,0,0
2019,-,Dominica,-,DMA,50,82,0,0,0,0,0
2019,-,"Dominican Rep.",-,DOM,546,4038,0,0,0,0,0
2019,-,Ecuador,-,ECU,1644,19340,0,0,0,0,0
2019,-,"Equatorial Guinea",-,GNQ,156,166,0,0,0,0,0
2019,-,Eritrea,-,ERI,504300,72164,0,0,0,0,134
2019,-,Estonia,-,EST,274,55,0,0,0,0,0
2019,-,Ethiopia,-,ETH,93467,135267,1733628,0,0,0,3881
2019,-,"French Guiana",-,GUF,0,24,0,0,0,0,0
2019,-,Fiji,-,FJI,591,2343,0,0,0,0,0
2019,-,Finland,-,FIN,0,10,0,0,0,0,0
2019,-,France,-,FRA,50,268,0,0,0,0,0
2019,-,Gabon,-,GAB,440,893,0,0,0,0,0
2019,-,Gambia,-,GMB,17813,9161,0,0,0,0,0
2019,-,"State of Palestine",-,PSE,96253,11537,0,0,0,0,1104
2019,-,"United Kingdom of Great Britain and Northern Ireland",-,GBR,69,227,0,0,0,0,0
2019,-,Georgia,-,GEO,7519,19734,286216,0,0,0,0
2019,-,Germany,-,DEU,69,201,0,0,0,0,0
2019,-,Ghana,-,GHA,18432,10551,0,0,0,0,0
2019,-,Guinea-Bissau,-,GNB,2093,2665,0,0,0,0,0
2019,-,Greece,-,GRC,95,133,0,0,0,0,0
2019,-,Grenada,-,GRD,80,89,0,0,0,0,0
2019,-,Guatemala,-,GTM,22770,119521,0,0,0,0,47836
2019,-,Guinea,-,GIN,26857,30409,0,0,0,0,0
2019,-,Guyana,-,GUY,284,676,0,0,0,0,0
2019,-,Haiti,-,HTI,26734,65684,0,0,0,0,0
2019,-,"China, Hong Kong SAR",-,HKG,5,222,0,0,0,0,0
2019,-,Honduras,-,HND,26351,122480,247090,0,0,0,72837
2019,-,Croatia,-,HRV,23793,65,0,0,0,0,3754
2019,-,Hungary,-,HUN,4007,671,0,0,0,0,5
2019,-,Iceland,-,ISL,5,5,0,0,0,0,0
2019,-,"Cote d'Ivoire",-,CIV,39351,19881,0,0,0,0,32
2019,-,India,-,IND,11787,65965,0,0,0,0,294
2019,-,Indonesia,-,IDN,12039,4323,0,0,0,0,0
2019,-,Ireland,-,IRL,0,90,0,0,0,0,0
2019,-,"Iran (Islamic Rep. of)",-,IRN,128998,86093,0,0,0,0,405
2019,-,Iraq,-,IRQ,336274,302731,1414632,0,0,0,31760
2019,-,Israel,-,ISR,452,690,0,0,0,0,0
2019,-,Italy,-,ITA,76,431,0,0,0,0,0
2019,-,Jamaica,-,JAM,2529,1798,0,0,0,0,0
2019,-,Jordan,-,JOR,2308,4722,0,0,0,0,1954
2019,-,Japan,-,JPN,39,111,0,0,0,0,0
2019,-,Kazakhstan,-,KAZ,2757,6982,0,0,0,0,0
2019,-,Kenya,-,KEN,7705,7879,0,0,0,0,5
2019,-,Kyrgyzstan,-,KGZ,2963,2593,0,0,0,0,0
2019,-,"Rep. of Korea",-,KOR,180,643,0,0,0,0,0
2019,-,"Dem. People's Rep. of Korea",-,PRK,758,112,0,0,0,0,0
2019,-,Kuwait,-,KWT,1300,1402,0,0,0,0,10
2019,-,"Lao People's Dem. Rep.",-,LAO,6757,390,0,0,0,0,0
2019,-,Liberia,-,LBR,5365,2953,0,0,0,0,33
2019,-,Libya,-,LBY,16033,5986,355672,0,0,0,42
2019,-,"Saint Lucia",-,LCA,843,74,0,0,0,0,0
2019,-,Lebanon,-,LBN,5647,8032,0,0,0,0,5030
2019,-,Lesotho,-,LSO,6,49,0,0,0,0,0
2019,-,Liechtenstein,-,LIE,0,14,0,0,0,0,0
2019,-,"Sri Lanka",-,LKA,110341,16062,25110,0,0,0,10
2019,-,Lithuania,-,LTU,61,76,0,0,0,0,0
2019,-,Luxembourg,-,LUX,5,0,0,0,0,0,0
2019,-,Latvia,-,LVA,144,98,0,0,0,0,0
2019,-,"China, Macao SAR",-,MAC,0,33,0,0,0,0,0
2019,-,Madagascar,-,MDG,298,264,0,0,0,0,0
2019,-,Mauritania,-,MRT,37423,8580,0,0,0,0,0
2019,-,"North Macedonia",-,MKD,1784,2526,0,0,0,0,0
2019,-,Monaco,-,MCO,5,0,0,0,0,0,0
2019,-,"Rep. of Moldova",-,MDA,2427,5653,0,0,0,0,0
2019,-,Maldives,-,MDV,75,11,0,0,0,0,0
2019,-,Mexico,-,MEX,14621,101654,0,0,0,0,0
2019,-,"Marshall Islands",-,MHL,7,0,0,0,0,0,0
2019,-,Mali,-,MLI,164466,8582,207751,0,0,0,5
2019,-,Malaysia,-,MYS,906,21259,0,0,0,0,0
2019,-,Malawi,-,MWI,514,2570,0,0,0,0,0
2019,-,Montenegro,-,MNE,659,606,0,0,0,0,0
2019,-,Mongolia,-,MNG,2364,4057,0,0,0,0,10
2019,-,Morocco,-,MAR,4642,8322,0,0,0,0,260
2019,-,Mozambique,-,MOZ,77,8734,180516,0,0,0,0
2019,-,Malta,-,MLT,5,15,0,0,0,0,0
2019,-,Mauritius,-,MUS,178,304,0,0,0,0,0
2019,-,Myanmar,-,MMR,1076826,37457,312018,0,0,0,119
2019,-,Namibia,-,NAM,459,756,0,0,0,0,0
2019,-,Nepal,-,NPL,8034,9940,0,0,0,0,345
2019,-,"Netherlands (Kingdom of the)",-,NLD,55,102,0,0,0,0,0
2019,-,Niger,-,NER,3063,2420,191902,0,0,0,29882
2019,-,Nicaragua,-,NIC,4376,66869,0,0,0,0,224
2019,-,Nigeria,-,NGA,295578,112382,2195779,0,0,0,7
2019,-,Niue,-,NIU,19,6,0,0,0,0,0
2019,-,Norway,-,NOR,5,11,0,0,0,0,0
2019,-,Nauru,-,NRU,0,15,0,0,0,0,0
2019,-,"New Zealand",-,NZL,34,27,0,0,0,0,0
2019,-,Oman,-,OMN,42,59,0,0,0,0,0
2019,-,Pakistan,-,PAK,136902,66245,100680,0,0,0,2871
2019,-,Panama,-,PAN,45,240,0,0,0,0,0
2019,-,Paraguay,-,PRY,84,632,0,0,0,0,0
2019,-,Peru,-,PER,2765,8669,0,0,0,0,0
2019,-,Philippines,-,PHL,554,4732,178897,0,0,0,55029
2019,-,"Papua New Guinea",-,PNG,475,549,0,0,0,0,0
2019,-,Poland,-,POL,961,1016,0,0,0,0,0
2019,-,Portugal,-,PRT,25,338,0,0,0,0,0
2019,-,Qatar,-,QAT,36,36,0,0,0,0,0
2019,-,Romania,-,ROU,1352,3910,0,0,0,0,0
2019,-,"South Africa",-,ZAF,441,2839,0,0,0,0,6
2019,-,"Russian Federation",-,RUS,62353,48282,0,0,0,0,0
2019,-,Rwanda,-,RWA,246407,15726,0,0,0,0,15566
2019,-,"El Salvador",-,SLV,41816,136277,71500,0,0,0,33192
2019,-,"Saudi Arabia",-,SAU,1721,1410,0,0,0,0,26
2019,-,Senegal,-,SEN,17208,15331,0,0,0,0,0
2019,-,Seychelles,-,SYC,15,6,0,0,0,0,0
2019,-,Singapore,-,SGP,39,88,0,0,0,0,0
2019,-,"Sierra Leone",-,SLE,5288,7272,0,0,0,0,0
2019,-,"Solomon Islands",-,SLB,34,227,0,0,0,0,0
2019,-,Somalia,-,SOM,901596,53083,2648000,0,0,0,160
2019,-,Spain,-,ESP,51,276,0,0,0,0,0
2019,-,"Serbia and Kosovo: S/RES/1244 (1999)",-,SRB,31251,7463,214696,0,0,0,0
2019,-,"Viet Nam",-,VNM,316441,8095,0,0,0,0,68
2019,-,"South Sudan",-,SSD,2234805,5616,1665815,0,0,0,10000
2019,-,Stateless,-,XXA,68784,7258,0,0,4217774,0,12467
2019,-,"Saint Kitts and Nevis",-,KNA,57,17,0,0,0,0,0
2019,-,"Sao Tome and Principe",-,STP,28,29,0,0,0,0,0
2019,-,Sudan,-,SDN,734780,72017,1885782,0,0,0,7
2019,-,Suriname,-,SUR,17,72,0,0,0,0,0
2019,-,Slovakia,-,SVK,1343,231,0,0,0,0,0
2019,-,Slovenia,-,SVN,19,15,0,0,0,0,0
2019,-,Eswatini,-,SWZ,224,97,0,0,0,0,0
2019,-,Sweden,-,SWE,13,35,0,0,0,0,0
2019,-,Switzerland,-,CHE,5,20,0,0,0,0,0
2019,-,"Syrian Arab Rep.",-,SYR,6615249,118450,6146994,0,0,0,7612
2019,-,"United Rep. of Tanzania",-,TZA,695,1963,0,0,0,0,45
2019,-,"Turks and Caicos Islands",-,TCA,14,0,0,0,0,0,0
2019,-,Thailand,-,THA,173,3531,0,0,0,0,0
2019,-,Tibetan,-,TIB,12555,0,0,0,0,0,0
2019,-,Tajikistan,-,TJK,1987,2661,0,0,0,0,0
2019,-,Turkmenistan,-,TKM,478,576,0,0,0,0,0
2019,-,Timor-Leste,-,TLS,17,41,0,0,0,0,0
2019,-,Togo,-,TGO,8034,3380,0,0,0,0,0
2019,-,Tonga,-,TON,32,419,0,0,0,0,0
2019,-,"Trinidad and Tobago",-,TTO,307,408,0,0,0,0,200
2019,-,Tunisia,-,TUN,2068,2668,0,0,0,0,14
2019,-,Türkiye,-,TUR,83239,46941,0,0,0,0,57
2019,-,"United Arab Emirates",-,ARE,155,181,0,0,0,0,0
2019,-,Uganda,-,UGA,7301,11433,0,0,0,2304506,7
2019,-,"Unknown ",-,UNK,183117,122408,0,0,0,0,269211
2019,-,Ukraine,-,UKR,59844,27991,734000,0,0,0,1680257
2019,-,Uruguay,-,URY,15,311,0,0,0,0,0
2019,-,"United States of America",-,USA,297,2940,0,0,0,0,12
2019,-,Uzbekistan,-,UZB,3217,5002,0,0,0,0,0
2019,-,Vanuatu,-,VUT,0,75,0,0,0,0,0
2019,-,"Holy See",-,VAT,0,5,0,0,0,0,0
2019,-,"Saint Vincent and the Grenadines",-,VCT,979,77,0,0,0,0,0
2019,-,"Venezuela (Bolivarian Republic of)",-,VEN,93239,794491,0,3582202,0,0,494503
2019,-,Samoa,-,WSM,0,84,0,0,0,0,0
2019,-,"Western Sahara",-,ESH,116908,955,0,0,0,0,5
2019,-,Yemen,-,YEM,36522,34328,3625716,0,0,0,49
2019,-,Zambia,-,ZMB,259,459,0,0,0,0,5
2019,-,Zimbabwe,-,ZWE,10045,16177,270000,0,0,0,121
2020,-,Afghanistan,-,AFG,2594827,238791,2886317,0,0,0,87499
2020,-,Anguilla,-,AIA,0,5,0,0,0,0,0
2020,-,Albania,-,ALB,15523,17628,0,0,0,0,0
2020,-,Algeria,-,DZA,4571,7779,0,0,0,0,96
2020,-,Andorra,-,AND,0,5,0,0,0,0,0
2020,-,Angola,-,AGO,8196,12402,0,0,0,0,19041
2020,-,"Antigua and Barbuda",-,ATG,108,51,0,0,0,0,0
2020,-,Egypt,-,EGY,26553,16313,0,0,0,0,88
2020,-,Argentina,-,ARG,99,1189,0,0,0,0,5
2020,-,Armenia,-,ARM,10334,8850,0,0,0,0,0
2020,-,Australia,-,AUS,20,12,0,0,0,0,0
2020,-,Austria,-,AUT,18,0,0,0,0,0,0
2020,-,Azerbaijan,-,AZE,101468,6425,653921,0,0,0,0
2020,-,Bahrain,-,BHR,534,118,0,0,0,0,0
2020,-,Barbados,-,BRB,230,120,0,0,0,0,0
2020,-,Burundi,-,BDI,372951,50227,21863,0,0,0,17448
2020,-,Belgium,-,BEL,28,62,0,0,0,0,0
2020,-,Benin,-,BEN,606,1350,0,0,0,0,12
2020,-,Bangladesh,-,BGD,18948,64636,0,0,0,472000,1271
2020,-,Bahamas,-,BHS,534,695,0,0,0,0,0
2020,-,Bhutan,-,BTN,6741,411,0,0,0,0,0
2020,-,"Burkina Faso",-,BFA,15694,5110,1074993,0,0,0,3803
2020,-,Belarus,-,BLR,3139,4698,0,0,0,0,0
2020,-,"Bolivia (Plurinational State of)",-,BOL,535,1370,0,0,0,0,0
2020,-,Botswana,-,BWA,191,134,0,0,0,0,0
2020,-,Brazil,-,BRA,1548,16857,0,0,0,0,0
2020,-,"Brunei Darussalam",-,BRN,0,10,0,0,0,0,0
2020,-,"Bosnia and Herzegovina",-,BIH,15578,1358,96305,0,0,0,1128
2020,-,Bulgaria,-,BGR,510,350,0,0,0,0,5
2020,-,Belize,-,BLZ,68,314,0,0,0,0,0
2020,-,Cambodia,-,KHM,11862,916,0,0,0,0,0
2020,-,Canada,-,CAN,65,108,0,0,0,0,0
2020,-,"Central African Rep.",-,CAF,642161,13458,681930,0,0,0,1669
2020,-,"Cayman Islands",-,CYM,5,0,0,0,0,0,0
2020,-,Chad,-,TCD,10388,6224,336124,0,0,0,99842
2020,-,China,-,CHN,175361,108071,0,0,0,0,6
2020,-,Chile,-,CHL,659,2111,0,0,0,0,0
2020,-,Cameroon,-,CMR,78481,23013,1032942,0,0,0,5
2020,-,Congo,-,COG,12590,12836,134430,0,0,0,38
2020,-,"Dem. Rep. of the Congo",-,COD,840392,145372,5198131,0,0,0,14077
2020,-,Comoros,-,COM,748,2688,0,0,0,0,0
2020,-,Colombia,-,COL,189866,70917,8252788,0,0,741889,500013
2020,-,"Costa Rica",-,CRI,208,800,0,0,0,0,0
2020,-,Cuba,-,CUB,8912,62234,0,0,0,0,130
2020,-,"Curacao ",-,CUW,35,0,0,0,0,0,0
2020,-,"Cabo Verde",-,CPV,5,258,0,0,0,0,0
2020,-,Cyprus,-,CYP,0,19,0,0,0,0,0
2020,-,Czechia,-,CZE,1112,158,0,0,0,0,0
2020,-,Denmark,-,DNK,5,17,0,0,0,0,0
2020,-,Djibouti,-,DJI,2419,883,0,0,0,1301,0
2020,-,Dominica,-,DMA,55,74,0,0,0,0,0
2020,-,"Dominican Rep.",-,DOM,550,4244,0,0,0,0,0
2020,-,Ecuador,-,ECU,1689,22090,0,0,0,0,0
2020,-,"Equatorial Guinea",-,GNQ,145,193,0,0,0,0,0
2020,-,Eritrea,-,ERI,524738,72942,0,0,0,0,9703
2020,-,Estonia,-,EST,277,43,0,0,0,0,0
2020,-,Ethiopia,-,ETH,151426,125072,2733628,0,0,0,3925
2020,-,"French Guiana",-,GUF,0,27,0,0,0,0,0
2020,-,Fiji,-,FJI,516,2683,0,0,0,0,0
2020,-,France,-,FRA,49,175,0,0,0,0,0
2020,-,Gabon,-,GAB,454,1115,0,0,0,0,0
2020,-,Gambia,-,GMB,10579,7091,0,0,0,0,0
2020,-,"State of Palestine",-,PSE,100153,12456,0,0,0,0,969
2020,-,"United Kingdom of Great Britain and Northern Ireland",-,GBR,62,200,0,0,0,0,0
2020,-,Georgia,-,GEO,7346,15408,288538,0,0,0,0
2020,-,Germany,-,DEU,71,166,0,0,0,0,0
2020,-,Ghana,-,GHA,13844,10092,0,0,0,0,5
2020,-,Guadeloupe,-,GLP,0,86,0,0,0,0,0
2020,-,Guinea-Bissau,-,GNB,1638,2713,0,0,0,0,0
2020,-,Greece,-,GRC,90,122,0,0,0,0,0
2020,-,Grenada,-,GRD,70,81,0,0,0,0,0
2020,-,Guatemala,-,GTM,24544,146111,0,0,0,0,27264
2020,-,Guinea,-,GIN,26792,31566,0,0,0,0,0
2020,-,Guyana,-,GUY,267,708,0,0,0,0,0
2020,-,Haiti,-,HTI,25649,80225,0,0,0,0,130
2020,-,"China, Hong Kong SAR",-,HKG,15,487,0,0,0,0,0
2020,-,Honduras,-,HND,34456,148935,247090,0,0,0,115567
2020,-,Croatia,-,HRV,23451,58,0,0,0,0,3301
2020,-,Hungary,-,HUN,4617,602,0,0,0,0,0
2020,-,Iceland,-,ISL,5,0,0,0,0,0,0
2020,-,"Cote d'Ivoire",-,CIV,37525,34216,5394,0,0,0,31
2020,-,India,-,IND,12398,69959,0,0,0,0,269
2020,-,Indonesia,-,IDN,13029,4940,0,0,0,0,170
2020,-,Ireland,-,IRL,0,94,0,0,0,0,0
2020,-,"Iran (Islamic Rep. of)",-,IRN,135018,77229,0,0,0,0,532
2020,-,Iraq,-,IRQ,333200,272567,1224108,0,0,0,31258
2020,-,Israel,-,ISR,373,663,0,0,0,0,0
2020,-,Italy,-,ITA,62,471,0,0,0,0,0
2020,-,Jamaica,-,JAM,2526,1902,0,0,0,0,0
2020,-,Jordan,-,JOR,2486,4984,0,0,0,0,836
2020,-,Japan,-,JPN,40,121,0,0,0,0,0
2020,-,Kazakhstan,-,KAZ,2741,5978,0,0,0,0,0
2020,-,Kenya,-,KEN,7422,8959,0,0,0,44000,0
2020,-,Kyrgyzstan,-,KGZ,2883,2695,0,0,0,0,0
2020,-,"Rep. of Korea",-,KOR,146,723,0,0,0,0,0
2020,-,"Dem. People's Rep. of Korea",-,PRK,689,88,0,0,0,0,0
2020,-,Kuwait,-,KWT,1422,1415,0,0,0,0,15
2020,-,"Lao People's Dem. Rep.",-,LAO,6665,463,0,0,0,0,0
2020,-,Liberia,-,LBR,5195,3073,0,0,0,0,19
2020,-,Libya,-,LBY,17523,5440,278177,0,0,0,83
2020,-,"Saint Lucia",-,LCA,726,83,0,0,0,0,0
2020,-,Lebanon,-,LBN,5495,7964,0,0,0,0,4746
2020,-,Lesotho,-,LSO,6,38,0,0,0,0,0
2020,-,Liechtenstein,-,LIE,0,5,0,0,0,0,0
2020,-,"Sri Lanka",-,LKA,142664,15061,25013,0,0,0,0
2020,-,Lithuania,-,LTU,58,78,0,0,0,0,0
2020,-,Luxembourg,-,LUX,5,0,0,0,0,0,0
2020,-,Latvia,-,LVA,143,92,0,0,0,0,0
2020,-,"China, Macao SAR",-,MAC,0,44,0,0,0,0,0
2020,-,Madagascar,-,MDG,268,338,0,0,0,0,0
2020,-,Martinique,-,MTQ,0,5,0,0,0,0,0
2020,-,Mauritania,-,MRT,37931,9252,0,0,0,0,0
2020,-,"North Macedonia",-,MKD,1576,1715,0,0,0,0,10
2020,-,"Rep. of Moldova",-,MDA,2206,5510,0,0,0,0,0
2020,-,Maldives,-,MDV,78,23,0,0,0,0,0
2020,-,Mexico,-,MEX,15398,111728,0,0,0,0,0
2020,-,"Marshall Islands",-,MHL,7,50,0,0,0,0,0
2020,-,Mali,-,MLI,164588,11131,332957,0,0,0,5
2020,-,Malaysia,-,MYS,1058,21474,0,0,0,0,0
2020,-,Malawi,-,MWI,514,2168,0,0,0,0,0
2020,-,Montenegro,-,MNE,530,634,0,0,0,0,0
2020,-,Mongolia,-,MNG,2277,4127,0,0,0,0,8
2020,-,Morocco,-,MAR,4467,8239,0,0,0,0,402
2020,-,Mozambique,-,MOZ,81,8674,668038,0,0,0,0
2020,-,Malta,-,MLT,5,10,0,0,0,0,0
2020,-,Mauritius,-,MUS,176,338,0,0,0,0,0
2020,-,Myanmar,-,MMR,1103245,40207,370320,0,0,0,151
2020,-,Namibia,-,NAM,457,841,0,0,0,0,0
2020,-,Nepal,-,NPL,7483,10309,0,0,0,0,396
2020,-,"Netherlands (Kingdom of the)",-,NLD,51,83,0,0,0,0,0
2020,-,Niger,-,NER,18853,4105,298458,0,0,0,34324
2020,-,Nicaragua,-,NIC,8701,62085,0,0,0,0,1665
2020,-,Nigeria,-,NGA,352960,73233,2610278,0,0,0,8
2020,-,Niue,-,NIU,18,7,0,0,0,0,0
2020,-,Norway,-,NOR,5,15,0,0,0,0,0
2020,-,Nauru,-,NRU,5,16,0,0,0,0,0
2020,-,"New Zealand",-,NZL,35,32,0,0,0,0,0
2020,-,Oman,-,OMN,47,70,0,0,0,0,0
2020,-,Pakistan,-,PAK,133280,61429,98898,0,0,0,2735
2020,-,Panama,-,PAN,70,315,0,0,0,0,0
2020,-,Paraguay,-,PRY,119,868,0,0,0,0,0
2020,-,Peru,-,PER,2834,10583,0,0,0,500353,0
2020,-,Philippines,-,PHL,469,4989,150368,0,0,0,129467
2020,-,"Papua New Guinea",-,PNG,510,650,14000,0,0,0,0
2020,-,Poland,-,POL,910,1052,0,0,0,0,0
2020,-,Portugal,-,PRT,27,360,0,0,0,0,0
2020,-,Qatar,-,QAT,33,38,0,0,0,0,0
2020,-,Romania,-,ROU,1343,3720,0,0,0,0,0
2020,-,"South Africa",-,ZAF,474,3230,0,0,0,0,6
2020,-,"Russian Federation",-,RUS,52742,44399,0,0,0,0,0
2020,-,Rwanda,-,RWA,245781,16648,0,0,0,8165,15611
2020,-,"El Salvador",-,SLV,45640,149542,71500,0,0,0,20226
2020,-,"Saudi Arabia",-,SAU,2003,1249,0,0,0,0,26
2020,-,Senegal,-,SEN,13986,15786,0,0,0,0,0
2020,-,Seychelles,-,SYC,10,5,0,0,0,0,0
2020,-,Singapore,-,SGP,37,74,0,0,0,0,0
2020,-,"Sierra Leone",-,SLE,5734,8384,0,0,0,0,0
2020,-,"Solomon Islands",-,SLB,37,267,0,0,0,0,0
2020,-,Somalia,-,SOM,812356,53824,2967500,0,0,0,34
2020,-,Spain,-,ESP,52,294,0,0,0,0,0
2020,-,"Serbia and Kosovo: S/RES/1244 (1999)",-,SRB,29976,7105,213018,0,0,0,139
2020,-,"Viet Nam",-,VNM,316728,9440,0,0,0,0,68
2020,-,"South Sudan",-,SSD,2188785,4858,1600254,0,0,250000,56
2020,-,Stateless,-,XXA,53725,5565,0,0,4179331,0,13806
2020,-,"Saint Kitts and Nevis",-,KNA,54,18,0,0,0,0,0
2020,-,"Sao Tome and Principe",-,STP,28,23,0,0,0,0,0
2020,-,Sudan,-,SDN,787823,70049,2552174,0,0,0,158
2020,-,Suriname,-,SUR,17,146,0,0,0,0,0
2020,-,Slovakia,-,SVK,1368,209,0,0,0,0,0
2020,-,Slovenia,-,SVN,17,5,0,0,0,0,0
2020,-,Eswatini,-,SWZ,198,81,0,0,0,0,0
2020,-,Sweden,-,SWE,8,35,0,0,0,0,0
2020,-,Switzerland,-,CHE,5,16,0,0,0,0,0
2020,-,"Syrian Arab Rep.",-,SYR,6702910,107085,6701972,0,0,0,7821
2020,-,"United Rep. of Tanzania",-,TZA,689,1900,0,0,0,0,35
2020,-,"Turks and Caicos Islands",-,TCA,14,5,0,0,0,0,0
2020,-,Thailand,-,THA,174,3760,0,0,0,0,0
2020,-,Tibetan,-,TIB,12561,0,0,0,0,0,7
2020,-,Tajikistan,-,TJK,2219,2459,0,0,0,0,0
2020,-,Turkmenistan,-,TKM,498,585,0,0,0,0,0
2020,-,Timor-Leste,-,TLS,11,324,0,0,0,0,0
2020,-,Togo,-,TGO,7704,3330,0,0,0,0,0
2020,-,Tonga,-,TON,31,731,0,0,0,0,0
2020,-,"Trinidad and Tobago",-,TTO,295,414,0,0,0,0,393
2020,-,Tunisia,-,TUN,1636,2829,0,0,0,0,11
2020,-,Türkiye,-,TUR,93730,44517,0,0,0,0,27
2020,-,"United Arab Emirates",-,ARE,181,181,0,0,0,0,0
2020,-,Uganda,-,UGA,7442,11742,0,0,0,2351313,7
2020,-,"Unknown ",-,UNK,184067,108800,0,0,0,0,34456
2020,-,Ukraine,-,UKR,35156,21426,734000,0,0,0,1620005
2020,-,Uruguay,-,URY,15,435,0,0,0,0,0
2020,-,"United States of America",-,USA,349,2491,0,0,0,0,7
2020,-,Uzbekistan,-,UZB,3112,5171,0,0,0,0,0
2020,-,Vanuatu,-,VUT,0,158,0,0,0,0,0
2020,-,"Holy See",-,VAT,0,12,0,0,0,0,0
2020,-,"Saint Vincent and the Grenadines",-,VCT,742,38,0,0,0,0,0
2020,-,"Venezuela (Bolivarian Republic of)",-,VEN,171112,851265,0,3862102,0,0,1112517
2020,-,Samoa,-,WSM,0,133,0,0,0,0,0
2020,-,"Western Sahara",-,ESH,116925,1038,0,0,0,0,5
2020,-,Yemen,-,YEM,32433,34870,4002012,0,0,0,28
2020,-,Zambia,-,ZMB,252,475,0,0,0,0,5
2020,-,Zimbabwe,-,ZWE,8575,14614,0,0,0,0,132
2021,-,Aruba,-,ABW,0,0,0,0,0,6000,0
2021,-,Afghanistan,-,AFG,2712869,262860,3457744,0,0,494710,93827
2021,-,Anguilla,-,AIA,0,5,0,0,0,0,0
2021,-,Albania,-,ALB,19847,22331,0,0,0,0,0
2021,-,Algeria,-,DZA,6003,6871,0,0,0,0,33
2021,-,Andorra,-,AND,0,5,0,0,0,0,0
2021,-,Angola,-,AGO,11403,12692,0,0,0,0,19792
2021,-,"Antigua and Barbuda",-,ATG,105,55,0,0,0,0,0
2021,-,Egypt,-,EGY,27498,21016,0,0,0,0,82
2021,-,Argentina,-,ARG,124,1774,0,0,0,0,5
2021,-,Armenia,-,ARM,12255,9291,0,0,0,0,0
2021,-,Australia,-,AUS,16,21,0,0,0,0,0
2021,-,Austria,-,AUT,23,5,0,0,0,0,0
2021,-,Azerbaijan,-,AZE,39478,5235,654839,0,0,0,0
2021,-,Bahrain,-,BHR,416,137,0,0,0,0,0
2021,-,Barbados,-,BRB,265,91,0,0,0,0,0
2021,-,Burundi,-,BDI,323635,52171,19176,0,0,0,5156
2021,-,Belgium,-,BEL,29,89,0,0,0,0,5
2021,-,Benin,-,BEN,730,1382,0,0,0,0,0
2021,-,Bangladesh,-,BGD,22672,65495,0,0,0,174850,507
2021,-,Bahamas,-,BHS,736,658,0,0,0,0,0
2021,-,Bhutan,-,BTN,6702,487,0,0,0,0,0
2021,-,"Burkina Faso",-,BFA,20209,5585,1579976,0,0,0,13079
2021,-,Belarus,-,BLR,4632,6799,0,0,0,0,0
2021,-,"Bolivia (Plurinational State of)",-,BOL,549,1830,0,0,0,0,0
2021,-,Botswana,-,BWA,122,213,0,0,0,0,0
2021,-,Brazil,-,BRA,1954,26440,0,0,0,26596,0
2021,-,"Brunei Darussalam",-,BRN,0,5,0,0,0,0,0
2021,-,"Bosnia and Herzegovina",-,BIH,18189,1631,96305,0,0,0,181
2021,-,Bulgaria,-,BGR,455,340,0,0,0,0,5
2021,-,"British Virgin Islands",-,VGB,20,0,0,0,0,0,0
2021,-,Belize,-,BLZ,81,369,0,0,0,0,0
2021,-,Cambodia,-,KHM,12072,893,0,0,0,0,0
2021,-,Canada,-,CAN,60,126,0,0,0,0,0
2021,-,"Central African Rep.",-,CAF,737658,14283,691791,0,0,0,2284
2021,-,"Cayman Islands",-,CYM,5,0,0,0,0,0,0
2021,-,Chad,-,TCD,11771,7572,406573,0,0,0,107029
2021,-,China,-,CHN,170222,118476,0,0,0,0,10
2021,-,Chile,-,CHL,987,9058,0,0,0,0,0
2021,-,Cameroon,-,CMR,125477,22151,933138,0,0,0,22
2021,-,Congo,-,COG,14253,12795,134430,0,0,0,84
2021,-,"Dem. Rep. of the Congo",-,COD,908401,148099,5407840,0,0,0,15343
2021,-,Comoros,-,COM,1670,1833,0,0,0,0,0
2021,-,Colombia,-,COL,115792,80705,6766002,0,0,741889,504338
2021,-,"Costa Rica",-,CRI,235,989,0,0,0,1863,0
2021,-,Cuba,-,CUB,11534,71590,0,0,0,0,13664
2021,-,"Curacao ",-,CUW,35,0,0,0,0,5226,0
2021,-,"Cabo Verde",-,CPV,10,273,0,0,0,0,0
2021,-,Cyprus,-,CYP,5,15,0,0,0,0,0
2021,-,Czechia,-,CZE,758,161,0,0,0,0,0
2021,-,Denmark,-,DNK,8,25,0,0,0,0,0
2021,-,Djibouti,-,DJI,2607,994,0,0,0,1301,0
2021,-,Dominica,-,DMA,54,124,0,0,0,0,0
2021,-,"Dominican Rep.",-,DOM,635,4642,0,0,0,0,0
2021,-,Ecuador,-,ECU,1825,27286,0,0,0,0,0
2021,-,"Equatorial Guinea",-,GNQ,168,235,0,0,0,0,0
2021,-,Eritrea,-,ERI,511911,77188,0,0,0,0,10538
2021,-,Estonia,-,EST,271,48,0,0,0,0,0
2021,-,Ethiopia,-,ETH,149130,139211,3646267,0,0,84953,3918
2021,-,"French Guiana",-,GUF,0,96,0,0,0,0,0
2021,-,Fiji,-,FJI,414,2997,0,0,0,0,0
2021,-,Finland,-,FIN,5,0,0,0,0,0,0
2021,-,France,-,FRA,38,280,0,0,0,0,0
2021,-,Gabon,-,GAB,620,902,0,0,0,0,0
2021,-,Gambia,-,GMB,11042,5731,0,0,0,0,59
2021,-,"State of Palestine",-,PSE,103581,9645,0,0,0,0,1109
2021,-,"United Kingdom of Great Britain and Northern Ireland",-,GBR,81,277,0,0,0,0,0
2021,-,Georgia,-,GEO,9754,16648,290156,0,0,0,0
2021,-,Germany,-,DEU,59,248,0,0,0,0,0
2021,-,Ghana,-,GHA,14251,9177,0,0,0,0,17
2021,-,Guadeloupe,-,GLP,0,88,0,0,0,0,0
2021,-,Guinea-Bissau,-,GNB,2039,2546,0,0,0,0,0
2021,-,Greece,-,GRC,87,171,0,0,0,0,0
2021,-,Grenada,-,GRD,52,97,0,0,0,0,0
2021,-,Guatemala,-,GTM,26927,160428,0,0,0,406161,149455
2021,-,Guinea,-,GIN,34403,26458,0,0,0,0,140
2021,-,Guyana,-,GUY,285,856,0,0,0,5892,0
2021,-,Haiti,-,HTI,29454,135565,0,0,0,0,19385
2021,-,"China, Hong Kong SAR",-,HKG,96,816,0,0,0,0,0
2021,-,Honduras,-,HND,51687,169994,247090,0,0,0,48926
2021,-,Croatia,-,HRV,18083,51,0,0,0,0,214
2021,-,Hungary,-,HUN,4653,608,0,0,0,0,0
2021,-,Iceland,-,ISL,5,7,0,0,0,0,0
2021,-,"Cote d'Ivoire",-,CIV,39940,32608,0,0,0,0,152
2021,-,India,-,IND,14230,78360,0,0,0,0,255
2021,-,Indonesia,-,IDN,13962,5872,0,0,0,0,276
2021,-,Ireland,-,IRL,5,141,0,0,0,0,0
2021,-,"Iran (Islamic Rep. of)",-,IRN,142994,68940,0,0,0,0,287
2021,-,Iraq,-,IRQ,343899,254454,1186556,0,0,0,30456
2021,-,Israel,-,ISR,453,807,0,0,0,0,0
2021,-,Italy,-,ITA,61,639,0,0,0,0,0
2021,-,Jamaica,-,JAM,2419,2305,0,0,0,0,0
2021,-,Jordan,-,JOR,2981,5795,0,0,0,0,873
2021,-,Japan,-,JPN,39,134,0,0,0,0,0
2021,-,Kazakhstan,-,KAZ,3198,5925,0,0,0,0,0
2021,-,Kenya,-,KEN,7529,9727,0,0,0,154150,5
2021,-,Kyrgyzstan,-,KGZ,3035,2785,0,0,0,0,0
2021,-,Kiribati,-,KIR,0,5,0,0,0,0,0
2021,-,"Rep. of Korea",-,KOR,117,893,0,0,0,0,0
2021,-,"Dem. People's Rep. of Korea",-,PRK,528,108,0,0,0,0,0
2021,-,Kuwait,-,KWT,1702,1857,0,0,0,0,5
2021,-,"Lao People's Dem. Rep.",-,LAO,6778,474,0,0,0,0,0
2021,-,Liberia,-,LBR,5384,3090,0,0,0,0,46
2021,-,Libya,-,LBY,19090,5717,179047,0,0,0,50
2021,-,"Saint Lucia",-,LCA,457,91,0,0,0,0,0
2021,-,Lebanon,-,LBN,6061,8873,0,0,0,0,11663
2021,-,Lesotho,-,LSO,6,41,0,0,0,0,0
2021,-,Liechtenstein,-,LIE,5,5,0,0,0,0,0
2021,-,"Sri Lanka",-,LKA,151112,12209,8767,0,0,0,16
2021,-,Lithuania,-,LTU,54,114,0,0,0,0,0
2021,-,Latvia,-,LVA,122,120,0,0,0,0,0
2021,-,"China, Macao SAR",-,MAC,0,34,0,0,0,0,0
2021,-,Madagascar,-,MDG,425,373,0,0,0,0,10
2021,-,Mauritania,-,MRT,39279,8705,0,0,0,0,0
2021,-,"North Macedonia",-,MKD,1842,3982,116,0,0,0,5
2021,-,"Rep. of Moldova",-,MDA,2190,6881,0,0,0,0,0
2021,-,Maldives,-,MDV,80,21,0,0,0,0,0
2021,-,Mexico,-,MEX,16403,117936,0,0,0,0,0
2021,-,"Marshall Islands",-,MHL,7,0,0,0,0,0,0
2021,-,Mali,-,MLI,183392,24287,350110,0,0,0,26
2021,-,Malaysia,-,MYS,1182,20855,0,0,0,0,0
2021,-,Malawi,-,MWI,513,2018,0,0,0,0,0
2021,-,Montenegro,-,MNE,623,809,0,0,0,0,0
2021,-,Mongolia,-,MNG,2508,4673,0,0,0,0,5
2021,-,Morocco,-,MAR,5385,12632,0,0,0,0,99
2021,-,Mozambique,-,MOZ,90,8720,744949,0,0,0,9
2021,-,Malta,-,MLT,7,5,0,0,0,0,0
2021,-,Mauritius,-,MUS,198,351,0,0,0,0,0
2021,-,Myanmar,-,MMR,1177327,43878,671011,0,0,0,198
2021,-,Namibia,-,NAM,441,915,0,0,0,0,40
2021,-,Nepal,-,NPL,7029,11329,0,0,0,0,363
2021,-,"Netherlands (Kingdom of the)",-,NLD,58,93,0,0,0,0,0
2021,-,Niger,-,NER,21901,2686,224016,0,0,0,37305
2021,-,Nicaragua,-,NIC,11041,164019,0,0,0,0,29390
2021,-,Nigeria,-,NGA,383660,83105,3084916,0,0,0,18
2021,-,Niue,-,NIU,11,0,0,0,0,0,0
2021,-,Norway,-,NOR,5,23,0,0,0,0,0
2021,-,Nauru,-,NRU,5,16,0,0,0,0,0
2021,-,"New Zealand",-,NZL,33,69,0,0,0,0,0
2021,-,Oman,-,OMN,53,71,0,0,0,0,0
2021,-,Pakistan,-,PAK,132818,56687,98898,0,0,1224393,6344
2021,-,Panama,-,PAN,118,512,0,0,0,14521,0
2021,-,Paraguay,-,PRY,125,1102,0,0,0,0,0
2021,-,Peru,-,PER,3521,9046,0,0,0,500353,0
2021,-,Philippines,-,PHL,521,5525,105214,0,0,0,183651
2021,-,"Papua New Guinea",-,PNG,507,636,24000,0,0,0,0
2021,-,Poland,-,POL,887,1056,0,0,0,0,0
2021,-,Portugal,-,PRT,26,439,0,0,0,0,0
2021,-,Qatar,-,QAT,47,35,0,0,0,0,0
2021,-,Romania,-,ROU,1417,4452,0,0,0,0,0
2021,-,"South Africa",-,ZAF,643,3556,0,0,0,0,6
2021,-,"Russian Federation",-,RUS,68547,42959,0,0,0,0,0
2021,-,Rwanda,-,RWA,248219,23523,0,0,0,8165,13564
2021,-,"El Salvador",-,SLV,52041,153246,71500,0,0,391,55583
2021,-,"Saudi Arabia",-,SAU,2167,1541,0,0,0,0,32
2021,-,Senegal,-,SEN,15129,17466,0,0,0,0,0
2021,-,Seychelles,-,SYC,14,0,0,0,0,0,0
2021,-,Singapore,-,SGP,34,100,0,0,0,0,0
2021,-,"Sierra Leone",-,SLE,6615,5685,0,0,0,0,5
2021,-,"Solomon Islands",-,SLB,38,314,1000,0,0,0,0
2021,-,Somalia,-,SOM,776678,59605,2967500,0,0,0,47
2021,-,Spain,-,ESP,55,423,0,0,0,0,0
2021,-,"Serbia and Kosovo: S/RES/1244 (1999)",-,SRB,31735,6708,211823,0,0,0,138
2021,-,"Viet Nam",-,VNM,317737,10345,0,0,0,0,68
2021,-,"South Sudan",-,SSD,2362759,5037,2017236,0,0,250000,74
2021,-,Stateless,-,XXA,56534,5191,0,0,4338192,0,16192
2021,-,"Saint Kitts and Nevis",-,KNA,47,32,0,0,0,0,0
2021,-,"Sao Tome and Principe",-,STP,6,25,0,0,0,0,0
2021,-,Sudan,-,SDN,825290,75164,3036590,0,0,0,301
2021,-,Suriname,-,SUR,22,118,0,0,0,0,0
2021,-,Slovakia,-,SVK,1426,171,0,0,0,0,0
2021,-,Slovenia,-,SVN,17,10,0,0,0,0,0
2021,-,Eswatini,-,SWZ,165,80,0,0,0,0,10
2021,-,Sweden,-,SWE,9,43,0,0,0,0,0
2021,-,Switzerland,-,CHE,0,21,0,0,0,0,0
2021,-,"Syrian Arab Rep.",-,SYR,6848865,139754,6865308,0,0,0,3132
2021,-,"United Rep. of Tanzania",-,TZA,752,1841,0,0,0,0,33
2021,-,"Turks and Caicos Islands",-,TCA,14,5,0,0,0,0,0
2021,-,Thailand,-,THA,181,3230,0,0,0,0,0
2021,-,Tibetan,-,TIB,12593,0,0,0,0,0,0
2021,-,Tajikistan,-,TJK,2412,2023,0,0,0,0,0
2021,-,Turkmenistan,-,TKM,563,722,0,0,0,0,0
2021,-,Timor-Leste,-,TLS,11,368,0,0,0,0,0
2021,-,Togo,-,TGO,7985,2984,0,0,0,0,25
2021,-,Tonga,-,TON,28,816,0,0,0,0,0
2021,-,"Trinidad and Tobago",-,TTO,285,508,0,0,0,4605,590
2021,-,Tunisia,-,TUN,2201,4012,0,0,0,0,9
2021,-,Türkiye,-,TUR,105019,46327,0,0,0,0,122
2021,-,"United Arab Emirates",-,ARE,160,215,0,0,0,0,0
2021,-,Uganda,-,UGA,7887,11824,0,0,0,2428906,10
2021,-,"Unknown ",-,UNK,100632,53367,0,0,0,196208,7439
2021,-,Ukraine,-,UKR,27562,19426,854000,0,0,0,1424805
2021,-,Uruguay,-,URY,45,648,0,0,0,0,0
2021,-,"United States of America",-,USA,426,1662,0,0,0,0,6
2021,-,Uzbekistan,-,UZB,3014,4946,0,0,0,0,0
2021,-,Vanuatu,-,VUT,0,172,0,0,0,0,0
2021,-,"Holy See",-,VAT,0,12,0,0,0,0,0
2021,-,"Saint Vincent and the Grenadines",-,VCT,467,85,0,0,0,0,0
2021,-,"Venezuela (Bolivarian Republic of)",-,VEN,199202,971106,0,4406432,0,0,1389980
2021,-,Samoa,-,WSM,5,160,0,0,0,0,0
2021,-,"Western Sahara",-,ESH,117041,689,0,0,0,0,5
2021,-,Yemen,-,YEM,37615,35462,4288739,0,0,0,23
2021,-,Zambia,-,ZMB,255,489,0,0,0,0,5
2021,-,Zimbabwe,-,ZWE,8115,13513,0,0,0,0,137
2022,-,Aruba,-,ABW,0,7,0,0,0,1700,0
2022,-,Afghanistan,-,AFG,5661717,294493,3254002,0,0,878451,90663
2022,-,Anguilla,-,AIA,5,5,0,0,0,0,0
2022,-,Albania,-,ALB,20865,34406,0,0,0,0,0
2022,-,Algeria,-,DZA,7734,8923,0,0,0,0,107
2022,-,Andorra,-,AND,5,5,0,0,0,0,0
2022,-,Angola,-,AGO,12021,16523,0,0,0,0,13315
2022,-,"Antigua and Barbuda",-,ATG,58,58,0,0,0,0,0
2022,-,Egypt,-,EGY,24390,27834,0,0,0,0,162
2022,-,Argentina,-,ARG,194,2271,0,0,0,0,5
2022,-,Armenia,-,ARM,14868,13474,0,0,0,0,5
2022,-,Australia,-,AUS,36,25,0,0,0,0,0
2022,-,Austria,-,AUT,41,17,0,0,0,0,0
2022,-,Azerbaijan,-,AZE,42116,5726,658793,0,0,0,0
2022,-,Bahrain,-,BHR,312,158,0,0,0,0,0
2022,-,Barbados,-,BRB,231,226,0,0,0,0,0
2022,-,Burundi,-,BDI,320702,56399,8495,0,0,0,6149
2022,-,Belgium,-,BEL,28,86,0,0,0,0,0
2022,-,Benin,-,BEN,811,1407,0,0,0,0,0
2022,-,Bangladesh,-,BGD,23935,61298,0,0,0,174850,39
2022,-,Bahamas,-,BHS,781,1210,0,0,0,0,0
2022,-,Bhutan,-,BTN,6688,465,0,0,0,0,0
2022,-,"Burkina Faso",-,BFA,29914,35535,1882391,0,0,0,0
2022,-,Belarus,-,BLR,11598,8396,0,0,0,0,0
2022,-,"Bolivia (Plurinational State of)",-,BOL,578,2324,0,0,0,0,0
2022,-,Botswana,-,BWA,81,686,0,0,0,0,28
2022,-,Brazil,-,BRA,2740,49183,0,0,0,0,3574
2022,-,"Brunei Darussalam",-,BRN,0,14,0,0,0,0,0
2022,-,"Bosnia and Herzegovina",-,BIH,19466,1500,96305,0,0,0,9
2022,-,Bulgaria,-,BGR,790,356,0,0,0,0,5
2022,-,"British Virgin Islands",-,VGB,20,0,0,0,0,0,0
2022,-,Belize,-,BLZ,65,481,0,0,0,0,0
2022,-,Cambodia,-,KHM,11700,978,0,0,0,0,0
2022,-,Canada,-,CAN,186,218,0,0,0,0,0
2022,-,"Central African Rep.",-,CAF,748344,14291,515665,0,0,0,2246
2022,-,"Cayman Islands",-,CYM,5,0,0,0,0,0,0
2022,-,Chad,-,TCD,12811,7091,381289,0,0,0,101667
2022,-,China,-,CHN,161366,116338,0,0,0,0,150
2022,-,Chile,-,CHL,1500,11879,0,0,0,0,2126
2022,-,Cameroon,-,CMR,147352,21927,989079,0,0,0,8
2022,-,Congo,-,COG,13331,9580,26875,0,0,0,98
2022,-,"Dem. Rep. of the Congo",-,COD,932680,135099,5541021,0,0,0,16813
2022,-,Comoros,-,COM,1900,792,0,0,0,0,0
2022,-,Colombia,-,COL,109012,144210,6834492,0,0,1102358,561879
2022,-,"Costa Rica",-,CRI,275,1279,0,0,0,3051,0
2022,-,Cuba,-,CUB,14676,240994,0,0,0,0,146305
2022,-,"Curacao ",-,CUW,35,5,0,0,0,1700,0
2022,-,"Cabo Verde",-,CPV,20,256,0,0,0,0,0
2022,-,Cyprus,-,CYP,0,31,0,0,0,0,0
2022,-,Czechia,-,CZE,604,228,0,0,0,0,0
2022,-,Denmark,-,DNK,0,35,0,0,0,0,0
2022,-,Djibouti,-,DJI,1706,1187,0,0,0,640,0
2022,-,Dominica,-,DMA,57,162,0,0,0,0,0
2022,-,"Dominican Rep.",-,DOM,719,6996,0,0,0,0,0
2022,-,Ecuador,-,ECU,3205,40358,0,0,0,0,25335
2022,-,"Equatorial Guinea",-,GNQ,361,243,0,0,0,0,0
2022,-,Eritrea,-,ERI,512674,79010,0,0,0,0,9399
2022,-,Estonia,-,EST,45,61,0,0,0,0,0
2022,-,Ethiopia,-,ETH,149603,121362,2730000,0,0,596148,4902
2022,-,"French Guiana",-,GUF,11,155,0,0,0,0,0
2022,-,Fiji,-,FJI,336,3317,0,0,0,0,0
2022,-,Finland,-,FIN,0,15,0,0,0,0,0
2022,-,France,-,FRA,65,405,0,0,0,0,0
2022,-,"Micronesia (Federated States of)",-,FSM,0,5,0,0,0,0,0
2022,-,Gabon,-,GAB,772,717,0,0,0,0,0
2022,-,Gambia,-,GMB,10698,4854,0,0,0,0,0
2022,-,"State of Palestine",-,PSE,104307,11295,0,0,0,0,2556
2022,-,"United Kingdom of Great Britain and Northern Ireland",-,GBR,217,408,0,0,0,0,0
2022,-,Georgia,-,GEO,13389,29166,292856,0,0,0,0
2022,-,Germany,-,DEU,162,539,0,0,0,0,0
2022,-,Ghana,-,GHA,14949,8783,0,0,0,0,0
2022,-,Guadeloupe,-,GLP,17,128,0,0,0,0,0
2022,-,Guinea-Bissau,-,GNB,2037,2291,0,0,0,0,0
2022,-,Greece,-,GRC,125,194,0,0,0,0,0
2022,-,Grenada,-,GRD,51,116,0,0,0,0,0
2022,-,Guatemala,-,GTM,30259,166901,0,0,0,406161,133563
2022,-,Guinea,-,GIN,35244,25242,0,0,0,0,0
2022,-,Guyana,-,GUY,250,929,0,0,0,4200,0
2022,-,Haiti,-,HTI,30307,177978,0,0,0,0,31890
2022,-,"China, Hong Kong SAR",-,HKG,177,985,0,0,0,0,0
2022,-,Honduras,-,HND,64785,195584,247090,0,0,0,55349
2022,-,Croatia,-,HRV,17698,74,0,0,0,0,18
2022,-,Hungary,-,HUN,1953,1327,0,0,0,0,0
2022,-,Iceland,-,ISL,0,13,0,0,0,0,0
2022,-,"Cote d'Ivoire",-,CIV,25148,22037,0,0,0,0,117
2022,-,India,-,IND,20828,100389,0,0,0,0,496
2022,-,Indonesia,-,IDN,11761,10017,0,0,0,0,1143
2022,-,Ireland,-,IRL,13,189,0,0,0,0,0
2022,-,"Iran (Islamic Rep. of)",-,IRN,122764,69237,0,0,0,0,58
2022,-,Iraq,-,IRQ,287446,228961,1168619,0,0,0,28805
2022,-,Israel,-,ISR,902,813,0,0,0,0,0
2022,-,Italy,-,ITA,151,670,0,0,0,0,0
2022,-,Jamaica,-,JAM,1858,3345,0,0,0,0,0
2022,-,Jordan,-,JOR,3550,5667,0,0,0,0,1293
2022,-,Japan,-,JPN,64,152,0,0,0,0,0
2022,-,Kazakhstan,-,KAZ,3666,8182,0,0,0,0,0
2022,-,Kenya,-,KEN,7595,10209,0,0,0,401356,5
2022,-,Kyrgyzstan,-,KGZ,3297,4412,0,0,0,0,0
2022,-,Kiribati,-,KIR,0,30,0,0,0,0,0
2022,-,"Rep. of Korea",-,KOR,132,880,0,0,0,0,0
2022,-,"Dem. People's Rep. of Korea",-,PRK,267,127,0,0,0,0,0
2022,-,Kuwait,-,KWT,1981,2898,0,0,0,0,5
2022,-,"Lao People's Dem. Rep.",-,LAO,6653,476,0,0,0,0,0
2022,-,Liberia,-,LBR,5156,3093,0,0,0,0,341
2022,-,Libya,-,LBY,17811,6076,161613,0,0,0,28
2022,-,"Saint Lucia",-,LCA,94,122,0,0,0,0,0
2022,-,Lebanon,-,LBN,6794,10289,0,0,0,0,18671
2022,-,Lesotho,-,LSO,12,24,0,0,0,0,6
2022,-,Liechtenstein,-,LIE,5,5,0,0,0,0,0
2022,-,"Sri Lanka",-,LKA,148144,15169,8540,0,0,0,6
2022,-,Lithuania,-,LTU,77,128,0,0,0,0,0
2022,-,Luxembourg,-,LUX,5,0,0,0,0,0,0
2022,-,Latvia,-,LVA,112,172,0,0,0,0,0
2022,-,"China, Macao SAR",-,MAC,10,48,0,0,0,0,0
2022,-,Madagascar,-,MDG,494,567,0,0,0,0,18
2022,-,Mauritania,-,MRT,36928,8558,0,0,0,0,0
2022,-,"North Macedonia",-,MKD,1862,5185,0,0,0,0,5
2022,-,"Rep. of Moldova",-,MDA,4799,7006,0,0,0,0,5
2022,-,Maldives,-,MDV,82,22,0,0,0,0,0
2022,-,Mexico,-,MEX,17635,126428,262411,0,0,0,5
2022,-,Mali,-,MLI,225726,12360,379932,0,0,0,10
2022,-,Malaysia,-,MYS,1359,19764,0,0,0,0,0
2022,-,Malawi,-,MWI,499,1169,0,0,0,0,0
2022,-,Montenegro,-,MNE,612,955,0,0,0,0,0
2022,-,Mongolia,-,MNG,2413,4940,0,0,0,0,6
2022,-,Morocco,-,MAR,10435,18121,0,0,0,0,1369
2022,-,Mozambique,-,MOZ,109,8581,1028743,0,0,0,50
2022,-,Malta,-,MLT,0,10,0,0,0,0,0
2022,-,Mauritius,-,MUS,208,428,0,0,0,0,0
2022,-,Myanmar,-,MMR,1251618,48701,1504848,0,0,0,321
2022,-,Namibia,-,NAM,317,1444,0,0,0,0,40
2022,-,Nepal,-,NPL,7329,13004,0,0,0,0,517
2022,-,"Netherlands (Kingdom of the)",-,NLD,56,140,0,0,0,0,0
2022,-,Niger,-,NER,21946,2759,376809,0,0,0,37596
2022,-,Nicaragua,-,NIC,16087,277663,0,0,0,0,65724
2022,-,Nigeria,-,NGA,391120,83402,3286881,0,0,0,13
2022,-,Niue,-,NIU,11,7,0,0,0,0,0
2022,-,Norway,-,NOR,5,15,0,0,0,0,0
2022,-,Nauru,-,NRU,5,19,0,0,0,0,0
2022,-,"New Zealand",-,NZL,48,32,0,0,0,0,0
2022,-,Oman,-,OMN,59,99,0,0,0,0,0
2022,-,Pakistan,-,PAK,112357,59126,0,0,0,1224393,37979
2022,-,Panama,-,PAN,140,1017,0,0,0,96800,0
2022,-,Paraguay,-,PRY,139,1202,0,0,0,0,0
2022,-,Peru,-,PER,4021,24294,0,0,0,617687,3299
2022,-,Philippines,-,PHL,586,5492,98094,0,0,0,183184
2022,-,Palau,-,PLW,5,0,0,0,0,0,0
2022,-,"Papua New Guinea",-,PNG,610,610,90634,0,0,0,0
2022,-,Poland,-,POL,971,1044,0,0,0,0,0
2022,-,Portugal,-,PRT,55,448,0,0,0,0,0
2022,-,Qatar,-,QAT,40,128,0,0,0,0,0
2022,-,Romania,-,ROU,3959,6200,0,0,0,0,0
2022,-,"South Africa",-,ZAF,784,3474,0,0,0,0,6
2022,-,"Russian Federation",-,RUS,80093,66373,0,0,0,0,27145
2022,-,Rwanda,-,RWA,249753,17886,0,0,0,11972,12426
2022,-,"El Salvador",-,SLV,58621,148758,71500,0,0,85061,53504
2022,-,"Saudi Arabia",-,SAU,1942,2537,0,0,0,0,31
2022,-,Senegal,-,SEN,13108,17358,0,0,0,0,0
2022,-,Seychelles,-,SYC,9,5,0,0,0,0,0
2022,-,Singapore,-,SGP,33,117,0,0,0,0,0
2022,-,"Sierra Leone",-,SLE,6939,6226,0,0,0,0,0
2022,-,"Solomon Islands",-,SLB,44,560,1000,0,0,0,0
2022,-,Somalia,-,SOM,786794,56893,2967500,0,0,0,86055
2022,-,Spain,-,ESP,62,452,0,0,0,0,0
2022,-,"Serbia and Kosovo: S/RES/1244 (1999)",-,SRB,30677,6668,210308,0,0,0,32
2022,-,"Viet Nam",-,VNM,17507,10627,0,0,0,0,68
2022,-,"South Sudan",-,SSD,2295082,5228,1474679,0,0,371594,306
2022,-,Stateless,-,XXA,54102,5803,0,0,4428314,0,18843
2022,-,"Saint Kitts and Nevis",-,KNA,22,32,0,0,0,0,0
2022,-,"Sao Tome and Principe",-,STP,11,23,0,0,0,0,0
2022,-,Sudan,-,SDN,837188,86838,3552717,0,0,0,2076
2022,-,Suriname,-,SUR,35,147,0,0,0,0,5
2022,-,Slovakia,-,SVK,569,213,0,0,0,0,0
2022,-,Slovenia,-,SVN,7,31,0,0,0,0,0
2022,-,Eswatini,-,SWZ,127,122,0,0,0,0,12
2022,-,Sweden,-,SWE,23,82,0,0,0,0,0
2022,-,Switzerland,-,CHE,8,27,0,0,0,0,0
2022,-,"Syrian Arab Rep.",-,SYR,6559736,156621,6780994,0,0,15209720,3522
2022,-,"United Rep. of Tanzania",-,TZA,790,1916,0,0,0,0,31
2022,-,"Turks and Caicos Islands",-,TCA,19,11,0,0,0,0,0
2022,-,Thailand,-,THA,210,3203,0,0,0,0,0
2022,-,Tibetan,-,TIB,12555,0,0,0,0,0,5
2022,-,Tajikistan,-,TJK,2951,3646,0,0,0,0,0
2022,-,Turkmenistan,-,TKM,2240,863,0,0,0,0,0
2022,-,Timor-Leste,-,TLS,6,690,0,0,0,0,0
2022,-,Togo,-,TGO,7871,2889,0,0,0,0,0
2022,-,Tonga,-,TON,30,1308,0,0,0,0,0
2022,-,"Trinidad and Tobago",-,TTO,296,627,0,0,0,5433,789
2022,-,Tunisia,-,TUN,2691,7923,0,0,0,0,39
2022,-,Türkiye,-,TUR,93537,82737,0,0,0,0,179
2022,-,"United Arab Emirates",-,ARE,199,594,0,0,0,0,0
2022,-,Uganda,-,UGA,7572,11833,0,0,0,2581900,35
2022,-,"Unknown ",-,UNK,100167,50027,0,0,0,182595,280766
2022,-,Ukraine,-,UKR,5684177,34637,5914000,0,0,0,545130
2022,-,Uruguay,-,URY,82,578,0,0,0,0,0
2022,-,"United States of America",-,USA,1327,2115,0,0,0,0,10
2022,-,Uzbekistan,-,UZB,4347,8720,0,0,0,0,0
2022,-,Vanuatu,-,VUT,5,705,0,0,0,0,0
2022,-,"Holy See",-,VAT,0,17,0,0,0,0,0
2022,-,"Saint Vincent and the Grenadines",-,VCT,136,120,0,0,0,0,0
2022,-,"Venezuela (Bolivarian Republic of)",-,VEN,230393,1137162,0,5217456,0,0,3388107
2022,-,Samoa,-,WSM,8,395,0,0,0,0,0
2022,-,"Western Sahara",-,ESH,91026,750,0,0,0,0,0
2022,-,Yemen,-,YEM,40147,33524,4523022,0,0,0,28
2022,-,Zambia,-,ZMB,296,471,0,0,0,0,5
2022,-,Zimbabwe,-,ZWE,7017,7478,0,0,0,0,169
2023,-,Afghanistan,-,AFG,6403144,296033,3222397,0,0,1584157,34534
2023,-,Anguilla,-,AIA,0,5,0,0,0,0,0
2023,-,Albania,-,ALB,21919,17539,0,0,0,0,0
2023,-,Algeria,-,DZA,7629,11330,0,0,0,0,48
2023,-,Andorra,-,AND,0,14,0,0,0,0,0
2023,-,Angola,-,AGO,11506,22824,0,0,0,0,13637
2023,-,"Antigua and Barbuda",-,ATG,67,51,0,0,0,0,0
2023,-,Egypt,-,EGY,23160,46356,0,0,0,0,273
2023,-,Argentina,-,ARG,300,4388,0,0,0,0,5
2023,-,Armenia,-,ARM,15072,18378,0,0,0,0,8
2023,-,Australia,-,AUS,29,68,0,0,0,0,0
2023,-,Austria,-,AUT,23,30,0,0,0,0,0
2023,-,Azerbaijan,-,AZE,158098,6777,657749,0,0,0,0
2023,-,Bahrain,-,BHR,304,207,0,0,0,0,0
2023,-,Barbados,-,BRB,298,255,0,0,0,0,0
2023,-,Burundi,-,BDI,319857,61035,8177,0,0,0,6226
2023,-,Belgium,-,BEL,53,149,0,0,0,0,0
2023,-,Benin,-,BEN,905,2816,8785,0,0,0,0
2023,-,Bermuda,-,BMU,5,99,0,0,0,0,0
2023,-,Bangladesh,-,BGD,24126,75867,0,0,0,537900,83
2023,-,Bahamas,-,BHS,1067,1825,0,0,0,0,0
2023,-,Bhutan,-,BTN,6676,468,0,0,0,0,0
2023,-,"Burkina Faso",-,BFA,54869,90419,2062534,0,0,0,0
2023,-,Belarus,-,BLR,15071,11837,0,0,0,0,0
2023,-,"Bolivia (Plurinational State of)",-,BOL,468,4467,0,0,0,0,0
2023,-,Botswana,-,BWA,150,1389,0,0,0,0,28
2023,-,Brazil,-,BRA,3798,72234,0,0,0,0,1438
2023,-,"Brunei Darussalam",-,BRN,0,24,0,0,0,0,0
2023,-,"Bosnia and Herzegovina",-,BIH,19318,1313,91223,0,0,0,0
2023,-,Bulgaria,-,BGR,393,389,0,0,0,0,5
2023,-,Belize,-,BLZ,72,976,0,0,0,0,0
2023,-,Cambodia,-,KHM,11624,959,0,0,0,0,0
2023,-,Canada,-,CAN,223,311,0,0,0,0,0
2023,-,"Central African Rep.",-,CAF,759187,14775,511803,0,0,0,3402
2023,-,Chad,-,TCD,10196,40745,215928,0,0,0,100648
2023,-,China,-,CHN,160565,137143,0,0,0,0,53
2023,-,Chile,-,CHL,1901,19228,0,0,0,0,2807
2023,-,Cameroon,-,CMR,110715,50840,1075252,0,0,0,13261
2023,-,Congo,-,COG,13820,10363,0,0,0,0,101
2023,-,"Dem. Rep. of the Congo",-,COD,978209,149805,6251790,0,0,0,18475
2023,-,Comoros,-,COM,2194,921,0,0,0,0,0
2023,-,Colombia,-,COL,115513,301824,6918373,0,0,885300,532962
2023,-,"Costa Rica",-,CRI,207,1684,0,0,0,3109,0
2023,-,Cuba,-,CUB,18560,329692,0,0,0,0,24563
2023,-,"Curacao ",-,CUW,8,0,0,0,0,0,0
2023,-,"Cabo Verde",-,CPV,19,247,0,0,0,0,0
2023,-,Cyprus,-,CYP,5,38,0,0,0,0,0
2023,-,Czechia,-,CZE,637,176,0,0,0,0,0
2023,-,Denmark,-,DNK,0,16,0,0,0,0,0
2023,-,Djibouti,-,DJI,1840,1574,0,0,0,0,0
2023,-,Dominica,-,DMA,73,344,0,0,0,0,0
2023,-,"Dominican Rep.",-,DOM,886,10791,0,0,0,0,0
2023,-,Ecuador,-,ECU,4244,66416,0,0,0,0,25692
2023,-,"Equatorial Guinea",-,GNQ,389,457,0,0,0,0,0
2023,-,Eritrea,-,ERI,559853,104892,0,0,0,0,8470
2023,-,Estonia,-,EST,60,58,0,0,0,0,0
2023,-,Ethiopia,-,ETH,158344,139424,2561497,0,0,1115201,4791
2023,-,"French Guiana",-,GUF,28,396,0,0,0,0,0
2023,-,Fiji,-,FJI,207,3017,0,0,0,0,0
2023,-,Finland,-,FIN,0,46,0,0,0,0,0
2023,-,France,-,FRA,50,475,0,0,0,0,0
2023,-,Gabon,-,GAB,866,834,0,0,0,0,9
2023,-,Gambia,-,GMB,8107,5744,0,0,0,0,5
2023,-,"State of Palestine",-,PSE,41077,12387,0,0,0,0,2866
2023,-,"United Kingdom of Great Britain and Northern Ireland",-,GBR,210,394,0,0,0,0,0
2023,-,Georgia,-,GEO,14695,38556,295831,0,0,0,0
2023,-,Germany,-,DEU,209,762,0,0,0,0,0
2023,-,Ghana,-,GHA,13870,11066,0,0,0,0,25
2023,-,Guadeloupe,-,GLP,17,80,0,0,0,0,0
2023,-,Guinea-Bissau,-,GNB,1859,1381,0,0,0,0,0
2023,-,Greece,-,GRC,102,219,0,0,0,0,0
2023,-,Grenada,-,GRD,70,123,0,0,0,0,0
2023,-,Guatemala,-,GTM,34010,176035,0,0,0,406161,121865
2023,-,Guinea,-,GIN,38585,34513,0,0,0,0,5
2023,-,Guyana,-,GUY,248,1265,0,0,0,0,0
2023,-,Haiti,-,HTI,122139,228443,313901,0,0,0,37009
2023,-,"China, Hong Kong SAR",-,HKG,350,683,0,0,0,0,0
2023,-,Honduras,-,HND,84363,216873,247090,0,0,0,50951
2023,-,Croatia,-,HRV,17579,85,0,0,0,0,12
2023,-,Hungary,-,HUN,2147,1249,0,0,0,0,0
2023,-,Iceland,-,ISL,0,5,0,0,0,0,0
2023,-,"Cote d'Ivoire",-,CIV,25994,25948,0,0,0,0,27
2023,-,India,-,IND,25319,142607,0,0,0,0,240
2023,-,Indonesia,-,IDN,11756,13311,0,0,0,0,990
2023,-,Ireland,-,IRL,0,219,0,0,0,0,0
2023,-,"Iran (Islamic Rep. of)",-,IRN,151757,63959,0,0,0,0,79
2023,-,Iraq,-,IRQ,329032,192202,1123663,0,0,0,2032
2023,-,Israel,-,ISR,855,1232,0,0,0,0,0
2023,-,Italy,-,ITA,124,1487,0,0,0,0,0
2023,-,Jamaica,-,JAM,2128,7064,0,0,0,0,0
2023,-,Jordan,-,JOR,3978,8207,0,0,0,0,1267
2023,-,Japan,-,JPN,48,144,0,0,0,0,0
2023,-,Kazakhstan,-,KAZ,3795,11277,0,0,0,0,0
2023,-,Kenya,-,KEN,8004,15941,0,0,0,401356,10
2023,-,Kyrgyzstan,-,KGZ,3324,8041,0,0,0,0,0
2023,-,Kiribati,-,KIR,0,27,0,0,0,0,0
2023,-,"Rep. of Korea",-,KOR,107,939,0,0,0,0,0
2023,-,"Dem. People's Rep. of Korea",-,PRK,239,96,0,0,0,0,0
2023,-,Kuwait,-,KWT,2276,2458,0,0,0,0,10
2023,-,"Lao People's Dem. Rep.",-,LAO,6551,560,0,0,0,0,0
2023,-,Liberia,-,LBR,4838,3904,0,0,0,0,200
2023,-,Libya,-,LBY,17958,6054,125802,0,0,0,28
2023,-,"Saint Lucia",-,LCA,117,231,0,0,0,0,0
2023,-,Lebanon,-,LBN,7392,9793,0,0,0,0,23915
2023,-,Lesotho,-,LSO,12,41,0,0,0,0,6
2023,-,"Sri Lanka",-,LKA,145319,18076,4806,0,0,0,23
2023,-,Lithuania,-,LTU,63,122,0,0,0,0,0
2023,-,Luxembourg,-,LUX,5,0,0,0,0,0,0
2023,-,Latvia,-,LVA,138,176,0,0,0,0,0
2023,-,"China, Macao SAR",-,MAC,15,6,0,0,0,0,0
2023,-,Madagascar,-,MDG,558,276,0,0,0,0,26
2023,-,Martinique,-,MTQ,0,5,0,0,0,0,0
2023,-,Mauritania,-,MRT,37532,18772,0,0,0,0,0
2023,-,"North Macedonia",-,MKD,1938,4689,0,0,0,0,5
2023,-,"Rep. of Moldova",-,MDA,5343,6410,0,0,0,0,5
2023,-,Maldives,-,MDV,70,27,0,0,0,0,0
2023,-,Mexico,-,MEX,21869,156309,262411,0,0,0,5
2023,-,"Marshall Islands",-,MHL,0,5,0,0,0,0,0
2023,-,Mali,-,MLI,249046,14117,354739,0,0,0,10
2023,-,Malaysia,-,MYS,999,18810,0,0,0,0,0
2023,-,Malawi,-,MWI,531,1656,0,0,0,0,0
2023,-,Montenegro,-,MNE,631,1058,0,0,0,0,0
2023,-,Mongolia,-,MNG,2393,6327,0,0,0,0,5
2023,-,Morocco,-,MAR,8827,17328,0,0,0,0,880
2023,-,Mozambique,-,MOZ,117,8759,582764,0,0,0,9
2023,-,Malta,-,MLT,0,6,0,0,0,0,0
2023,-,Mauritius,-,MUS,245,549,0,0,0,0,0
2023,-,Myanmar,-,MMR,1283426,54636,2607645,0,0,0,584
2023,-,Namibia,-,NAM,447,1603,0,0,0,0,45
2023,-,Nepal,-,NPL,7229,17206,0,0,0,0,356
2023,-,"Netherlands (Kingdom of the)",-,NLD,67,199,0,0,0,0,0
2023,-,Niger,-,NER,24794,15517,335277,0,0,0,45415
2023,-,Nicaragua,-,NIC,25483,308032,0,0,0,0,4595
2023,-,Nigeria,-,NGA,410308,68852,3313601,0,0,0,9
2023,-,Niue,-,NIU,6,5,0,0,0,0,0
2023,-,Norway,-,NOR,17,19,0,0,0,0,0
2023,-,Nauru,-,NRU,7,16,0,0,0,0,0
2023,-,"New Zealand",-,NZL,39,28,0,0,0,0,0
2023,-,Oman,-,OMN,95,82,0,0,0,0,0
2023,-,Pakistan,-,PAK,94481,72068,0,0,0,1400000,199
2023,-,Panama,-,PAN,233,1891,0,0,0,14521,0
2023,-,Paraguay,-,PRY,155,1987,0,0,0,0,0
2023,-,Peru,-,PER,4724,80153,0,0,0,17847,0
2023,-,Philippines,-,PHL,645,4670,108237,0,0,0,181243
2023,-,Palau,-,PLW,5,0,0,0,0,0,0
2023,-,"Papua New Guinea",-,PNG,452,719,95000,0,0,134,1736
2023,-,Poland,-,POL,932,1050,0,0,0,0,0
2023,-,Portugal,-,PRT,45,979,0,0,0,0,0
2023,-,"Puerto Rico",-,PRI,0,5,0,0,0,0,0
2023,-,Qatar,-,QAT,58,58,0,0,0,0,0
2023,-,Romania,-,ROU,1825,7383,0,0,0,0,0
2023,-,"South Africa",-,ZAF,919,4163,0,0,0,0,6
2023,-,"Russian Federation",-,RUS,86135,114669,0,0,0,0,1253
2023,-,Rwanda,-,RWA,249955,18297,0,0,0,12139,12356
2023,-,"El Salvador",-,SLV,68633,133042,71500,0,0,346175,132289
2023,-,"Saudi Arabia",-,SAU,2090,1640,0,0,0,0,27
2023,-,Senegal,-,SEN,11924,18780,0,0,0,0,0
2023,-,Seychelles,-,SYC,10,13,0,0,0,0,0
2023,-,Singapore,-,SGP,37,229,0,0,0,0,0
2023,-,"Sierra Leone",-,SLE,7445,8160,0,0,0,0,14
2023,-,"Solomon Islands",-,SLB,36,520,1000,0,0,0,0
2023,-,Somalia,-,SOM,842044,179224,3860099,0,0,0,64332
2023,-,Spain,-,ESP,56,1322,0,0,0,0,0
2023,-,"Serbia and Kosovo: S/RES/1244 (1999)",-,SRB,29807,5781,209790,0,0,0,13
2023,-,"Viet Nam",-,VNM,18339,13179,0,0,0,0,68
2023,-,"South Sudan",-,SSD,2292482,24596,1236672,0,0,454831,66
2023,-,Stateless,-,XXA,51912,5344,0,0,4358188,0,8998
2023,-,"Saint Kitts and Nevis",-,KNA,21,59,0,0,0,0,0
2023,-,"Sao Tome and Principe",-,STP,11,24,0,0,0,0,0
2023,-,Sudan,-,SDN,1496923,253902,9052822,0,0,21661,1981
2023,-,Suriname,-,SUR,42,179,0,0,0,0,5
2023,-,Slovakia,-,SVK,628,113,0,0,0,0,0
2023,-,Slovenia,-,SVN,7,91,0,0,0,0,0
2023,-,Eswatini,-,SWZ,128,251,0,0,0,0,12
2023,-,Sweden,-,SWE,23,175,0,0,0,0,5
2023,-,Switzerland,-,CHE,0,42,0,0,0,0,0
2023,-,"Syrian Arab Rep.",-,SYR,6355788,182954,7248188,0,0,16041461,6626
2023,-,"United Rep. of Tanzania",-,TZA,935,2954,0,0,0,0,10
2023,-,"Turks and Caicos Islands",-,TCA,19,6,0,0,0,0,0
2023,-,Thailand,-,THA,222,3371,0,0,0,0,0
2023,-,Tibetan,-,TIB,12575,0,0,0,0,0,14
2023,-,Tajikistan,-,TJK,3720,6001,0,0,0,0,0
2023,-,Turkmenistan,-,TKM,1848,1833,0,0,0,0,0
2023,-,Timor-Leste,-,TLS,0,1085,0,0,0,0,0
2023,-,Togo,-,TGO,7955,8192,9680,0,0,0,0
2023,-,Tonga,-,TON,41,1327,0,0,0,0,0
2023,-,"Trinidad and Tobago",-,TTO,351,819,0,0,0,5433,1040
2023,-,Tunisia,-,TUN,2800,9194,0,0,0,0,10
2023,-,Türkiye,-,TUR,127738,153142,0,0,0,0,467
2023,-,Tuvalu,-,TUV,0,5,0,0,0,0,0
2023,-,"United Arab Emirates",-,ARE,229,171,0,0,0,0,0
2023,-,Uganda,-,UGA,8376,14989,0,0,0,2659400,5
2023,-,"Unknown ",-,UNK,179252,95550,0,0,0,188688,165807
2023,-,Ukraine,-,UKR,5960362,33988,3689000,0,0,0,988425
2023,-,Uruguay,-,URY,93,818,0,0,0,0,0
2023,-,"United States of America",-,USA,1229,2051,0,0,0,0,5
2023,-,Uzbekistan,-,UZB,4440,17459,0,0,0,0,5
2023,-,Vanuatu,-,VUT,5,725,0,0,0,0,0
2023,-,"Saint Vincent and the Grenadines",-,VCT,157,165,0,0,0,0,0
2023,-,"Venezuela (Bolivarian Republic of)",-,VEN,347695,1200130,0,5755363,0,0,3293301
2023,-,Samoa,-,WSM,16,375,0,0,0,0,0
2023,-,"Western Sahara",-,ESH,90974,827,0,0,0,0,0
2023,-,Yemen,-,YEM,48044,33521,4516341,0,0,0,24
2023,-,Zambia,-,ZMB,324,628,0,0,0,0,5
2023,-,Zimbabwe,-,ZWE,7460,9125,0,0,0,0,170
2024,-,Afghanistan,-,AFG,5766586,384732,3199710,0,0,600000,871521
2024,-,Anguilla,-,AIA,0,5,0,0,0,0,0
2024,-,Albania,-,ALB,21875,11498,0,0,0,0,0
2024,-,Algeria,-,DZA,8800,13598,0,0,0,0,53
2024,-,Andorra,-,AND,5,16,0,0,0,0,0
2024,-,Angola,-,AGO,12545,21440,0,0,0,0,13920
2024,-,"Antigua and Barbuda",-,ATG,91,80,0,0,0,0,0
2024,-,Egypt,-,EGY,23736,55917,0,0,0,0,329
2024,-,Argentina,-,ARG,464,6189,0,0,0,0,5
2024,-,Armenia,-,ARM,15933,20459,0,0,0,0,7
2024,-,Australia,-,AUS,31,83,0,0,0,0,0
2024,-,Austria,-,AUT,33,40,0,0,0,0,0
2024,-,Azerbaijan,-,AZE,153154,7626,655212,0,0,0,0
2024,-,Bahrain,-,BHR,289,325,0,0,0,0,0
2024,-,Barbados,-,BRB,415,620,0,0,0,0,0
2024,-,Burundi,-,BDI,322462,60731,6877,0,0,0,6332
2024,-,Belgium,-,BEL,93,187,0,0,0,0,0
2024,-,Benin,-,BEN,1064,3725,8785,0,0,0,0
2024,-,Bermuda,-,BMU,5,94,0,0,0,0,0
2024,-,Bangladesh,-,BGD,28473,108131,0,0,0,544641,95
2024,-,Bahamas,-,BHS,1449,2607,0,0,0,0,0
2024,-,Bhutan,-,BTN,7433,523,0,0,0,0,0
2024,-,"Burkina Faso",-,BFA,150081,130695,2062534,0,0,0,0
2024,-,Belarus,-,BLR,17704,12787,0,0,0,0,0
2024,-,"Bolivia (Plurinational State of)",-,BOL,612,7080,0,0,0,0,0
2024,-,Botswana,-,BWA,249,1331,0,0,0,0,29
2024,-,Brazil,-,BRA,5072,86150,0,0,0,0,0
2024,-,"Brunei Darussalam",-,BRN,0,71,0,0,0,0,0
2024,-,"Bosnia and Herzegovina",-,BIH,26821,961,94796,0,0,0,0
2024,-,Bulgaria,-,BGR,498,426,0,0,0,0,5
2024,-,"British Virgin Islands",-,VGB,0,5,0,0,0,0,0
2024,-,Belize,-,BLZ,104,1400,0,0,0,0,0
2024,-,Cambodia,-,KHM,11474,1521,0,0,0,0,0
2024,-,Canada,-,CAN,309,351,0,0,0,0,0
2024,-,"Central African Rep.",-,CAF,693488,18082,469342,0,0,0,3641
2024,-,Chad,-,TCD,14617,28234,220610,0,0,0,317401
2024,-,China,-,CHN,153564,180960,0,0,0,0,8
2024,-,Chile,-,CHL,4809,24434,0,0,0,0,547
2024,-,Cameroon,-,CMR,109879,59627,1036775,0,0,0,325
2024,-,Congo,-,COG,14110,12278,0,0,0,0,120
2024,-,"Dem. Rep. of the Congo",-,COD,1060086,165456,6905511,0,0,0,19481
2024,-,Comoros,-,COM,2322,468,0,0,0,0,0
2024,-,Colombia,-,COL,77775,397872,7031498,0,0,807700,42526
2024,-,"Costa Rica",-,CRI,316,2381,0,0,0,3115,0
2024,-,Cuba,-,CUB,23865,344138,0,0,0,0,33434
2024,-,"Curacao ",-,CUW,8,0,0,0,0,0,0
2024,-,"Cabo Verde",-,CPV,14,272,0,0,0,0,0
2024,-,Cyprus,-,CYP,10,52,0,0,0,0,0
2024,-,Czechia,-,CZE,1057,167,0,0,0,0,0
2024,-,Denmark,-,DNK,16,30,0,0,0,0,0
2024,-,Djibouti,-,DJI,2055,1973,0,0,0,0,0
2024,-,Dominica,-,DMA,88,547,0,0,0,0,0
2024,-,"Dominican Rep.",-,DOM,1080,15821,0,0,0,0,0
2024,-,Ecuador,-,ECU,5015,105087,0,0,0,0,20232
2024,-,"Equatorial Guinea",-,GNQ,426,688,0,0,0,0,0
2024,-,Eritrea,-,ERI,551296,111762,0,0,0,0,6354
2024,-,Estonia,-,EST,126,62,0,0,0,0,0
2024,-,Ethiopia,-,ETH,164423,158142,2272533,0,0,1876986,4059
2024,-,"French Guiana",-,GUF,33,505,0,0,0,0,0
2024,-,Fiji,-,FJI,248,3168,0,0,0,0,0
2024,-,Finland,-,FIN,5,43,0,0,0,0,0
2024,-,"New Caledonia",-,NCL,0,5,0,0,0,0,0
2024,-,France,-,FRA,139,608,0,0,0,0,0
2024,-,"Micronesia (Federated States of)",-,FSM,0,5,0,0,0,0,0
2024,-,Gabon,-,GAB,948,909,0,0,0,0,9
2024,-,Gambia,-,GMB,8140,7587,0,0,0,0,0
2024,-,"State of Palestine",-,PSE,43712,15720,0,0,0,0,2694
2024,-,"United Kingdom of Great Britain and Northern Ireland",-,GBR,417,701,0,0,0,0,0
2024,-,Georgia,-,GEO,16554,35010,299172,0,0,0,0
2024,-,Germany,-,DEU,348,853,0,0,0,0,0
2024,-,Ghana,-,GHA,15078,19345,0,0,0,0,16
2024,-,Guadeloupe,-,GLP,17,81,0,0,0,0,0
2024,-,Guinea-Bissau,-,GNB,1900,1267,0,0,0,0,0
2024,-,Greece,-,GRC,97,233,0,0,0,0,0
2024,-,Grenada,-,GRD,100,136,0,0,0,0,0
2024,-,Guatemala,-,GTM,36323,195319,0,0,0,72921,39367
2024,-,Guinea,-,GIN,42096,55204,0,0,0,0,0
2024,-,Guyana,-,GUY,313,1591,0,0,0,0,0
2024,-,Haiti,-,HTI,148252,275050,1037463,0,0,0,31352
2024,-,"China, Hong Kong SAR",-,HKG,240,855,0,0,0,0,0
2024,-,Honduras,-,HND,100969,237701,247090,0,0,0,84895
2024,-,Croatia,-,HRV,17891,99,0,0,0,0,11
2024,-,Hungary,-,HUN,1984,1586,0,0,0,0,0
2024,-,Iceland,-,ISL,0,5,0,0,0,0,0
2024,-,"Cote d'Ivoire",-,CIV,29442,26785,0,0,0,0,10
2024,-,India,-,IND,39303,202933,0,0,0,0,255
2024,-,Indonesia,-,IDN,9172,18198,0,0,0,0,1104
2024,-,Ireland,-,IRL,68,405,0,0,0,0,0
2024,-,"Iran (Islamic Rep. of)",-,IRN,158171,61176,0,0,0,0,88
2024,-,Iraq,-,IRQ,305504,151623,1031475,0,0,0,19944
2024,-,Israel,-,ISR,1307,1659,0,0,0,0,0
2024,-,Italy,-,ITA,263,1857,0,0,0,0,0
2024,-,Jamaica,-,JAM,2552,9460,0,0,0,0,0
2024,-,Jordan,-,JOR,4990,14273,0,0,0,0,1219
2024,-,Japan,-,JPN,55,165,0,0,0,0,0
2024,-,Kazakhstan,-,KAZ,4119,12388,0,0,0,0,0
2024,-,Kenya,-,KEN,11696,19107,0,0,0,401356,23
2024,-,Kyrgyzstan,-,KGZ,3400,11350,0,0,0,0,0
2024,-,Kiribati,-,KIR,5,53,0,0,0,0,0
2024,-,"Rep. of Korea",-,KOR,142,1089,0,0,0,0,0
2024,-,"Dem. People's Rep. of Korea",-,PRK,283,105,0,0,0,0,0
2024,-,Kuwait,-,KWT,3019,3662,0,0,0,0,10
2024,-,"Lao People's Dem. Rep.",-,LAO,6556,760,0,0,0,0,0
2024,-,Liberia,-,LBR,5086,4466,0,0,0,0,288
2024,-,Libya,-,LBY,17235,6358,32791,0,0,0,10
2024,-,"Saint Lucia",-,LCA,160,299,0,0,0,0,0
2024,-,Lebanon,-,LBN,9534,12125,123774,0,0,0,25883
2024,-,Lesotho,-,LSO,25,49,0,0,0,0,0
2024,-,"Sri Lanka",-,LKA,147033,33347,4806,0,0,0,10
2024,-,Lithuania,-,LTU,111,151,0,0,0,0,0
2024,-,Luxembourg,-,LUX,5,0,0,0,0,0,0
2024,-,Latvia,-,LVA,179,166,0,0,0,0,0
2024,-,"China, Macao SAR",-,MAC,15,13,0,0,0,0,0
2024,-,Madagascar,-,MDG,604,295,0,0,0,0,29
2024,-,Martinique,-,MTQ,0,5,0,0,0,0,0
2024,-,Mauritania,-,MRT,38111,28422,0,0,0,0,5
2024,-,"North Macedonia",-,MKD,2013,2468,0,0,0,0,5
2024,-,"Rep. of Moldova",-,MDA,6236,5882,0,0,0,0,5
2024,-,Maldives,-,MDV,76,31,0,0,0,0,0
2024,-,Mexico,-,MEX,39241,204729,262411,0,0,0,0
2024,-,"Marshall Islands",-,MHL,0,10,0,0,0,0,0
2024,-,Mali,-,MLI,354075,18463,360591,0,0,0,19
2024,-,Malaysia,-,MYS,1209,12779,0,0,0,0,0
2024,-,Malawi,-,MWI,570,2784,0,0,0,0,0
2024,-,Montenegro,-,MNE,763,1058,0,0,0,0,0
2024,-,Mongolia,-,MNG,2501,7517,0,0,0,0,16
2024,-,Morocco,-,MAR,10609,20302,0,0,0,0,231
2024,-,Mozambique,-,MOZ,114,8944,577545,0,0,0,9
2024,-,Malta,-,MLT,10,10,0,0,0,0,0
2024,-,Mauritius,-,MUS,263,631,0,0,0,0,0
2024,-,Myanmar,-,MMR,1322503,65946,3513867,0,0,0,513
2024,-,Namibia,-,NAM,646,897,0,0,0,0,38
2024,-,Nepal,-,NPL,7840,19619,0,0,0,0,385
2024,-,"Netherlands (Kingdom of the)",-,NLD,136,258,0,0,0,0,0
2024,-,Niger,-,NER,44119,10775,507438,0,0,0,46595
2024,-,Nicaragua,-,NIC,30020,356201,0,0,0,0,9597
2024,-,Nigeria,-,NGA,467605,87289,3432959,0,0,0,26
2024,-,Niue,-,NIU,5,5,0,0,0,0,0
2024,-,Norway,-,NOR,22,37,0,0,0,0,0
2024,-,Nauru,-,NRU,5,18,0,0,0,0,0
2024,-,"New Zealand",-,NZL,52,27,0,0,0,0,0
2024,-,Oman,-,OMN,118,91,0,0,0,0,0
2024,-,Pakistan,-,PAK,86285,82958,3439,0,0,1456000,324
2024,-,Panama,-,PAN,333,2627,0,0,0,2236,0
2024,-,Paraguay,-,PRY,170,3054,0,0,0,0,0
2024,-,Peru,-,PER,6459,119061,0,0,0,16328,0
2024,-,Philippines,-,PHL,785,6742,121576,0,0,0,176088
2024,-,"Papua New Guinea",-,PNG,504,982,84051,0,0,134,2177
2024,-,Poland,-,POL,1528,1076,0,0,0,0,0
2024,-,Portugal,-,PRT,110,1092,0,0,0,0,0
2024,-,"Puerto Rico",-,PRI,0,5,0,0,0,0,0
2024,-,Qatar,-,QAT,65,55,0,0,0,0,0
2024,-,Romania,-,ROU,2919,8952,0,0,0,0,0
2024,-,"South Africa",-,ZAF,1174,4907,0,0,0,0,6
2024,-,"Russian Federation",-,RUS,96869,125962,0,0,0,0,1305
2024,-,Rwanda,-,RWA,249096,21270,0,0,0,12134,12624
2024,-,"El Salvador",-,SLV,71765,136774,71500,0,0,255433,121375
2024,-,"Saudi Arabia",-,SAU,2332,1539,0,0,0,0,20
2024,-,Senegal,-,SEN,12947,39749,0,0,0,0,0
2024,-,Seychelles,-,SYC,10,18,0,0,0,0,0
2024,-,Singapore,-,SGP,45,303,0,0,0,0,0
2024,-,"Sierra Leone",-,SLE,8042,8893,0,0,0,0,0
2024,-,"Solomon Islands",-,SLB,44,835,11,0,0,0,0
2024,-,Somalia,-,SOM,894120,237183,3861643,0,0,0,334
2024,-,Spain,-,ESP,174,1979,0,0,0,0,0
2024,-,"Serbia and Kosovo: S/RES/1244 (1999)",-,SRB,31438,6104,209753,0,0,0,0
2024,-,"Viet Nam",-,VNM,19961,22594,0,0,0,0,68
2024,-,"South Sudan",-,SSD,2290622,32841,944631,0,0,1327345,70
2024,-,Stateless,-,XXA,36296,4787,0,0,4360087,0,6109
2024,-,"Saint Kitts and Nevis",-,KNA,27,81,0,0,0,0,0
2024,-,"Sao Tome and Principe",-,STP,5,20,0,0,0,0,0
2024,-,Sudan,-,SDN,2094373,682535,11559970,0,0,32823,1782
2024,-,Suriname,-,SUR,50,251,0,0,0,0,0
2024,-,Slovakia,-,SVK,664,137,0,0,0,0,0
2024,-,Slovenia,-,SVN,17,100,0,0,0,0,0
2024,-,Eswatini,-,SWZ,150,543,0,0,0,0,12
2024,-,Sweden,-,SWE,98,295,0,0,0,0,5
2024,-,Switzerland,-,CHE,5,50,0,0,0,0,0
2024,-,"Syrian Arab Rep.",-,SYR,5952174,167334,7408909,0,0,16471143,3416
2024,-,"United Rep. of Tanzania",-,TZA,1259,3900,0,0,0,0,10
2024,-,"Turks and Caicos Islands",-,TCA,14,6,0,0,0,0,0
2024,-,Thailand,-,THA,300,4022,0,0,0,0,0
2024,-,Tibetan,-,TIB,12576,0,0,0,0,0,0
2024,-,Tajikistan,-,TJK,4045,7945,0,0,0,0,0
2024,-,Turkmenistan,-,TKM,2580,2327,0,0,0,0,0
2024,-,Timor-Leste,-,TLS,5,1453,0,0,0,0,0
2024,-,Togo,-,TGO,12685,5251,9680,0,0,0,0
2024,-,Tonga,-,TON,42,1712,0,0,0,0,0
2024,-,"Trinidad and Tobago",-,TTO,474,1110,0,0,0,711,1333
2024,-,Tunisia,-,TUN,3593,11415,0,0,0,0,5
2024,-,Türkiye,-,TUR,139640,158221,0,0,0,0,504
2024,-,Tuvalu,-,TUV,0,11,0,0,0,0,0
2024,-,"United Arab Emirates",-,ARE,261,159,0,0,0,0,0
2024,-,Uganda,-,UGA,10384,18311,0,0,0,3200000,0
2024,-,"Unknown ",-,UNK,191689,62717,0,0,0,198251,200219
2024,-,Ukraine,-,UKR,5120036,44349,3665000,0,0,0,876727
2024,-,Uruguay,-,URY,131,989,0,0,0,0,0
2024,-,"United States of America",-,USA,4004,2409,0,0,0,0,0
2024,-,Uzbekistan,-,UZB,5152,22765,0,0,0,0,5
2024,-,Vanuatu,-,VUT,5,1151,0,0,0,0,0
2024,-,"Saint Vincent and the Grenadines",-,VCT,186,229,0,0,0,0,0
2024,-,"Venezuela (Bolivarian Republic of)",-,VEN,370169,1360041,0,5875359,0,0,810870
2024,-,Samoa,-,WSM,8,484,0,0,0,0,0
2024,-,"Western Sahara",-,ESH,174578,867,0,0,0,0,0
2024,-,Yemen,-,YEM,51384,32810,4795983,0,0,0,21
2024,-,Zambia,-,ZMB,337,983,0,0,0,0,5
2024,-,Zimbabwe,-,ZWE,8002,10349,0,0,0,0,163
