Series Name,Series Code,Country Name,Country Code,2000 [YR2000],2001 [YR2001],2002 [YR2002],2003 [YR2003],2004 [YR2004],2005 [YR2005],2006 [YR2006],2007 [YR2007],2008 [YR2008],2009 [YR2009],2010 [YR2010],2011 [YR2011],2012 [YR2012],2013 [YR2013],2014 [YR2014],2015 [YR2015],2016 [YR2016],2017 [YR2017],2018 [YR2018],2019 [YR2019],2020 [YR2020],2021 [YR2021],2022 [YR2022],2023 [YR2023],2024 [YR2024]
Current health expenditure per capita (current US$),SH.XPD.CHEX.PC.CD,Afghanistan,AFG,..,..,16.70697403,17.74602509,21.42300415,25.11388779,28.9412632,32.70893097,39.88624954,43.13351822,46.42438889,52.18721771,52.45247269,56.16043472,60.04951096,59.91960526,61.37234497,66.82388306,71.22509003,74.0642395,80.0892334,81.52112579,80.6516037,..,..
Current health expenditure per capita (current US$),SH.XPD.CHEX.PC.CD,Albania,ALB,65.47674561,73.92171478,78.72909546,105.43667603,136.50724792,149.97515869,164.22090149,209.31910706,237.10340881,236.94244385,253.98246765,273.75292969,260.68319702,276.0765686,293.1267395,253.93347168,275.43676758,295.52346802,349.21127319,366.34014893,396.17477417,465.57043457,414.35025024,..,..
Current health expenditure per capita (current US$),SH.XPD.CHEX.PC.CD,Algeria,DZA,61.85785294,67.05859375,66.681633,75.9513092,92.6876297,100.83694458,116.7750473,150.86651611,206.37207031,207.20181274,227.95396423,285.5020752,340.09133911,337.5736084,366.58670044,296.76824951,265.53439331,270.93261719,271.53778076,242.07002258,211.07276917,208.52682495,179.69688416,..,..
Current health expenditure per capita (current US$),SH.XPD.CHEX.PC.CD,American Samoa,ASM,..,..,..,..,..,..,..,..,..,..,..,..,..,..,..,..,..,..,..,..,..,..,..,..,..
Current health expenditure per capita (current US$),SH.XPD.CHEX.PC.CD,Andorra,AND,1295.08508301,1376.14428711,1583.21118164,1885.52746582,2059.91821289,2283.44287109,2156.34423828,2376.66162109,2774.92602539,2663.37402344,3277.78515625,3550.90820313,2785.18896484,2887.02587891,3001.19604492,2672.26464844,2769.15283203,2876.17871094,3158.13647461,3021.43261719,3282.81738281,3535.98974609,3192.31567383,3654.07470703,..
Current health expenditure per capita (current US$),SH.XPD.CHEX.PC.CD,Angola,AGO,13.15998554,29.26095772,29.37077141,35.2206955,50.23310852,54.66142273,70.28185272,93.42698669,136.34094238,120.5289917,96.95197296,122.11888123,121.84848022,142.78450012,130.5861969,107.52857208,94.01481628,112.75364685,84.03104401,64.61397552,55.93916321,67.04656982,101.25614166,..,..
Current health expenditure per capita (current US$),SH.XPD.CHEX.PC.CD,Antigua and Barbuda,ATG,520.12213135,572.20776367,559.08331299,613.65112305,597.74902344,641.3157959,665.11560059,714.27496338,694.03344727,609.50390625,724.08880615,717.28186035,753.50183105,739.10491943,826.75598145,789.30975342,817.88891602,791.12322998,856.37127686,808.14996338,883.50018311,843.4654541,1084.88330078,..,..
Current health expenditure per capita (current US$),SH.XPD.CHEX.PC.CD,Argentina,ARG,702.23309326,668.79309082,221.80255127,259.99020386,309.04415894,389.34667969,451.97616577,567.28747559,740.14105225,778.51556396,975.65991211,1196.51464844,1355.22851563,1408.75634766,1274.66125488,1517.33789063,1251.65612793,1486.92871094,1209.5357666,1011.08013916,891.99621582,1080.88208008,1370.88464355,..,..
Current health expenditure per capita (current US$),SH.XPD.CHEX.PC.CD,Armenia,ARM,25.6606369,31.90725899,59.20983887,66.31577301,71.65074158,95.55095673,124.8989563,170.15332031,261.59963989,247.90641785,291.77758789,325.29086304,331.91378784,392.85253906,404.33874512,365.51950073,359.58227539,409.80145264,428.34570313,533.69952393,535.2723999,595.83544922,674.78619385,..,..
Current health expenditure per capita (current US$),SH.XPD.CHEX.PC.CD,Aruba,ABW,..,..,..,..,..,..,..,..,..,..,..,..,..,..,..,..,..,..,..,..,..,..,..,..,..
Current health expenditure per capita (current US$),SH.XPD.CHEX.PC.CD,Australia,AUS,1626.73388672,1550.37390137,1752.93896484,2227.12768555,2744.08105469,2995.87255859,3174.86865234,3792.80981445,4083.42944336,3989.44116211,4947.96337891,5876.88525391,6038.87158203,5811.86865234,6098.25439453,5294.57226563,5423.82666016,5780.53710938,5830.1015625,5529.19482422,5952.890625,7039.57763672,6730.99511719,..,..
Current health expenditure per capita (current US$),SH.XPD.CHEX.PC.CD,Austria,AUT,2269.12646484,2282.515625,2497.8659668,3091.24023438,3594.65039063,3710.39794922,3882.98193359,4478.76855469,5057.76074219,4928.98779297,4800.79345703,5167.81787109,4966.09570313,5235.34130859,5393.60205078,4612.82373047,4709.87597656,4938.92041016,5337.21826172,5263.390625,5531.0234375,6520.49072266,5851.96240234,6208.64453125,..
Current health expenditure per capita (current US$),SH.XPD.CHEX.PC.CD,Azerbaijan,AZE,18.64016533,19.19010162,20.45606041,23.62244987,27.1906395,34.35204697,49.87102127,74.65649414,111.88427734,135.40127563,153.0665741,184.93493652,234.60324097,251.67863464,280.22314453,236.25979614,169.69596863,167.01565552,180.03610229,199.25746155,245.21949768,250.9887085,304.20162964,..,..
Current health expenditure per capita (current US$),SH.XPD.CHEX.PC.CD,"Bahamas, The",BHS,948.88244629,995.71844482,1021.03601074,1062.43786621,1078.31152344,1153.21594238,1257.64587402,1351.08203125,1429.23681641,1416.92468262,1444.0065918,1442.24768066,1518.64953613,1559.34936523,1619.43212891,1588.58288574,1729.71435547,2118.64892578,1941.9576416,1941.60742188,1871.10473633,2037.53186035,2341.32348633,..,..
Current health expenditure per capita (current US$),SH.XPD.CHEX.PC.CD,Bahrain,BHR,451.50253296,457.59741211,469.15478516,530.5446167,527.82989502,557.9574585,578.29705811,677.16290283,734.99511719,838.52880859,866.67224121,921.72064209,1038.1661377,1115.16906738,1122.16040039,1128.24291992,1095.92541504,1080.08898926,1041.8560791,1030.26379395,1101.79211426,1175.28198242,1110.67590332,..,..
Current health expenditure per capita (current US$),SH.XPD.CHEX.PC.CD,Bangladesh,BGD,8.27585602,8.10025787,9.05402279,9.98434258,10.78997898,11.31403732,12.05988026,14.03898716,15.5619669,17.7030201,20.62105751,22.77348328,23.43771553,26.96918297,29.91152382,33.20998764,39.30647659,42.17510986,44.78892899,47.84217072,51.00624084,58.53958511,61.09237671,..,..
Current health expenditure per capita (current US$),SH.XPD.CHEX.PC.CD,Barbados,BRB,622.47875977,643.1159668,689.30773926,808.06054688,942.37701416,963.07849121,1028.39282227,1043.49401855,1136.53637695,1163.96875,1114.3729248,1163.2668457,1294.78674316,1246.16491699,1175.44348145,1154.62719727,1181.14257813,1182.00366211,1169.35559082,1168.11938477,1234.30041504,1391.49853516,1302.0592041,..,..
Current health expenditure per capita (current US$),SH.XPD.CHEX.PC.CD,Belarus,BLR,57.02944183,73.3659668,85.97066498,108.51013947,140.99655151,196.13806152,221.70170593,278.63424683,348.92633057,288.44775391,341.13800049,317.82492065,364.09957886,454.51959229,448.27426147,360.91937256,296.94720459,331.94082642,349.99176025,400.11621094,420.43655396,484.03930664,529.01873779,..,..
Current health expenditure per capita (current US$),SH.XPD.CHEX.PC.CD,Belgium,BEL,1849.91601563,1879.93457031,2084.7199707,2814.88037109,3312.74169922,3405.30175781,3545.24243164,4064.07568359,4652.54589844,4637.45019531,4530.05810547,4929.19873047,4704.67578125,4953.98193359,5079.82519531,4442.13037109,4542.66162109,4783.80664063,5176.85498047,5033.16601563,5144.98144531,5743.62109375,5404.62402344,..,..
Current health expenditure per capita (current US$),SH.XPD.CHEX.PC.CD,Belize,BLZ,138.99145508,163.102005,172.80645752,175.12486267,176.25566101,181.23458862,196.11968994,233.6493988,257.8269043,243.30648804,244.02867126,252.73461914,247.82728577,262.88650513,298.22598267,287.53118896,293.82302856,281.39849854,287.49368286,299.69824219,280.52630615,310.2124939,297.4163208,..,..
Current health expenditure per capita (current US$),SH.XPD.CHEX.PC.CD,Benin,BEN,14.42371464,16.26979828,16.9179287,21.06955719,24.52665329,25.12485313,26.60264206,26.79680061,28.12486076,29.58557701,29.29358101,31.75146866,32.95616913,33.53426743,32.41182327,27.34733391,28.24943924,28.14816666,33.21631241,28.372015,32.55360031,34.03829193,33.88216782,..,..
Current health expenditure per capita (current US$),SH.XPD.CHEX.PC.CD,Bermuda,BMU,..,..,..,..,..,..,..,..,..,..,..,..,..,..,..,..,..,..,..,..,..,..,..,..,..
Current health expenditure per capita (current US$),SH.XPD.CHEX.PC.CD,Bhutan,BTN,30.5911293,35.08880234,32.9380188,37.15467834,46.06135941,46.79434204,54.21236038,64.72015381,57.59343338,59.74616623,72.38789368,77.75431824,84.0940094,86.41462708,87.19132233,96.86671448,97.42939758,103.63583374,102.01222992,115.71811676,134.13723755,103.67519379,154.48924255,..,..
Current health expenditure per capita (current US$),SH.XPD.CHEX.PC.CD,Bolivia,BOL,42.89028168,44.88241577,43.49106216,46.41044998,46.35359192,51.76200867,56.05701447,63.62155914,77.9777298,89.57923889,100.39356232,119.78379059,135.32060242,159.99380493,179.3274231,196.25799561,207.4511261,214.58572388,231.18806458,241.34619141,248.69514465,276.20880127,307.13800049,..,..
Current health expenditure per capita (current US$),SH.XPD.CHEX.PC.CD,Bosnia and Herzegovina,BIH,106.5786972,105.10999298,118.87058258,168.42216492,222.27758789,241.64047241,281.26403809,363.86224365,459.29174805,409.29098511,406.13046265,456.96905518,444.93655396,475.07409668,493.07333374,430.83413696,450.44155884,471.32647705,529.85546875,546.4508667,594.8225708,697.07427979,667.29681396,..,..
Current health expenditure per capita (current US$),SH.XPD.CHEX.PC.CD,Botswana,BWA,206.93144226,203.01203918,206.11392212,269.58544922,297.2512207,281.38796997,258.01873779,305.22042847,324.54284668,336.53146362,389.55178833,427.70709229,418.82244873,433.29150391,418.82452393,374.79058838,389.3107605,471.05056763,447.4473877,438.28546143,386.28860474,492.14260864,477.83258057,..,..
Current health expenditure per capita (current US$),SH.XPD.CHEX.PC.CD,Brazil,BRA,313.92590332,271.56121826,248.37753296,253.08970642,297.68243408,387.93121338,489.53884888,607.73022461,713.67193604,728.55639648,906.0098877,1043.3548584,968.7277832,993.79608154,1030.66271973,796.15252686,810.20037842,954.75012207,880.28430176,868.17248535,680.76843262,768.27075195,848.57122803,..,..
Current health expenditure per capita (current US$),SH.XPD.CHEX.PC.CD,British Virgin Islands,VGB,..,..,..,..,..,..,..,..,..,..,..,..,..,..,..,..,..,..,..,..,..,..,..,..,..
Current health expenditure per capita (current US$),SH.XPD.CHEX.PC.CD,Brunei Darussalam,BRN,519.05047607,474.11706543,482.52624512,545.55560303,630.73266602,657.31945801,664.74499512,710.42297363,792.01367188,739.28015137,795.97766113,864.63787842,869.36553955,835.32452393,785.41210938,731.04980469,679.46929932,636.22973633,747.7253418,677.82629395,657.90374756,665.54083252,665.86773682,..,..
Current health expenditure per capita (current US$),SH.XPD.CHEX.PC.CD,Bulgaria,BGR,94.51976013,119.82997894,148.1479187,195.74369812,233.11332703,267.74139404,294.10891724,361.23498535,455.54058838,459.30020142,484.75228882,555.86419678,558.64794922,547.45483398,605.25891113,521.41906738,562.34082031,624.55499268,689.90539551,697.8961792,856.70440674,1047.45739746,1011.09472656,..,..
Current health expenditure per capita (current US$),SH.XPD.CHEX.PC.CD,Burkina Faso,BFA,7.34345675,7.49485111,8.48715401,11.38967419,17.02963448,17.43081665,20.56399536,26.93720627,28.79026413,30.56930923,32.74515533,33.70409393,33.66717529,42.26796341,38.24516678,32.3375206,39.52329254,42.94480133,38.91588593,41.05052185,54.28778839,57.22399521,56.75708389,..,..
Current health expenditure per capita (current US$),SH.XPD.CHEX.PC.CD,Burundi,BDI,5.67927122,7.50815582,6.46998882,5.87316799,8.88248062,11.13118172,14.10514736,15.26294613,14.67025566,18.31996346,24.45114708,23.16802216,20.01195908,20.26322556,18.06601143,17.67567825,18.59472847,19.16801643,18.67819214,22.24477386,26.21934319,23.21740532,24.68718529,..,..
Current health expenditure per capita (current US$),SH.XPD.CHEX.PC.CD,Cabo Verde,CPV,59.54011154,63.55782318,69.12203979,84.6628952,93.43228912,96.08917999,113.13097382,127.73626709,127.78376007,130.19699097,146.0806427,157.06980896,174.66062927,191.1048584,193.39482117,150.28823853,157.39906311,184.75575256,204.45397949,195.76327515,235.4349823,282.93057251,285.9694519,..,..
Current health expenditure per capita (current US$),SH.XPD.CHEX.PC.CD,Cambodia,KHM,19.28210449,22.18662643,24.26277161,25.00942993,28.81097794,32.33904266,32.844944,30.77592659,48.62422562,55.25073624,53.58575439,65.3871994,68.28430939,71.30926514,72.69956207,71.56456757,75.22520447,77.97311401,91.59080505,112.5851059,110.01118469,119.6354599,109.52975464,..,..
Current health expenditure per capita (current US$),SH.XPD.CHEX.PC.CD,Cameroon,CMR,30.438097,29.82297325,31.79577446,38.56394196,42.25278473,43.10830688,44.52022934,50.30911255,54.58909225,51.14823914,50.03335571,58.33031845,56.96441269,57.22771454,71.61038208,58.38298035,57.99372482,56.7457695,58.32909393,56.79493713,66.17185211,72.56921387,71.97737885,..,..
Current health expenditure per capita (current US$),SH.XPD.CHEX.PC.CD,Canada,CAN,1988.15942383,2041.87512207,2134.84960938,2534.86474609,2896.19335938,3268.46850586,3755.60449219,4185.21777344,4451.32373047,4354.06298828,5062.48291016,5401.61523438,5520.62207031,5462.15673828,5212.00878906,4660.79833984,4649.12109375,4899.25390625,5062.38476563,5103.84130859,5649.16943359,6483.37695313,6255.02783203,6112.01953125,..
Current health expenditure per capita (current US$),SH.XPD.CHEX.PC.CD,Cayman Islands,CYM,..,..,..,..,..,..,..,..,..,..,..,..,..,..,..,..,..,..,..,..,..,..,..,..,..
Current health expenditure per capita (current US$),SH.XPD.CHEX.PC.CD,Central African Republic,CAF,9.9123354,9.20995235,10.44132614,12.15000153,12.96809387,13.93517494,15.15495491,18.24629021,18.02888489,21.37773895,17.01008034,19.62990761,21.33021736,17.36794472,18.7120266,18.44194221,21.07796097,28.81619644,51.3541069,35.76098633,42.634758,46.24643707,47.91517639,..,..
Current health expenditure per capita (current US$),SH.XPD.CHEX.PC.CD,Chad,TCD,10.07452297,11.64042854,18.01737785,18.0202446,27.74994278,31.27608871,33.8651123,34.0423584,36.89921951,34.82435226,35.26005936,37.35868073,36.20247269,38.59413528,42.16276169,33.82092285,31.96038055,29.9935894,31.2043705,30.23999405,37.73088074,37.59156799,40.17007446,..,..
Current health expenditure per capita (current US$),SH.XPD.CHEX.PC.CD,Channel Islands,CHI,..,..,..,..,..,..,..,..,..,..,..,..,..,..,..,..,..,..,..,..,..,..,..,..,..
Current health expenditure per capita (current US$),SH.XPD.CHEX.PC.CD,Chile,CHL,353.25033569,323.63336182,319.53222656,346.1635437,422.96481323,495.56002808,565.8493042,643.05963135,719.07501221,730.63336182,861.72436523,984.4486084,1070.51293945,1171.77038574,1138.66113281,1122.13378906,1167.89306641,1353.69274902,1430.70263672,1348.99401855,1270.97814941,1576.69287109,1547.28967285,1714.8927002,..
Current health expenditure per capita (current US$),SH.XPD.CHEX.PC.CD,China,CHN,42.80797577,44.36042023,49.92394638,56.54468155,64.28150177,73.00266266,82.48256683,98.5569458,133.83999634,164.87619019,188.87156677,239.19824219,284.69760132,329.08572388,362.28695679,393.09768677,398.17489624,439.94006348,504.10980225,538.99157715,582.95092773,670.25897217,672.45159912,..,..
Current health expenditure per capita (current US$),SH.XPD.CHEX.PC.CD,Colombia,COL,134.71453857,138.47569275,132.18363953,129.71965027,159.61109924,209.68319702,240.10488892,309.61691284,379.16812134,383.91674805,452.44281006,501.84420776,547.00732422,580.96453857,588.29449463,470.099823,448.84588623,497.54016113,519.82202148,503.53485107,464.9777832,561.11627197,505.50805664,534.43713379,..
Current health expenditure per capita (current US$),SH.XPD.CHEX.PC.CD,Comoros,COM,47.59433365,45.34594727,51.12133408,63.91786194,70.61806488,67.79858398,65.72916412,69.87202454,73.75498962,69.4848938,69.21523285,81.19863892,77.10220337,81.81765747,84.63935852,61.16300201,63.53099442,75.01337433,74.89152527,78.23674774,89.67817688,100.04210663,122.93584442,..,..
Current health expenditure per capita (current US$),SH.XPD.CHEX.PC.CD,"Congo, Dem. Rep.",COD,17.52071953,5.4341011,4.17578602,6.03257608,7.83304834,8.55065727,10.37645721,11.5629034,15.36659527,12.75762081,12.1423111,11.89942932,13.20595551,15.37901688,18.22281265,18.57252884,19.3114109,18.14648819,17.29077148,19.20812035,20.5593071,21.58848572,24.38615036,..,..
Current health expenditure per capita (current US$),SH.XPD.CHEX.PC.CD,"Congo, Rep.",COG,17.35089302,20.30390549,16.99031258,21.51475716,27.50056839,30.90304375,35.94208145,41.96711731,63.41820908,48.65313721,54.56225586,59.51348114,71.2766571,71.85824585,71.03118896,57.30290604,54.3000145,52.29982376,47.310215,58.42106628,80.09735107,79.3296051,50.60568619,..,..
Current health expenditure per capita (current US$),SH.XPD.CHEX.PC.CD,Costa Rica,CRI,250.30950928,258.00057983,279.41705322,290.83309937,293.77548218,313.48355103,364.52426147,429.41894531,518.1114502,537.06317139,663.69165039,753.42633057,788.53100586,829.93658447,836.23120117,889.3762207,884.73028564,867.76733398,917.31018066,930.43511963,969.89099121,977.14831543,978.84155273,..,..
Current health expenditure per capita (current US$),SH.XPD.CHEX.PC.CD,Cote d'Ivoire,CIV,33.58165741,33.94552612,36.06715393,43.81231308,47.04700851,46.69436264,47.08904266,56.15083694,64.67678833,71.06480408,70.04605103,67.97618103,69.86203003,67.13149261,74.3581543,58.43181992,61.85705566,63.77943039,65.87952423,68.30471039,78.97766876,92.39588928,86.15213013,..,..
Current health expenditure per capita (current US$),SH.XPD.CHEX.PC.CD,Croatia,HRV,371.06213379,388.32489014,386.4440918,512.15216064,634.62036133,727.13104248,816.01702881,1041.03442383,1258.87243652,1187.54528809,1126.37365723,1132.49890137,1029.97119141,889.94458008,909.37164307,795.50836182,840.90124512,902.62518311,1024.62414551,1040.08569336,1094.53283691,1384.11914063,1344.19006348,..,..
Current health expenditure per capita (current US$),SH.XPD.CHEX.PC.CD,Cuba,CUB,181.09315491,198.49874878,213.81524658,227.49208069,232.22746277,331.50354004,386.8258667,569.43585205,609.27282715,675.53399658,608.5847168,695.81542969,601.74957275,712.26629639,867.69702148,991.08496094,990.92346191,987.81030273,981.90283203,1023.39715576,1199.35327148,..,..,..,..
Current health expenditure per capita (current US$),SH.XPD.CHEX.PC.CD,Curacao,CUW,..,..,..,..,..,..,..,..,..,..,..,..,..,..,..,..,..,..,..,..,..,..,..,..,..
Current health expenditure per capita (current US$),SH.XPD.CHEX.PC.CD,Cyprus,CYP,750.51672363,782.16162109,890.48297119,1145.05847168,1286.97155762,1366.01708984,1474.02062988,1694.27185059,2155.24658203,2105.4777832,2045.2923584,2114.66894531,1899.37255859,1916.32263184,1873.89135742,1596.2052002,1649.41247559,1773.41162109,2020.73339844,2093.0612793,2483.06005859,3118.24267578,2864.15649414,..,..
Current health expenditure per capita (current US$),SH.XPD.CHEX.PC.CD,Czechia,CZE,342.92108154,388.54403687,497.74203491,640.66040039,746.32891846,852.65246582,942.11804199,1110.17663574,1449.33679199,1442.24279785,1509.44726563,1649.15905762,1509.77526855,1508.79907227,1512.59326172,1308.8013916,1374.9005127,1516.75012207,1750.81188965,1805.44030762,2106.28027344,2538.03344727,2431.08496094,2609.24072266,..
Current health expenditure per capita (current US$),SH.XPD.CHEX.PC.CD,Denmark,DNK,2496.04711914,2602.64306641,2895.80737305,3607.04296875,4194.87353516,4442.75488281,4778.89208984,5468.37939453,6137.77636719,6221.68896484,6171.28515625,6438.21240234,6168.33935547,6334.41552734,6466.89794922,5531.87890625,5624.32861328,5834.02050781,6232.72167969,6058.83007813,6530.47509766,7465.77294922,6456.08398438,6432.37158203,..
Current health expenditure per capita (current US$),SH.XPD.CHEX.PC.CD,Djibouti,DJI,35.48954773,33.61427689,39.49966431,46.27521896,40.04951477,45.12551498,53.26344299,55.18254471,55.90976715,56.92132568,55.7044487,61.89852524,64.8536911,60.57233047,65.53726196,79.54257965,68.82740021,64.65093994,68.46080017,68.27401733,66.92816925,87.16930389,81.80969238,..,..
Current health expenditure per capita (current US$),SH.XPD.CHEX.PC.CD,Dominica,DMA,259.0213623,231.52333069,226.86923218,242.78863525,253.70576477,263.66098022,271.24331665,293.30905151,336.0015564,354.04888916,369.75668335,387.11709595,407.42053223,382.10519409,389.05343628,396.23742676,424.15756226,415.87072754,503.34179688,465.63766479,457.01919556,521.84313965,574.41748047,..,..
Current health expenditure per capita (current US$),SH.XPD.CHEX.PC.CD,Dominican Republic,DOM,138.29624939,143.32540894,152.86595154,104.59856415,105.12216187,168.85827637,161.94844055,190.14048767,229.29747009,237.11128235,270.03961182,293.95123291,304.23754883,302.28512573,312.44223022,322.04864502,328.36526489,336.98895264,327.39859009,346.12109375,353.79364014,416.68310547,462.26287842,..,..
Current health expenditure per capita (current US$),SH.XPD.CHEX.PC.CD,Ecuador,ECU,48.11405182,71.16015625,97.25205231,132.01766968,149.75236511,167.79144287,189.59565735,193.33273315,231.62229919,244.5753479,287.00466919,340.40786743,387.54577637,414.12683105,433.41845703,464.22186279,449.03869629,469.04544067,493.73196411,484.47195435,473.01956177,498.60794067,492.83575439,..,..
Current health expenditure per capita (current US$),SH.XPD.CHEX.PC.CD,"Egypt, Arab Rep.",EGY,69.37174988,68.67334747,63.99928665,50.34780884,50.33084488,59.4683876,66.32707214,73.29454041,90.15769958,98.90396881,105.07817841,116.22949219,139.81625366,139.67245483,155.06480408,170.25532532,142.61845398,106.00288391,118.01481628,142.69670105,148.35269165,176.93664551,170.97909546,..,..
Current health expenditure per capita (current US$),SH.XPD.CHEX.PC.CD,El Salvador,SLV,155.52601624,162.30456543,166.81164551,171.59013367,185.83404541,225.17417908,231.73410034,239.99687195,253.45413208,257.19317627,270.69418335,295.64242554,301.03710938,324.28027344,315.23168945,331.96725464,339.97875977,338.60742188,348.18817139,380.53384399,357.78799438,470.14025879,501.24411011,..,..
Current health expenditure per capita (current US$),SH.XPD.CHEX.PC.CD,Equatorial Guinea,GNQ,18.24036026,26.85599136,71.37155151,81.2088623,96.12361145,112.03458405,131.67703247,164.4467926,203.97105408,234.87966919,222.45153809,245.80303955,262.1546936,267.67111206,272.72619629,212.26531982,213.11793518,214.52722168,231.10166931,215.54243469,230.32144165,236.81486511,190.09381104,..,..
Current health expenditure per capita (current US$),SH.XPD.CHEX.PC.CD,Eritrea,ERI,14.03034782,14.90675831,15.77544498,19.81480217,23.15624809,21.92651939,23.77408791,19.62666321,21.55065727,24.35102463,26.00652122,35.55129623,27.78689003,31.63773346,32.93447495,29.22208977,26.00592422,25.10270691,26.68201065,28.42930794,27.66241646,27.58759499,27.08350372,..,..
Current health expenditure per capita (current US$),SH.XPD.CHEX.PC.CD,Estonia,EST,209.97769165,214.70417786,250.48020935,368.97955322,474.50796509,549.63024902,627.18377686,866.49945068,1082.15478516,1006.50708008,966.19024658,1061.1628418,1058.71960449,1194.86206055,1287.76123047,1156.20275879,1226.0859375,1350.12646484,1553.43347168,1599.3503418,1789.03417969,2091.15649414,1998.88549805,..,..
Current health expenditure per capita (current US$),SH.XPD.CHEX.PC.CD,Eswatini,SWZ,76.93126678,75.41345978,74.66481781,131.40959167,175.89544678,217.26066589,237.50752258,252.24301147,265.72091675,279.68212891,343.04284668,365.25265503,340.03012085,303.40438843,282.43395996,250.71520996,226.41770935,265.50152588,292.33929443,320.05084229,236.25013733,296.82846069,283.88345337,..,..
Current health expenditure per capita (current US$),SH.XPD.CHEX.PC.CD,Ethiopia,ETH,5.28970861,5.50955105,5.14964151,5.70984173,5.7385993,6.4820013,8.42413712,11.63210678,13.03863621,15.1445961,16.17102051,14.62286568,20.00217628,19.26698494,21.6064415,23.21817207,24.34373283,24.18239403,23.5205574,25.93511963,28.28001595,26.06936646,27.0685215,..,..
Current health expenditure per capita (current US$),SH.XPD.CHEX.PC.CD,Faroe Islands,FRO,..,..,..,..,..,..,..,..,..,..,..,..,..,..,..,..,..,..,..,..,..,..,..,..,..
Current health expenditure per capita (current US$),SH.XPD.CHEX.PC.CD,Fiji,FJI,74.28569794,61.49855804,69.40512085,86.09690094,110.06819153,120.21074677,126.38617706,140.30192566,134.50354004,121.05646515,127.65603638,140.93704224,153.56562805,158.51806641,178.31169128,169.47518921,175.91635132,185.69645691,249.86022949,254.83047485,256.25967407,331.58413696,217.15068054,212.88697815,..
Current health expenditure per capita (current US$),SH.XPD.CHEX.PC.CD,Finland,FIN,1726.74438477,1810.40380859,2059.3269043,2613.84570313,3044.12109375,3236.85839844,3414.94140625,3918.64453125,4486.33789063,4349.89501953,4251.52880859,4717.5078125,4573.19726563,4892.03369141,4922.4296875,4128.20751953,4108.73974609,4235.75488281,4521.27636719,4459.9296875,4736.21435547,5261.90966797,4902.0390625,..,..
Current health expenditure per capita (current US$),SH.XPD.CHEX.PC.CD,France,FRA,2161.85302734,2192.71557617,2449.75830078,3006.3059082,3458.62744141,3575.02514648,3811.55175781,4312.31054688,4807.37451172,4737.578125,4592.38330078,4931.87792969,4644.59570313,4884.71582031,4974.74658203,4198.72900391,4264.14599609,4416.79199219,4667.95751953,4508.76074219,4747.51367188,5376.74560547,4865.17822266,..,..
Current health expenditure per capita (current US$),SH.XPD.CHEX.PC.CD,French Polynesia,PYF,..,..,..,..,..,..,..,..,..,..,..,..,..,..,..,..,..,..,..,..,..,..,..,..,..
Current health expenditure per capita (current US$),SH.XPD.CHEX.PC.CD,Gabon,GAB,123.05036926,120.76461029,131.85105896,166.37802124,181.99996948,189.56433105,211.75302124,253.09243774,270.23822021,281.60784912,206.87702942,261.37597656,225.07722473,261.29452515,233.05368042,187.27270508,207.50273132,192.47543335,209.28697205,205.99945068,225.32466125,228.84915161,247.09622192,..,..
Current health expenditure per capita (current US$),SH.XPD.CHEX.PC.CD,"Gambia, The",GMB,74.83678436,55.65046692,35.99459839,28.3001461,32.15613174,33.2039566,33.41355896,35.91078568,40.0297699,34.59326172,32.99832535,31.05148888,29.56409264,25.59075928,17.33743477,19.67725563,20.77086067,21.55331612,22.5376339,23.21861267,26.85589027,25.39263344,28.89956109,..,..
Current health expenditure per capita (current US$),SH.XPD.CHEX.PC.CD,Georgia,GEO,52.25807953,56.36803818,66.08916473,80.6542511,105.09565735,132.22496033,152.0617218,195.9908905,281.84671021,270.2170105,285.15029907,312.96923828,345.60079956,355.7394104,367.32040405,292.76348877,319.31008911,302.26367188,329.89413452,306.46075439,351.94335938,413.7199707,477.70956421,..,..
Current health expenditure per capita (current US$),SH.XPD.CHEX.PC.CD,Germany,DEU,2344.41088867,2346.66918945,2567.50292969,3152.79418945,3459.82495117,3558.21337891,3698.04370117,4182.91601563,4669.76025391,4674.91943359,4611.421875,5037.49169922,4765.67871094,5100.15234375,5309.15478516,4627.27587891,4746.77539063,5065.43164063,5507.67675781,5488.53955078,5932.20019531,6638.20800781,6182.34375,6232.59130859,..
Current health expenditure per capita (current US$),SH.XPD.CHEX.PC.CD,Ghana,GHA,10.4517746,12.14821911,14.30371571,18.89894867,23.49901009,38.4290123,49.24240494,57.21900177,63.33117676,62.34637833,80.57714844,91.68003845,81.94947815,105.34784698,78.46701813,78.21643066,64.86400604,54.10602188,53.37788773,71.14958191,97.37677765,94.40388489,82.32108307,..,..
Current health expenditure per capita (current US$),SH.XPD.CHEX.PC.CD,Gibraltar,GIB,..,..,..,..,..,..,..,..,..,..,..,..,..,..,..,..,..,..,..,..,..,..,..,..,..
Current health expenditure per capita (current US$),SH.XPD.CHEX.PC.CD,Greece,GRC,885.41052246,1004.81542969,1168.82409668,1566.40979004,1782.69592285,1935.26757813,2052.87548828,2426.75952148,2840.50854492,2809.05957031,2564.36938477,2338.91503906,1948.24853516,1832.02966309,1700.49438477,1481.41967773,1513.25915527,1509.7845459,1603.07788086,1569.02905273,1674.78417969,1846.37304688,1768.11071777,..,..
Current health expenditure per capita (current US$),SH.XPD.CHEX.PC.CD,Greenland,GRL,..,..,..,..,..,..,..,..,..,..,..,..,..,..,..,..,..,..,..,..,..,..,..,..,..
Current health expenditure per capita (current US$),SH.XPD.CHEX.PC.CD,Grenada,GRD,259.33764648,271.03814697,307.84365845,286.90512085,294.12390137,326.09225464,324.32067871,359.53503418,401.15072632,376.68447876,374.46508789,403.17129517,413.02658081,417.74581909,381.22598267,404.00680542,409.27841187,454.07266235,462.2394104,515.94726563,477.34429932,514.32141113,521.23730469,..,..
Current health expenditure per capita (current US$),SH.XPD.CHEX.PC.CD,Guam,GUM,..,..,..,..,..,..,..,..,..,..,..,..,..,..,..,..,..,..,..,..,..,..,..,..,..
Current health expenditure per capita (current US$),SH.XPD.CHEX.PC.CD,Guatemala,GTM,83.61930084,100.02039337,107.62042236,113.38285065,122.16271973,132.41906738,149.04266357,158.89395142,175.67254639,169.37559509,175.31318665,191.24732971,200.84880066,198.79296875,217.23764038,233.8447876,246.4538269,265.36593628,265.81820679,278.59024048,289.21640015,341.14865112,396.07998657,..,..
Current health expenditure per capita (current US$),SH.XPD.CHEX.PC.CD,Guinea,GIN,22.71722412,21.76875114,24.83917809,25.60194969,26.41420937,19.66388702,16.15967941,22.64143372,22.97397041,23.71565628,22.59741783,24.12806129,23.70012856,25.90467834,36.63517761,43.41540527,38.46130753,32.63646317,34.88978195,42.16910172,41.1027565,44.10476303,55.03785324,..,..
Current health expenditure per capita (current US$),SH.XPD.CHEX.PC.CD,Guinea-Bissau,GNB,13.2785511,14.82278728,14.36923409,14.83164978,18.45145988,21.07736206,22.78861237,26.15806961,34.94678879,27.60988426,31.61246872,44.72909927,37.75499725,46.05934143,64.99989319,52.45866776,56.60805511,54.8225174,58.8792572,54.16643524,68.1931076,68.37879181,66.05480957,..,..
Current health expenditure per capita (current US$),SH.XPD.CHEX.PC.CD,Guyana,GUY,62.37635422,60.09927368,65.04125214,68.19880676,74.69225311,85.35713959,98.34314728,125.79258728,138.70043945,150.21723938,162.70393372,186.11392212,201.88832092,211.2910614,216.03759766,226.89404297,235.91662598,266.86364746,296.66903687,314.0977478,367.11260986,462.59054565,531.62786865,..,..
Current health expenditure per capita (current US$),SH.XPD.CHEX.PC.CD,Haiti,HTI,30.35855865,27.39323044,22.36586189,18.60943604,24.0406456,25.25854683,29.11877251,37.59618378,40.445961,41.39894867,55.73518753,77.12206268,75.08546448,59.38277435,65.10858917,68.50547791,60.06819153,53.80579758,62.30102539,49.32995987,44.4271965,57.62987518,52.29947662,..,..
Current health expenditure per capita (current US$),SH.XPD.CHEX.PC.CD,Honduras,HND,68.48374939,67.13735199,70.72001648,79.65468597,83.29620361,97.86359406,112.11707306,127.55919647,149.05706787,160.23144531,165.19970703,182.3137207,184.04154968,176.421875,172.52818298,169.97198486,177.8835144,169.07194519,178.1494751,183.75006104,212.7419281,253.63349915,251.04405212,..,..
Current health expenditure per capita (current US$),SH.XPD.CHEX.PC.CD,"Hong Kong SAR, China",HKG,..,..,..,..,..,..,..,..,..,..,..,..,..,..,..,..,..,..,..,..,..,..,..,..,..
Current health expenditure per capita (current US$),SH.XPD.CHEX.PC.CD,Hungary,HUN,313.10858154,359.69750977,473.12783813,682.86566162,798.45361328,895.20330811,893.20300293,1003.25805664,1117.20227051,943.68774414,983.11083984,1063.43237305,961.1383667,990.63116455,1006.15649414,870.51940918,914.1932373,985.07196045,1080.44775391,1054.28076172,1172.83972168,1381.62109375,1224.43383789,1407.48730469,..
Current health expenditure per capita (current US$),SH.XPD.CHEX.PC.CD,Iceland,ISL,2855.57470703,2528.5456543,3046.81665039,3839.6940918,4414.23339844,5079.68945313,4918.23339844,5803.81152344,4749.68408203,3622.97827148,3614.03833008,3937.31591797,3784.38378906,4095.67626953,4522.90576172,4303.84179688,5053.51757813,5992.05322266,6280.03857422,5912.00976563,5692.89111328,6722.421875,6851.62939453,7196.90917969,..
Current health expenditure per capita (current US$),SH.XPD.CHEX.PC.CD,India,IND,18.47883415,19.74444199,20.15651703,21.89380074,24.9240799,27.49770737,29.37600899,35.63138962,37.65440369,38.05965042,44.79586029,48.18242264,48.45263672,55.46933746,56.3490181,58.12401581,59.72652817,56.66844559,57.46551132,60.6913681,63.83099747,75.54971313,79.51509857,..,..
Current health expenditure per capita (current US$),SH.XPD.CHEX.PC.CD,Indonesia,IDN,15.39148712,16.8734417,18.97848511,25.51065636,25.98270035,34.09753036,44.3965683,55.99677658,59.24273682,62.4021759,85.55950165,107.00540161,105.85425568,102.33824921,102.00482178,96.15701294,106.40021515,110.32610321,110.71585846,118.22380829,131.8225708,158.89761353,127.44384766,..,..
Current health expenditure per capita (current US$),SH.XPD.CHEX.PC.CD,"Iran, Islamic Rep.",IRN,79.89089203,93.23036957,104.64105988,115.51907349,139.75932312,169.8145752,192.07597351,237.51042175,288.85775757,354.25738525,424.60494995,505.33276367,500.21826172,398.3994751,368.1918335,380.40643311,444.43972778,464.12908936,284.95181274,225.23252869,201.4589386,233.74671936,237.82546997,..,..
Current health expenditure per capita (current US$),SH.XPD.CHEX.PC.CD,Iraq,IRQ,..,..,..,26.98399925,51.81518173,53.0551796,56.76464462,100.59433746,139.28845215,140.1234436,144.54083252,161.89790344,174.48312378,186.78742981,178.98071289,149.07951355,199.88551331,197.23654175,232.86825562,241.73873901,248.04725647,251.59538269,254.62432861,..,..
Current health expenditure per capita (current US$),SH.XPD.CHEX.PC.CD,Ireland,IRL,1564.83764648,1823.73474121,2200.35742188,2910.93212891,3483.16064453,3938.19116211,4147.1328125,4858.64501953,5638.77929688,5502.88769531,5133.45507813,5545.76416016,5210.36376953,5313.70947266,5316.26953125,4575.94482422,4726.31298828,5010.25634766,5187.05761719,5462.73095703,6098.26660156,6764.25878906,6448.02197266,..,..
Current health expenditure per capita (current US$),SH.XPD.CHEX.PC.CD,Isle of Man,IMN,..,..,..,..,..,..,..,..,..,..,..,..,..,..,..,..,..,..,..,..,..,..,..,..,..
Current health expenditure per capita (current US$),SH.XPD.CHEX.PC.CD,Israel,ISR,1473.00915527,1509.44506836,1355.33447266,1384.18737793,1438.98999023,1509.10583496,1555.56396484,1769.92504883,2126.11132813,2034.45812988,2237.90795898,2442.29052734,2405.1809082,2673.3371582,2804.23144531,2645.78857422,2783.82495117,3074.44604492,3199.41625977,3335.24511719,3616.50219727,4190.61328125,4223.87255859,..,..
Current health expenditure per capita (current US$),SH.XPD.CHEX.PC.CD,Italy,ITA,1524.23962402,1586.67272949,1762.53759766,2163.02563477,2565.62744141,2677.55224609,2832.69775391,3092.58227539,3504.11157227,3337.75073242,3217.68286133,3391.98925781,3086.30322266,3149.24267578,3154.27587891,2675.67163086,2699.73291016,2809.72143555,3002.76123047,2910.64672852,3062.09838867,3399.85766602,3134.68066406,3228.43505859,..
Current health expenditure per capita (current US$),SH.XPD.CHEX.PC.CD,Jamaica,JAM,194.91415405,180.66116333,174.66261292,149.80267334,182.9284668,190.21676636,185.86221313,250.94419861,282.24386597,227.90843201,254.69741821,274.10949707,260.90640259,253.8757782,256.99667358,284.7729187,285.60949707,323.37380981,332.90045166,341.90777588,323.30215454,371.14056396,468.34671021,..,..
Current health expenditure per capita (current US$),SH.XPD.CHEX.PC.CD,Japan,JPN,2751.38452148,2488.65185547,2412.35131836,2650.23852539,2884.67358398,2892.60473633,2763.53344727,2781.49365234,3223.29101563,3696.58422852,4071.80200195,5103.34326172,5232.36279297,4356.15527344,4121.21142578,3754.18115234,4194.22802734,4135.24316406,4265.77929688,4431.29980469,4486.63671875,4482.61816406,3889.35717773,..,..
Current health expenditure per capita (current US$),SH.XPD.CHEX.PC.CD,Jordan,JOR,151.33486938,161.33900452,164.75001526,161.87841797,175.04393005,185.0302124,188.72041321,208.03627014,275.17532349,316.92221069,303.8081665,321.59057617,325.97836304,308.94308472,302.14120483,301.63067627,278.13378906,289.04656982,289.47106934,294.92785645,286.19711304,301.28631592,295.13876343,..,..
Current health expenditure per capita (current US$),SH.XPD.CHEX.PC.CD,Kazakhstan,KAZ,49.093647,49.36683273,56.88095856,72.90396881,108.43821716,139.57885742,170.9365387,174.33786011,245.79397583,240.99569702,240.6149292,293.73300171,365.04208374,358.91342163,369.68508911,310.01428223,255.84049988,272.98272705,266.92147827,263.61331177,329.57086182,391.81536865,420.97982788,..,..
Current health expenditure per capita (current US$),SH.XPD.CHEX.PC.CD,Kenya,KEN,21.53400993,22.11487579,22.28772163,25.64012337,27.65002823,30.9943428,40.3040123,49.44605255,54.35681915,55.455616,58.8164711,57.02286911,64.48231506,67.59809875,72.84589386,70.94755554,73.88768005,66.46552277,75.27681732,85.64528656,86.59217834,94.1061554,90.43982697,..,..
Current health expenditure per capita (current US$),SH.XPD.CHEX.PC.CD,Kiribati,KIR,65.61151886,85.88798523,92.96794891,102.43731689,132.29045105,131.88641357,126.86061859,148.0586853,190.33927917,167.97206116,133.15927124,141.5138092,146.6194458,154.34346008,155.38656616,118.3345871,157.72897339,179.57881165,208.73831177,177.93025208,239.24353027,262.54107666,217.68276978,..,..
Current health expenditure per capita (current US$),SH.XPD.CHEX.PC.CD,"Korea, Dem. People's Rep.",PRK,..,..,..,..,..,..,..,..,..,..,..,..,..,..,..,..,..,..,..,..,..,..,..,..,..
Current health expenditure per capita (current US$),SH.XPD.CHEX.PC.CD,"Korea, Rep.",KOR,475.2520752,503.15795898,537.16113281,685.28436279,765.10858154,945.30609131,1131.65930176,1256.11560059,1171.5625,1146.5637207,1413.15209961,1562.21313477,1591.78039551,1727.56616211,1909.91503906,1933.61779785,2015.13208008,2221.75146484,2493.33569336,2592.47851563,2649.33422852,3141.52246094,3049.67163086,3269.70385742,..
Current health expenditure per capita (current US$),SH.XPD.CHEX.PC.CD,Kosovo,XKX,..,..,..,..,..,..,..,..,..,..,..,..,..,..,..,..,..,..,..,..,..,..,..,..,..
Current health expenditure per capita (current US$),SH.XPD.CHEX.PC.CD,Kuwait,KWT,425.20968628,553.75134277,578.41534424,626.35095215,649.42504883,727.25366211,782.20379639,880.71105957,1069.46472168,1025.90490723,1050.41589355,1147.15539551,1216.8684082,1235.29321289,1293.8326416,1259.55786133,1292.71984863,1351.72387695,1658.60375977,1643.16491699,1523.4276123,1788.77563477,1700.31958008,..,..
Current health expenditure per capita (current US$),SH.XPD.CHEX.PC.CD,Kyrgyz Republic,KGZ,12.0349474,12.87845421,14.4122982,21.68980598,26.37302399,34.93693161,44.5950737,49.61043167,62.77722549,59.93972397,60.67642975,78.73632813,98.66984558,103.59188843,93.15830994,79.54891205,71.52179718,76.60479736,65.34625244,61.39657974,61.40720367,72.58777618,85.87857056,..,..
Current health expenditure per capita (current US$),SH.XPD.CHEX.PC.CD,Lao PDR,LAO,14.10313892,14.46665001,12.90540886,17.59125519,16.23278809,17.33082581,19.22654533,24.56666374,26.74945259,35.71521378,34.52460861,27.11878395,32.46548843,43.49770355,45.53330612,52.04236603,54.3762207,61.42248535,57.1708374,67.57865143,51.96581268,68.61697388,41.34779739,..,..
Current health expenditure per capita (current US$),SH.XPD.CHEX.PC.CD,Latvia,LVA,181.57072449,205.02047729,237.29516602,280.50878906,393.29806519,440.8097229,552.30163574,775.19146729,913.52148438,744.66162109,689.07720947,764.59179688,745.51745605,807.13000488,856.76654053,775.86431885,874.79772949,932.50158691,1101.49243164,1183.1151123,1313.35412598,1897.95275879,1642.47131348,..,..
Current health expenditure per capita (current US$),SH.XPD.CHEX.PC.CD,Lebanon,LBN,425.70095825,416.57485962,391.74139404,373.35971069,368.01425171,347.40252686,401.43670654,438.71112061,462.17767334,496.88284302,567.25506592,640.69805908,588.83917236,576.87176514,569.97937012,572.07220459,640.96563721,671.77996826,740.46942139,779.60778809,518.296875,311.84085083,392.38327026,..,..
Current health expenditure per capita (current US$),SH.XPD.CHEX.PC.CD,Lesotho,LSO,23.71122551,28.22144127,23.2145462,32.02215576,41.18851089,41.66717911,49.67809296,65.80387878,69.06710052,80.82315063,88.61594391,118.72569275,126.1050415,131.54730225,121.34915924,105.09508514,91.45993805,115.9289093,131.43312073,236.44024658,97.32032776,116.60222626,133.70170593,..,..
Current health expenditure per capita (current US$),SH.XPD.CHEX.PC.CD,Liberia,LBR,8.48562813,6.83265972,6.94840527,6.09226465,18.00925446,20.4276638,19.2805481,15.85356617,26.30083656,51.79761505,50.15371704,53.83006287,49.88091278,48.22105026,59.32390976,69.40925598,67.68016052,71.56608582,71.17150116,51.1932373,76.11009979,92.3295517,99.65045929,..,..
Current health expenditure per capita (current US$),SH.XPD.CHEX.PC.CD,Libya,LBY,247.1134491,255.77108765,181.7310791,189.72729492,200.83604431,209.878479,231.11968994,269.63085938,312.11196899,342.20449829,380.58596802,305.20037842,592.46356201,594.65338135,462.19216919,433.06808472,464.47531128,466.08538818,544.88079834,552.73168945,472.62240601,306.70458984,278.3821106,..,..
Current health expenditure per capita (current US$),SH.XPD.CHEX.PC.CD,Liechtenstein,LIE,..,..,..,..,..,..,..,..,..,..,..,..,..,..,..,..,..,..,..,..,..,..,..,..,..
Current health expenditure per capita (current US$),SH.XPD.CHEX.PC.CD,Lithuania,LTU,217.1761322,218.81802368,254.36688232,338.86306763,366.95968628,438.93267822,536.05737305,704.29315186,936.50933838,864.73638916,805.2244873,925.47161865,896.93707275,958.92718506,1021.23297119,920.19976807,988.5279541,1078.17138672,1249.03100586,1369.97949219,1520.39221191,1854.28051758,1829.66320801,1988.94665527,..
Current health expenditure per capita (current US$),SH.XPD.CHEX.PC.CD,Luxembourg,LUX,2901.19995117,3109.20141602,3600.86743164,4607.40283203,5610.35351563,5818.14599609,6070.73583984,6671.26513672,7578.74951172,7670.59375,7459.83544922,7174.73925781,6029.47460938,6356.64453125,6547.03466797,5421.93212891,5475.13964844,5713.11865234,6227.08398438,6221.73876953,6785.86230469,7632.57275391,7022.62695313,7504.58496094,..
Current health expenditure per capita (current US$),SH.XPD.CHEX.PC.CD,"Macao SAR, China",MAC,..,..,..,..,..,..,..,..,..,..,..,..,..,..,..,..,..,..,..,..,..,..,..,..,..
Current health expenditure per capita (current US$),SH.XPD.CHEX.PC.CD,Madagascar,MDG,11.1882658,13.13894939,15.01983547,17.64075851,14.29298973,15.9498682,16.44085503,19.33553123,20.91898537,19.56957817,21.13975906,22.88667488,19.30151749,19.33186913,22.56570244,22.29386139,24.20793915,23.62072182,21.12731934,15.50084877,16.78295326,17.17938805,16.32154655,..,..
Current health expenditure per capita (current US$),SH.XPD.CHEX.PC.CD,Malawi,MWI,8.84964848,7.42542601,11.17413807,12.3155899,15.94395351,17.2403183,20.95054436,25.02168465,32.73458099,35.56491852,33.99176025,39.29244232,32.53772354,39.53992844,35.337677,34.97310638,34.0307579,37.60110092,36.70302963,36.91519165,43.22896194,47.58463669,39.65991211,..,..
Current health expenditure per capita (current US$),SH.XPD.CHEX.PC.CD,Malaysia,MYS,111.8384552,114.91710663,121.61391449,142.21202087,153.86297607,162.17677307,200.54800415,230.5599823,263.67819214,245.64353943,285.64263916,343.45877075,371.76046753,381.69210815,414.4392395,368.77331543,350.71160889,366.36639404,409.84710693,419.32568359,406.52005005,476.94366455,458.21963501,..,..
Current health expenditure per capita (current US$),SH.XPD.CHEX.PC.CD,Maldives,MDV,219.8586731,229.80044556,249.48114014,240.54026794,304.5932312,335.13778687,403.94284058,478.24349976,775.14593506,679.66296387,608.87176514,588.20758057,647.11553955,671.65325928,707.39245605,837.47290039,1017.99908447,961.57415771,833.21575928,880.79962158,845.82440186,1057.34313965,1150.68554688,..,..
Current health expenditure per capita (current US$),SH.XPD.CHEX.PC.CD,Mali,MLI,14.00467396,13.15898132,15.8949194,18.7693882,21.72006226,23.9734993,26.93185234,29.63539696,33.2138176,34.64718246,31.36423492,31.67959213,27.53107071,30.09257126,35.7261734,28.97842216,27.58086205,28.49467659,31.16962624,31.4089489,28.20211601,30.61906815,29.74292755,..,..
Current health expenditure per capita (current US$),SH.XPD.CHEX.PC.CD,Malta,MLT,647.10150146,685.98400879,830.64630127,1074.09313965,1223.85742188,1379.68640137,1474.48449707,1596.12316895,1751.16503906,1677.36230469,1733.66882324,1960.06115723,1898.60144043,2121.08227539,2456.43481445,2243.46704102,2321.15332031,2551.71606445,2753.51098633,2943.63208008,3135.40527344,3641.61938477,3352.77490234,..,..
Current health expenditure per capita (current US$),SH.XPD.CHEX.PC.CD,Marshall Islands,MHL,306.73342896,269.22146606,309.72741699,338.22610474,363.40332031,490.59927368,613.29852295,485.01657104,536.23034668,543.67626953,548.59899902,376.39205933,410.4979248,445.42425537,449.90563965,557.35211182,619.35668945,553.06298828,702.8359375,793.66851807,687.02435303,782.16351318,758.44873047,..,..
Current health expenditure per capita (current US$),SH.XPD.CHEX.PC.CD,Mauritania,MRT,23.00290108,23.28163338,25.96999741,29.51877594,31.47280884,34.00539017,35.14922333,40.41820145,49.2858696,44.64679718,43.759655,47.77469254,49.2515831,55.47412872,59.29050827,57.1233139,49.90084076,55.22446442,49.68307495,54.63365555,53.89974594,73.6309433,90.41540527,..,..
Current health expenditure per capita (current US$),SH.XPD.CHEX.PC.CD,Mauritius,MUS,115.89820862,116.36106873,132.38633728,157.68417358,184.74328613,192.13858032,203.24180603,229.2313385,312.88540649,301.67260742,357.17382813,385.76248169,387.1026001,440.00280762,544.44122314,515.72247314,540.39239502,594.86120605,640.62182617,639.18286133,541.95184326,593.77947998,590.93572998,..,..
Current health expenditure per capita (current US$),SH.XPD.CHEX.PC.CD,Mexico,MEX,319.34719849,364.39672852,385.61471558,411.83197021,446.13604736,483.97970581,514.29864502,558.06530762,573.11114502,492.59887695,534.08520508,565.31738281,582.48297119,625.59765625,609.82232666,553.91259766,489.92230225,512.54974365,528.26306152,549.72601318,535.11669922,606.13415527,650.97070313,..,..
Current health expenditure per capita (current US$),SH.XPD.CHEX.PC.CD,"Micronesia, Fed. Sts.",FSM,161.47862244,181.29023743,169.95617676,208.84524536,257.89633179,397.91644287,403.95806885,409.62240601,448.39755249,492.5491333,581.45568848,379.53436279,372.10220337,354.82269287,345.01589966,362.27624512,399.74655151,408.86560059,426.75872803,424.89938354,402.98059082,398.76144409,396.7605896,..,..
Current health expenditure per capita (current US$),SH.XPD.CHEX.PC.CD,Moldova,MDA,21.37988663,25.3985939,33.9242363,38.43836975,64.60713959,79.33213043,100.10816193,135.44366455,185.56115723,208.53004456,198.28894043,214.98246765,223.61895752,231.66229248,230.76982117,186.43643188,171.18476868,243.94540405,276.47143555,284.30029297,306.64892578,410.12298584,398.14910889,..,..
Current health expenditure per capita (current US$),SH.XPD.CHEX.PC.CD,Monaco,MCO,2968.43188477,3047.76098633,3359.671875,4822.00146484,5671.20849609,5876.08105469,6140.17773438,7025.23681641,8307.68554688,8157.43505859,8016.66992188,8302.79492188,7868.83154297,8455.65527344,8678.04394531,7348.51708984,7149.51806641,7098.20507813,7616.03564453,7512.53173828,7579.64404297,8222.6640625,7655.94042969,..,..
Current health expenditure per capita (current US$),SH.XPD.CHEX.PC.CD,Mongolia,MNG,28.13583946,27.85225105,30.67812347,27.18718147,33.7024498,38.04277039,49.52784348,66.17643738,97.26833344,76.7000351,99.50933838,135.98664856,169.6519928,180.41543579,176.69651794,165.19296265,168.41404724,160.4889679,188.64115906,197.57131958,188.77464294,330.03753662,448.24212646,..,..
Current health expenditure per capita (current US$),SH.XPD.CHEX.PC.CD,Montenegro,MNE,..,..,..,..,..,..,..,..,..,..,..,571.65600586,535.16223145,597.17596436,581.40106201,582.18743896,604.88665771,623.68841553,745.7520752,754.77441406,896.24884033,1024.2565918,1107.06445313,..,..
Current health expenditure per capita (current US$),SH.XPD.CHEX.PC.CD,Morocco,MAR,54.63968277,56.55395889,63.57953644,77.74629211,91.17259979,97.19748688,110.22368622,131.86448669,153.23677063,165.50694275,168.36595154,179.00019836,172.04353333,179.81974792,188.6415863,162.85198975,162.21507263,166.8500061,175.70518494,177.84625244,185.45245361,211.94190979,199.21412659,..,..
Current health expenditure per capita (current US$),SH.XPD.CHEX.PC.CD,Mozambique,MOZ,7.00877714,8.53719139,10.00207806,11.03660774,14.12452602,18.40718079,18.05057144,19.29700851,24.48562622,27.68954468,26.26061249,30.42516136,35.24672699,41.5031395,43.50259018,40.35658646,31.85357285,36.75825882,41.29206467,41.01906586,34.87546539,45.22790909,49.4729538,..,..
Current health expenditure per capita (current US$),SH.XPD.CHEX.PC.CD,Myanmar,MMR,4.47214985,4.62700701,7.0817728,6.57480383,7.01517916,7.65254498,8.47415161,9.91384029,14.70817947,18.70313454,20.23270416,27.40522575,37.25568008,37.68575287,54.28113556,63.62335968,59.67910385,59.51782608,60.83261871,53.72147369,66.02284241,71.14800262,57.96875763,..,..
Current health expenditure per capita (current US$),SH.XPD.CHEX.PC.CD,Namibia,NAM,200.10691833,185.65335083,173.55830383,257.13796997,347.41690063,374.68215942,409.22375488,463.44381714,411.6569519,384.44067383,519.55053711,565.43469238,550.6829834,484.64331055,452.2585144,476.50942993,409.78106689,448.58221436,439.87658691,397.42849731,344.69924927,413.51190186,405.59393311,..,..
Current health expenditure per capita (current US$),SH.XPD.CHEX.PC.CD,Nauru,NRU,463.77734375,349.01687622,298.91278076,273.59832764,216.23666382,328.92779541,363.46365356,586.8157959,809.65649414,575.39526367,626.21124268,672.27624512,873.81658936,831.84564209,760.04394531,979.76556396,981.88366699,1127.47509766,1221.42358398,1213.86804199,1270.52563477,1809.3338623,2264.20239258,..,..
Current health expenditure per capita (current US$),SH.XPD.CHEX.PC.CD,Nepal,NPL,8.34249592,10.26854038,10.46419716,11.06888008,12.92468262,14.14693356,13.68047714,17.13900185,18.86374855,20.86620903,29.62231827,34.14775085,33.64963913,35.14327621,41.9739151,46.49585342,47.1232872,49.63053513,51.16128922,53.61107254,59.07941437,66.54234314,88.26616669,..,..
Current health expenditure per capita (current US$),SH.XPD.CHEX.PC.CD,Netherlands,NLD,2028.18139648,2175.73046875,2544.81347656,3244.35644531,3689.46435547,3823.48095703,4080.21972656,4696.14160156,5382.44580078,5282.74316406,5191.69384766,5562.12109375,5284.64990234,5532.72607422,5601.88574219,4676.56201172,4644.02099609,4934.57519531,5330.66015625,5340.61279297,5865.90527344,6554.96826172,5796.03466797,..,..
Current health expenditure per capita (current US$),SH.XPD.CHEX.PC.CD,New Caledonia,NCL,..,..,..,..,..,..,..,..,..,..,..,..,..,..,..,..,..,..,..,..,..,..,..,..,..
Current health expenditure per capita (current US$),SH.XPD.CHEX.PC.CD,New Zealand,NZL,1054.28100586,1053.73632813,1250.12634277,1610.73034668,1981.9720459,2295.37182617,2304.06518555,2705.66430664,2850.05834961,2712.92041016,3232.71362305,3655.53637695,3854.95629883,4012.08374023,4184.59765625,3582.66357422,3702.37109375,3849.74169922,3907.59912109,4059.05639648,4214.57177734,4967.38183594,4804.37792969,..,..
Current health expenditure per capita (current US$),SH.XPD.CHEX.PC.CD,Nicaragua,NIC,53.29532623,57.69081879,58.15333939,62.13036346,66.54763794,73.65701294,79.3536377,93.93821716,109.20231628,112.75749207,117.70147705,125.13540649,133.64489746,140.20372009,156.22232056,165.18948364,171.5748291,181.75810242,172.9760437,166.49009705,165.88038635,204.21273804,208.47544861,..,..
Current health expenditure per capita (current US$),SH.XPD.CHEX.PC.CD,Niger,NER,9.10514259,9.74551487,10.91576767,12.63532829,14.1569891,18.03248978,19.30820656,20.80476379,24.75069427,24.51097679,23.7641449,24.84123039,22.71487427,24.61338997,25.09494019,25.96905327,22.68474007,29.09627533,30.61364555,31.89424324,35.75509644,35.39406204,26.50681686,..,..
Current health expenditure per capita (current US$),SH.XPD.CHEX.PC.CD,Nigeria,NGA,17.15887642,17.96053314,17.53752899,37.91439438,42.81798172,52.24337006,63.63072205,66.90659332,77.45053101,65.71811676,73.008255,80.2377243,87.89523315,97.29588318,102.39888763,92.91207123,75.52328491,70.31814575,63.60244751,67.6254425,67.91384888,81.87322235,90.92185211,..,..
Current health expenditure per capita (current US$),SH.XPD.CHEX.PC.CD,North Macedonia,MKD,162.68013,150.4312439,172.87971497,214.29603577,230.68000793,229.81243896,242.60142517,263.25378418,313.61117554,297.88058472,308.09429932,335.13171387,317.978302,361.13168335,357.63867188,322.25213623,347.44271851,375.3303833,426.57290649,469.47344971,510.81011963,636.65447998,561.69281006,..,..
Current health expenditure per capita (current US$),SH.XPD.CHEX.PC.CD,Northern Mariana Islands,MNP,..,..,..,..,..,..,..,..,..,..,..,..,..,..,..,..,..,..,..,..,..,..,..,..,..
Current health expenditure per capita (current US$),SH.XPD.CHEX.PC.CD,Norway,NOR,2948.93164063,3099.00341797,3889.95947266,4632.56835938,5097.34423828,5584.68896484,5892.98730469,6895.56005859,7768.05029297,7301.95996094,7859.51611328,8900.37207031,8970.11914063,9241.265625,9116.37792969,7566.56152344,7492.07666016,7815.78710938,8271.859375,8007.35546875,7824.57714844,9163.13867188,8692.57617188,..,..
Current health expenditure per capita (current US$),SH.XPD.CHEX.PC.CD,Oman,OMN,261.88265991,259.59085083,274.11166382,290.38589478,306.42941284,326.909729,341.97601318,397.21173096,466.60375977,510.08691406,583.57073975,563.23632813,561.1171875,587.71075439,726.64660645,767.04455566,714.48864746,704.6295166,639.78082275,730.08325195,859.24969482,856.42144775,706.92224121,..,..
Current health expenditure per capita (current US$),SH.XPD.CHEX.PC.CD,Pakistan,PAK,15.36755657,13.41587162,14.98332214,14.34851551,15.53542328,19.58962631,24.43647003,26.14198685,24.34272766,23.14643288,23.62846184,25.02491379,25.59742928,28.20998955,32.11787415,33.99359894,36.46934128,42.07228851,40.09578323,36.01374817,36.9091301,42.79639816,38.76602173,..,..
Current health expenditure per capita (current US$),SH.XPD.CHEX.PC.CD,Palau,PLW,675.54473877,640.58422852,609.03295898,638.3067627,765.0546875,810.10369873,852.00756836,897.35339355,880.83892822,947.12615967,1093.30786133,1072.56323242,1239.99304199,1399.29931641,1481.35656738,1554.91186523,1704.62316895,1775.32849121,1794.765625,1924.65795898,1934.02905273,1916.50598145,1978.85437012,..,..
Current health expenditure per capita (current US$),SH.XPD.CHEX.PC.CD,Panama,PAN,300.66052246,296.75146484,308.58657837,303.45755005,344.4079895,323.0513916,370.62973022,472.08703613,506.78494263,550.80755615,607.42242432,664.97564697,725.01544189,805.78985596,919.2946167,982.06530762,1056.68481445,1126.96154785,1227.30554199,1339.45153809,1358.4498291,1417.1541748,1472.04638672,..,..
Current health expenditure per capita (current US$),SH.XPD.CHEX.PC.CD,Papua New Guinea,PNG,18.84121323,18.19814301,20.55322266,21.9858036,25.73586273,27.49723434,30.03865242,33.18586731,34.69308472,36.5436821,39.3453064,52.49456787,70.27664948,76.75310516,89.08061218,45.18995285,53.98646545,55.24723816,59.04003525,59.89566803,55.92817688,61.02529907,81.11356354,..,..
Current health expenditure per capita (current US$),SH.XPD.CHEX.PC.CD,Paraguay,PRY,104.49077606,91.8441391,65.0742569,70.85758209,88.10053253,95.1805954,122.45078278,161.25285339,220.90351868,217.7858429,258.43127441,337.81317139,368.7868042,391.80084229,440.85821533,393.42440796,385.52297974,406.60488892,422.13101196,416.84432983,411.81765747,480.11322021,480.19396973,..,..
Current health expenditure per capita (current US$),SH.XPD.CHEX.PC.CD,Peru,PER,83.63842773,89.36621857,97.6605072,97.352211,105.16587067,123.25354004,136.14295959,158.55148315,191.42611694,209.1973877,241.43280029,264.46487427,309.31439209,320.96490479,332.18841553,310.60983276,311.33517456,332.54321289,362.75994873,367.98739624,399.59625244,455.69836426,445.85757446,..,..
Current health expenditure per capita (current US$),SH.XPD.CHEX.PC.CD,Philippines,PHL,32.10300446,27.60987473,26.76997948,31.60413551,33.50411606,45.67607498,53.87452698,64.27903748,75.69056702,77.64539337,89.35166931,95.95716095,109.2149353,118.87432098,106.16293335,113.4342804,118.05981445,120.32259369,125.27716827,141.6925354,166.61218262,208.192276,182.93429565,194.05615234,..
Current health expenditure per capita (current US$),SH.XPD.CHEX.PC.CD,Poland,POL,238.00448608,282.8210144,315.83145142,339.33520508,392.00338745,465.70019531,524.09747314,660.92468262,892.59698486,759.60577393,809.19940186,866.09466553,815.1418457,878.08837891,911.29815674,803.95965576,816.08618164,909.57818604,978.73565674,1014.03820801,1025.98486328,1183.30236816,1193.13061523,1543.71240234,..
Current health expenditure per capita (current US$),SH.XPD.CHEX.PC.CD,Portugal,PRT,995.34210205,1015.54956055,1139.4029541,1443.37792969,1723.74401855,1814.35449219,1857.64526367,2112.52880859,2391.98120117,2346.54199219,2259.30371094,2255.96923828,1980.01867676,2030.63012695,2059.92651367,1790.53405762,1875.2421875,1998.06469727,2216.30664063,2221.73120117,2346.33081055,2760.16503906,2580.75634766,2743.57739258,..
Current health expenditure per capita (current US$),SH.XPD.CHEX.PC.CD,Puerto Rico (US),PRI,..,..,..,..,..,..,..,..,..,..,..,..,..,..,..,..,..,..,..,..,..,..,..,..,..
Current health expenditure per capita (current US$),SH.XPD.CHEX.PC.CD,Qatar,QAT,553.08605957,598.73602295,668.85986328,1115.45336914,1261.61999512,1386.015625,1378.9296875,1301.49682617,1292.60046387,1325.43005371,1309.79272461,1482.28308105,1712.67089844,2029.8659668,2252.4140625,2422.64453125,2072.06103516,1911.95361328,1966.55712891,2007.51525879,1967.15197754,1847.00231934,1781.56030273,..,..
Current health expenditure per capita (current US$),SH.XPD.CHEX.PC.CD,Romania,ROU,69.89345551,78.8175354,96.57698822,143.54553223,190.7950592,254.52961731,291.00408936,415.06790161,521.31561279,449.37692261,472.20751953,426.59973145,401.67105103,495.23623657,503.34753418,442.24038696,476.24505615,555.11309814,687.15411377,738.5581665,809.58880615,963.01287842,902.2677002,..,..
Current health expenditure per capita (current US$),SH.XPD.CHEX.PC.CD,Russian Federation,RUS,95.20859528,117.87785339,140.05729675,163.31135559,207.61283875,270.1439209,350.84014893,459.60116577,606.77508545,513.91033936,564.30065918,681.04577637,755.48553467,805.52130127,736.32177734,496.9503479,463.29275513,577.06811523,606.11401367,650.47058105,814.94451904,881.75720215,1078.23486328,..,..
Current health expenditure per capita (current US$),SH.XPD.CHEX.PC.CD,Rwanda,RWA,9.00399399,7.86746025,7.32393837,17.25927353,20.23413277,25.02086639,27.15680885,33.50766754,39.94607162,43.99682617,47.96915817,51.64990616,57.26454163,47.7545433,50.63998795,48.81341934,50.77831268,48.27599335,51.35319138,50.75216675,58.29339218,60.46223831,76.83828735,..,..
Current health expenditure per capita (current US$),SH.XPD.CHEX.PC.CD,Samoa,WSM,60.4606514,56.09679031,72.41275024,81.95996094,104.42662811,121.24176788,133.41867065,147.84771729,156.89399719,172.45288086,185.43850708,211.88684082,197.01564026,247.41108704,248.20323181,240.28297424,238.34661865,220.82498169,200.42073059,242.9050293,256.74545288,270.41333008,236.22660828,..,..
Current health expenditure per capita (current US$),SH.XPD.CHEX.PC.CD,San Marino,SMR,2176.20825195,2202.07763672,2253.21850586,2506.68334961,2958.87963867,3055.63232422,3242.24291992,3804.50634766,4378.24853516,4242.50341797,3813.88354492,4550.35058594,4310.10009766,4113.46679688,4120.02685547,3530.04614258,3621.23266602,3672.30322266,3969.36474609,3801.21044922,3758.609375,4033.1027832,3874.98535156,..,..
Current health expenditure per capita (current US$),SH.XPD.CHEX.PC.CD,Sao Tome and Principe,STP,49.63587952,47.14751816,50.61143494,71.20994568,71.05591583,80.13071442,57.2040329,59.71631241,64.58831787,64.90551758,60.94829941,69.45979309,86.29039001,124.59179688,118.70980835,85.37828827,109.73142242,117.07767487,108.87628937,106.86884308,159.84396362,187.06524658,180.3336792,..,..
Current health expenditure per capita (current US$),SH.XPD.CHEX.PC.CD,Saudi Arabia,SAU,493.36984253,482.10446167,449.84130859,457.08770752,471.45797729,545.73571777,634.81872559,662.00793457,663.14331055,760.19476318,765.91680908,954.38873291,1093.15588379,1189.67932129,1363.59155273,1309.27148438,1353.21813965,1400.90356445,1488.9753418,1504.55249023,1574.70068359,1654.74353027,1593.37145996,..,..
Current health expenditure per capita (current US$),SH.XPD.CHEX.PC.CD,Senegal,SEN,21.41570663,23.45893669,26.46221161,35.14493942,41.94406128,36.00606155,38.28113556,40.60185623,49.05390167,50.27443314,51.38805008,57.93114853,56.61458969,60.51578903,61.40605545,53.32304382,53.90053558,56.49185944,64.37467957,64.33670807,75.16521454,71.12162781,63.73388672,..,..
Current health expenditure per capita (current US$),SH.XPD.CHEX.PC.CD,Serbia,SRB,56.47927475,112.19810486,173.26341248,230.08865356,274.45532227,307.54705811,371.506073,547.22723389,671.88702393,575.262146,545.33380127,618.89422607,559.90545654,627.53308105,608.85858154,491.25177002,486.42944336,515.84588623,617.08679199,641.02966309,670.19439697,919.16790771,903.11828613,..,..
Current health expenditure per capita (current US$),SH.XPD.CHEX.PC.CD,Seychelles,SYC,340.23703003,390.20773315,382.27920532,446.6859436,511.96136475,537.44683838,581.25598145,508.96060181,478.90612793,401.24008179,546.56799316,560.39526367,666.49902344,646.56634521,631.42675781,575.63037109,673.19622803,667.09515381,708.699646,692.09197998,693.1987915,629.11602783,694.75085449,..,..
Current health expenditure per capita (current US$),SH.XPD.CHEX.PC.CD,Sierra Leone,SLE,17.80823517,19.44268227,23.70949936,22.6285038,23.45412064,27.1346283,30.24594879,31.99986649,37.45465088,39.24406815,37.81203461,49.60349274,51.89955902,84.93772125,143.60603333,118.66024017,84.6361618,47.37737274,44.82733536,48.13619995,47.8861618,44.90049362,39.31665802,..,..
Current health expenditure per capita (current US$),SH.XPD.CHEX.PC.CD,Singapore,SGP,796.03100586,690.01330566,749.44445801,851.10961914,868.43688965,908.3760376,989.73895264,1116.97937012,1286.91345215,1326.11682129,1510.66784668,1700.1685791,1853.02429199,2102.97021484,2233.34960938,2330.39599609,2488.28295898,2645.3293457,2688.27270508,2893.78222656,3492.35986328,4044.17333984,4320.51611328,..,..
Current health expenditure per capita (current US$),SH.XPD.CHEX.PC.CD,Sint Maarten (Dutch part),SXM,..,..,..,..,..,..,..,..,..,..,..,..,..,..,..,..,..,..,..,..,..,..,..,..,..
Current health expenditure per capita (current US$),SH.XPD.CHEX.PC.CD,Slovak Republic,SVK,203.50627136,212.22207642,254.12765503,344.47335815,511.52990723,601.31323242,729.01324463,1029.30029297,1251.67724609,1320.09301758,1296.54284668,1352.43835449,1319.43823242,1370.46765137,1289.34851074,1108.87817383,1175.6270752,1189.07983398,1299.91125488,1342.07580566,1393.62438965,1684.51550293,1642.39208984,..,..
Current health expenditure per capita (current US$),SH.XPD.CHEX.PC.CD,Slovenia,SVN,796.64703369,826.22576904,944.87145996,1203.06359863,1368.64855957,1449.18920898,1541.66430664,1795.95043945,2179.45239258,2125.05688477,2017.14660645,2147.80517578,1974.85400391,2055.38134766,2062.38476563,1775.86071777,1838.65405273,1925.03466797,2169.57885742,2219.09790039,2417.20874023,2779.56591797,2737.84936523,3033.32104492,..
Current health expenditure per capita (current US$),SH.XPD.CHEX.PC.CD,Solomon Islands,SLB,46.02681351,60.23266602,76.49930573,53.52047729,64.72148895,89.02578735,87.74922943,89.10964203,75.69615936,93.87008667,74.11127472,95.43640137,100.7893219,99.02694702,105.87472534,90.99643707,94.32994843,89.29357147,88.03850555,98.67025757,100.99560547,98.7951355,96.73880768,..,..
Current health expenditure per capita (current US$),SH.XPD.CHEX.PC.CD,Somalia,SOM,..,..,..,..,..,..,..,..,..,..,..,..,..,12.85289001,13.11646461,14.08594513,11.72021103,13.46292782,12.70534706,12.87221336,12.42313194,14.63377476,15.34639168,..,..
Current health expenditure per capita (current US$),SH.XPD.CHEX.PC.CD,South Africa,ZAF,236.08114624,202.81065369,179.5135498,286.01998901,362.28662109,400.5355835,417.91174316,455.17498779,442.10626221,487.62774658,621.41906738,686.87243652,646.49920654,593.80157471,539.30780029,491.90652466,456.56936646,527.52020264,558.8013916,538.80426025,503.46759033,592.53417969,569.84075928,..,..
Current health expenditure per capita (current US$),SH.XPD.CHEX.PC.CD,South Sudan,SSD,..,..,..,..,..,..,..,..,..,..,..,..,..,..,..,..,..,28.05690956,31.05302238,35.07043839,47.23431778,34.53858948,49.41268158,..,..
Current health expenditure per capita (current US$),SH.XPD.CHEX.PC.CD,Spain,ESP,1005.28399658,1045.05065918,1174.5793457,1640.91772461,1922.27380371,2062.40625,2242.15869141,2606.27783203,2995.18603516,2937.71777344,2789.63720703,2908.91967773,2590.73803711,2630.01904297,2680.02954102,2349.54663086,2377.04956055,2525.13964844,2741.90600586,2713.62255859,2898.00537109,3144.11181641,2910.83764648,..,..
Current health expenditure per capita (current US$),SH.XPD.CHEX.PC.CD,Sri Lanka,LKA,42.54893112,39.87185287,41.24043274,40.82443619,49.14835358,55.40001297,63.2890892,71.38779449,90.00082397,97.26274872,105.07371521,115.51642609,110.03600311,133.15968323,132.82194519,144.29077148,145.32496643,142.32518005,154.64622498,154.87071228,152.001297,157.13322449,145.55810547,..,..
Current health expenditure per capita (current US$),SH.XPD.CHEX.PC.CD,St. Kitts and Nevis,KNA,446.66659546,440.21563721,465.07720947,482.87136841,491.62530518,556.97229004,689.44549561,707.96960449,881.09844971,872.67474365,866.84997559,920.49584961,880.17578125,938.31616211,961.73028564,1041.82250977,1161.87097168,1185.9017334,1120.83300781,1223.83544922,1067.96020508,1134.47509766,1160.26428223,..,..
Current health expenditure per capita (current US$),SH.XPD.CHEX.PC.CD,St. Lucia,LCA,285.84280396,285.04898071,299.7996521,317.27593994,309.42208862,333.37374878,389.94595337,439.59280396,430.23074341,432.087677,438.23928833,463.79498291,455.97622681,483.6133728,464.51150513,466.48291016,472.43051147,495.12600708,486.53726196,493.95703125,577.55700684,588.36962891,644.80279541,..,..
Current health expenditure per capita (current US$),SH.XPD.CHEX.PC.CD,St. Martin (French part),MAF,..,..,..,..,..,..,..,..,..,..,..,..,..,..,..,..,..,..,..,..,..,..,..,..,..
Current health expenditure per capita (current US$),SH.XPD.CHEX.PC.CD,St. Vincent and the Grenadines,VCT,149.9225769,162.93431091,175.48046875,178.1368866,188.43644714,197.63206482,209.83639526,244.32910156,256.13983154,264.6159668,281.91867065,276.15722656,298.78082275,300.01953125,299.33129883,302.58422852,313.66229248,337.89614868,358.53372192,372.05615234,406.3571167,454.80987549,434.86938477,..,..
Current health expenditure per capita (current US$),SH.XPD.CHEX.PC.CD,Sudan,SDN,13.99440765,15.18379402,16.70688248,22.58514786,29.30379486,37.07450485,55.32654953,81.79000854,82.84203339,80.0038147,73.60456848,80.3718338,75.40813446,97.4927597,88.78570557,93.69758606,89.39611053,67.75525665,33.73799133,33.70681,22.17246819,20.4981575,31.57727051,..,..
Current health expenditure per capita (current US$),SH.XPD.CHEX.PC.CD,Suriname,SUR,166.90083313,91.73781586,158.21212769,166.88664246,212.50817871,241.68415833,313.68301392,309.17565918,334.24771118,380.04019165,399.59710693,375.34957886,406.05526733,434.50332642,440.95263672,511.91244507,338.24822998,322.00415039,445.90789795,599.07025146,453.44619751,294.25476074,343.85302734,..,..
Current health expenditure per capita (current US$),SH.XPD.CHEX.PC.CD,Sweden,SWE,2173.1940918,2155.85424805,2459.09863281,3110.19970703,3488.17285156,3547.63330078,3765.39697266,4310.32666016,4627.56396484,4136.17333984,4416.14550781,6351.21679688,6254.44287109,6696.87255859,6605.91162109,5598.68164063,5680.72607422,5837.77099609,6005.06591797,5652.98974609,6003.09375,6842.46044922,5943.36132813,6152.33300781,..
Current health expenditure per capita (current US$),SH.XPD.CHEX.PC.CD,Switzerland,CHE,3559.81982422,3763.38452148,4211.72949219,5018.52734375,5608.703125,5673.93994141,5671.98144531,6154.703125,7120.65283203,7297.37988281,7695.68798828,9204.87792969,8929.32519531,9324.97265625,9550.45507813,9272.515625,9276.50292969,9423.64941406,9577.30273438,9646.91308594,10348.34667969,11262.23046875,10963.43066406,..,..
Current health expenditure per capita (current US$),SH.XPD.CHEX.PC.CD,Syrian Arab Republic,SYR,53.47885895,57.49734879,62.5323143,59.66984177,59.96079254,62.02973557,63.69380569,71.78123474,82.53261566,87.32125854,88.11807251,74.3771286,62.70924759,44.37207794,46.44654465,36.14657974,25.93214798,33.63182449,43.59334946,50.25953293,30.63546944,25.79880524,34.36484528,..,..
Current health expenditure per capita (current US$),SH.XPD.CHEX.PC.CD,Tajikistan,TJK,5.90626955,7.56599855,8.21969986,10.97546482,14.6509676,17.38472557,20.04485893,28.58950996,41.35135651,38.9187851,42.28567886,48.8431282,56.97117615,67.62356567,73.06859589,62.75804901,54.9213562,56.85092545,58.51539993,60.51568222,74.17329407,75.10315704,78.61326599,..,..
Current health expenditure per capita (current US$),SH.XPD.CHEX.PC.CD,Tanzania,TZA,12.33031845,15.1739912,17.0355854,20.39437675,23.4493866,27.71374512,35.59762955,36.23610306,36.26182556,33.9993782,37.18493271,37.75179672,41.99654007,43.46931839,39.85456848,33.27184296,36.65267563,39.03560638,41.28152084,39.98176956,31.72098923,37.56311798,35.64775848,..,..
Current health expenditure per capita (current US$),SH.XPD.CHEX.PC.CD,Thailand,THA,62.21043015,57.19389343,69.68746185,76.13368225,82.91682434,90.61147308,103.26116943,125.10979462,149.06762695,149.67800903,168.61891174,191.74464417,201.70690918,207.81243896,213.74395752,219.15092468,229.7849884,247.08152771,274.71221924,288.31097412,304.3817749,363.72845459,369.97647095,..,..
Current health expenditure per capita (current US$),SH.XPD.CHEX.PC.CD,Timor-Leste,TLS,..,..,..,15.18759537,20.22569466,25.72540092,27.90169907,30.51906586,43.71953964,50.18856049,52.6151619,64.43626404,71.46888733,102.79840851,93.10574341,101.4779892,92.69400787,86.16269684,78.07413483,78.01346588,118.49451447,132.07870483,174.91215515,..,..
Current health expenditure per capita (current US$),SH.XPD.CHEX.PC.CD,Togo,TGO,10.63639355,10.63499069,12.01032352,14.70664024,16.09196472,16.95772171,17.75014305,22.34309769,26.89384079,28.3035717,30.54597664,34.41139603,35.40290833,39.56414795,41.96416092,46.69767761,50.64896011,51.5464592,52.43610382,48.85387421,52.75213242,52.72237015,54.01099014,..,..
Current health expenditure per capita (current US$),SH.XPD.CHEX.PC.CD,Tonga,TON,53.3949585,55.2772522,62.6541748,68.05188751,102.70134735,108.29302216,149.22753906,134.56217957,190.86582947,118.79367065,166.58139038,193.43716431,316.68118286,168.82937622,207.05262756,177.37759399,202.96311951,240.52340698,272.08758545,260.73986816,256.30737305,341.50390625,378.30541992,..,..
Current health expenditure per capita (current US$),SH.XPD.CHEX.PC.CD,Trinidad and Tobago,TTO,266.16275024,272.72851563,324.36880493,358.59500122,431.37268066,530.35229492,568.72583008,667.35321045,751.54608154,776.62243652,825.16088867,872.96398926,895.08026123,970.90222168,1010.82769775,1061.58666992,1064.41772461,1083.37609863,1080.45397949,1097.20556641,1051.83642578,1173.39306641,1292.01806641,..,..
Current health expenditure per capita (current US$),SH.XPD.CHEX.PC.CD,Tunisia,TUN,111.01378632,114.00454712,124.64620972,148.93447876,167.27586365,169.84550476,178.82592773,202.32022095,230.50152588,231.3591156,240.75447083,270.67507935,270.29055786,284.64538574,287.60955811,249.46418762,240.40258789,223.85903931,215.418396,212.60031128,250.46203613,270.34024048,265.85464478,..,..
Current health expenditure per capita (current US$),SH.XPD.CHEX.PC.CD,Turkiye,TUR,192.8344574,148.86210632,181.39144897,232.5562439,292.65307617,357.40197754,409.25881958,504.37646484,561.73529053,492.30032349,531.82861328,525.89105225,520.44274902,547.95465088,520.40753174,444.70803833,456.3659668,432.13754272,380.27835083,388.67486572,386.2593689,431.33978271,385.87997437,..,..
Current health expenditure per capita (current US$),SH.XPD.CHEX.PC.CD,Turkmenistan,TKM,75.52490234,120.8463974,128.08802795,199.93019104,302.85839844,324.81155396,349.6842041,261.83258057,235.91514587,178.44587708,202.7792511,251.85777283,289.13015747,339.92349243,393.86843872,362.72949219,376.65567017,410.81082153,411.32562256,432.78118896,420.0083313,471.86325073,579.15454102,..,..
Current health expenditure per capita (current US$),SH.XPD.CHEX.PC.CD,Turks and Caicos Islands,TCA,..,..,..,..,..,..,..,..,..,..,..,..,..,..,..,..,..,..,..,..,..,..,..,..,..
Current health expenditure per capita (current US$),SH.XPD.CHEX.PC.CD,Tuvalu,TUV,351.92758179,261.71032715,207.1824646,274.99337769,216.72221375,231.17539978,285.24816895,281.69580078,297.58547974,330.37155151,465.0112915,501.53479004,473.34634399,503.47753906,527.12036133,449.56771851,697.90136719,1001.7612915,816.8225708,1128.93554688,923.06542969,1152.32275391,1084.66955566,..,..
Current health expenditure per capita (current US$),SH.XPD.CHEX.PC.CD,Uganda,UGA,16.42591858,15.99569035,15.74429226,14.23364067,18.60707474,25.86819267,31.60310555,36.10126495,40.04308701,44.3670578,51.88574982,55.2076683,55.03918457,52.906353,50.957798,40.09843445,39.08125305,31.43818092,32.9515686,33.36559677,44.73381805,51.03484726,44.14502716,..,..
Current health expenditure per capita (current US$),SH.XPD.CHEX.PC.CD,Ukraine,UKR,34.62232971,44.14328766,52.11910248,67.87039948,83.23918915,114.63265228,146.27377319,183.18217468,212.75292969,165.98542786,199.49559021,240.17747498,270.76205444,275.94143677,208.94400024,154.75454712,154.5546875,183.69506836,217.73760986,242.81388855,265.07846069,369.90487671,..,..,..
Current health expenditure per capita (current US$),SH.XPD.CHEX.PC.CD,United Arab Emirates,ARE,706.03112793,689.29278564,754.26220703,784.89343262,821.74920654,898.36480713,1031.14904785,1176.49328613,1465.82446289,1531.02209473,1619.98864746,1787.59997559,1711.38525391,1789.68579102,1776.7310791,1479.49743652,1592.91906738,1695.203125,1872.58422852,1962.46728516,2154.41113281,2249.96313477,2314.74511719,..,..
Current health expenditure per capita (current US$),SH.XPD.CHEX.PC.CD,United Kingdom,GBR,2027.64416504,2083.99023438,2374.82177734,2789.35131836,3377.11694336,3547.28979492,3817.99072266,4431.63769531,4301.41552734,3829.68286133,3892.38012695,4140.36230469,4217.24755859,4348.28662109,4716.30224609,4440.73828125,4016.63916016,3907.82226563,4219.48632813,4258.63476563,4816.15283203,5612.04931641,5035.6171875,5366.77685547,..
Current health expenditure per capita (current US$),SH.XPD.CHEX.PC.CD,United States,USA,4548.5546875,4901.67529297,5327.93701172,5732.24365234,6071.84423828,6428.60205078,6802.47509766,7153.73144531,7364.93847656,7614.82421875,7836.08837891,8015.78076172,8262.29101563,8411.42871094,8796.18261719,9200.85839844,9536.20605469,9822.37890625,10182.25585938,10546.01367188,11672.77050781,11999.09082031,12434.43359375,..,..
Current health expenditure per capita (current US$),SH.XPD.CHEX.PC.CD,Uruguay,URY,699.20495605,679.4229126,436.44049072,383.55554199,375.93881226,445.28201294,500.65515137,578.34454346,811.7020874,826.05682373,1043.26000977,1244.93884277,1347.02868652,1516.80664063,1495.59777832,1424.8939209,1469.38964844,1672.3314209,1713.26611328,1692.50195313,1432.00463867,1594.98059082,1850.80737305,..,..
Current health expenditure per capita (current US$),SH.XPD.CHEX.PC.CD,Uzbekistan,UZB,35.72119904,30.46290398,24.50708961,25.61911011,28.02430153,32.51261139,37.97257233,46.89629364,61.29156876,71.95819092,92.87456512,109.86156464,127.94210052,140.71011353,118.44307709,132.60565186,129.82177734,93.4151535,82.53038788,98.6240387,120.29019165,156.44789124,169.43212891,..,..
Current health expenditure per capita (current US$),SH.XPD.CHEX.PC.CD,Vanuatu,VUT,48.28763199,45.73453903,52.34658813,54.93638229,62.80937958,61.94078064,67.59348297,72.52819061,81.70391083,82.80802155,99.27953339,113.81780243,118.25688171,130.88293457,108.22322083,118.69898987,88.35998535,91.04128265,110.32492065,112.13746643,125.41011047,141.28567505,135.42979431,..,..
Current health expenditure per capita (current US$),SH.XPD.CHEX.PC.CD,"Venezuela, RB",VEN,..,..,..,..,..,..,..,..,..,..,..,..,..,..,..,..,..,..,164.68154907,112.7611084,153.24269104,162.50117493,208.56968689,..,..
Current health expenditure per capita (current US$),SH.XPD.CHEX.PC.CD,Viet Nam,VNM,21.0719223,25.55491257,21.87733841,24.88381386,31.97719193,38.96974945,46.86905289,54.40701294,64.433815,69.82720184,85.36088562,97.05238342,109.29483795,104.10972595,119.44549561,121.43981171,133.1960144,147.51425171,161.97871399,171.15296936,153.10160828,168.08033752,188.89749146,..,..
Current health expenditure per capita (current US$),SH.XPD.CHEX.PC.CD,Virgin Islands (U.S.),VIR,..,..,..,..,..,..,..,..,..,..,..,..,..,..,..,..,..,..,..,..,..,..,..,..,..
Current health expenditure per capita (current US$),SH.XPD.CHEX.PC.CD,West Bank and Gaza,PSE,129.54533386,127.37930298,118.22906494,111.62216187,150.72610474,158.43028259,154.09745789,149.22294617,200.96418762,221.97026062,219.44699097,308.36453247,298.34082031,327.25717163,314.27474976,286.91394043,299.4125061,310.2114563,324.02166748,317.45007324,314.82254028,364.4173584,350.63812256,..,..
Current health expenditure per capita (current US$),SH.XPD.CHEX.PC.CD,"Yemen, Rep.",YEM,22.91244888,24.09247589,24.80142403,31.60428619,34.62483978,38.27000809,44.81512451,51.83703613,61.74676514,58.02085114,59.60072327,56.58930588,64.67756653,68.39746857,69.24575806,57.9312973,47.25681305,51.94430542,83.34048462,43.06481552,32.30203629,32.01807785,38.11569214,..,..
Current health expenditure per capita (current US$),SH.XPD.CHEX.PC.CD,Zambia,ZMB,15.00134468,19.15345192,23.19246864,26.75762367,30.09499931,44.99598694,58.68175507,51.24428177,61.45419693,58.61063385,57.67263412,64.3181076,69.17604828,83.29361725,65.39261627,57.38765335,55.39532089,70.93283844,69.82767487,85.02349854,60.01779938,74.83802795,76.05962372,..,..
Current health expenditure per capita (current US$),SH.XPD.CHEX.PC.CD,Zimbabwe,ZWE,..,..,..,..,..,..,..,..,..,..,94.44809723,83.82868195,85.69155121,96.86148834,111.61201477,103.31652832,105.11625671,91.87199402,114.76815033,55.10725403,51.14250565,63.51144791,70.66313934,..,..
Current health expenditure (% of GDP),SH.XPD.CHEX.GD.ZS,Afghanistan,AFG,..,..,9.44339085,8.94125843,9.80847359,9.94828892,10.62276554,9.90467453,10.25649548,9.81848717,8.56967163,8.56190777,7.89716864,8.80596447,9.52887821,10.10534763,11.81859016,12.62081718,14.20841885,14.83131981,15.53361416,21.508461,23.0881691,..,..
Current health expenditure (% of GDP),SH.XPD.CHEX.GD.ZS,Albania,ALB,5.94419765,5.92584515,5.66464472,5.91140795,5.89364862,5.72954512,5.63177013,5.92609119,5.50900269,5.82603931,6.23667669,6.18297672,6.15746212,6.28286266,6.43451118,6.46411896,6.7293272,6.57848787,6.66844559,6.86214113,7.50389433,7.39913177,6.19368076,..,..
Current health expenditure (% of GDP),SH.XPD.CHEX.GD.ZS,Algeria,DZA,3.21485448,3.53628588,3.44169641,3.32569361,3.29030514,3.1188612,3.18999887,3.62011433,3.98331022,4.89210796,4.64001417,4.82567501,5.63657808,5.64542007,6.01485014,6.3343544,6.00079727,5.94846106,5.93238592,5.41731071,5.63831711,5.0110569,3.6230433,..,..
Current health expenditure (% of GDP),SH.XPD.CHEX.GD.ZS,American Samoa,ASM,..,..,..,..,..,..,..,..,..,..,..,..,..,..,..,..,..,..,..,..,..,..,..,..,..
Current health expenditure (% of GDP),SH.XPD.CHEX.GD.ZS,Andorra,AND,5.95276403,5.85823727,5.99621153,5.54771519,5.28846931,5.59476948,4.96530008,4.92347288,5.67066383,6.08094168,7.67537737,7.62060833,6.71083689,6.79964209,6.77308035,6.91586447,6.90521765,7.07142639,7.37541723,7.323246,8.78673935,8.33450699,7.53678846,7.92821121,..
Current health expenditure (% of GDP),SH.XPD.CHEX.GD.ZS,Angola,AGO,1.90859938,4.48351622,3.32946134,3.54797316,3.96719909,2.85219526,2.68553543,2.97439122,3.32290339,3.84260798,2.69509959,2.64560771,2.39574957,2.73282695,2.43412876,2.60579467,2.71314979,2.79383755,2.59482241,2.47518778,3.27488494,3.09277129,2.92737579,..,..
Current health expenditure (% of GDP),SH.XPD.CHEX.GD.ZS,Antigua and Barbuda,ATG,4.71542597,5.43839121,5.28793621,5.58143282,5.11667967,4.99094057,4.63050652,4.44609547,4.20027018,4.17732763,5.37907028,5.44257212,5.47921467,5.50909233,5.87269926,5.27965546,5.12190151,4.87493944,4.85204983,4.40662289,5.72944784,4.99196768,5.7299943,..,..
Current health expenditure (% of GDP),SH.XPD.CHEX.GD.ZS,Argentina,ARG,8.22001076,8.37179852,7.3933115,6.89451647,7.22868252,7.61078882,7.64032793,7.83455086,8.1826973,9.45599556,9.44546413,9.41819859,9.82726669,9.78097916,9.67129993,10.22933674,9.85558891,10.23174763,10.29146862,10.1555109,10.45030594,10.03832245,9.86305332,..,..
Current health expenditure (% of GDP),SH.XPD.CHEX.GD.ZS,Armenia,ARM,4.19581175,4.64563894,7.61358786,7.17936182,6.05510139,5.8618803,5.85007095,5.49814034,6.63976622,8.44377708,9.23538303,9.37588882,9.13455009,10.32345009,10.17827892,10.11762714,9.95194912,10.36270332,10.00543404,11.3798008,12.24056244,12.32268524,9.96212864,..,..
Current health expenditure (% of GDP),SH.XPD.CHEX.GD.ZS,Aruba,ABW,..,..,..,..,..,..,..,..,..,..,..,..,..,..,..,..,..,..,..,..,..,..,..,..,..
Current health expenditure (% of GDP),SH.XPD.CHEX.GD.ZS,Australia,AUS,7.58869076,7.67391729,7.87221003,7.87659502,8.08257675,7.9648633,7.97161102,8.0517149,8.24737453,8.54235363,8.41878414,8.53360462,8.66922569,8.74458122,9.82490253,10.17367649,10.08972931,10.11242294,10.05163097,10.21285057,10.66040134,10.42525291,9.92687893,..,..
Current health expenditure (% of GDP),SH.XPD.CHEX.GD.ZS,Austria,AUT,9.20371342,9.26942921,9.3947649,9.5472393,9.70939922,9.62702942,9.5311327,9.53209686,9.72564602,10.22582531,10.22101879,10.02613258,10.19915581,10.28574848,10.36809158,10.36746693,10.3522625,10.38402557,10.34885597,10.48753643,11.31641102,12.15228558,11.15729332,10.87779903,..
Current health expenditure (% of GDP),SH.XPD.CHEX.GD.ZS,Azerbaijan,AZE,2.89007497,2.774194,2.73097301,2.72699213,2.65944242,2.22960997,2.07059145,1.99422264,2.04814458,2.76541352,2.64634848,2.59547186,3.15682149,3.22551084,3.58703041,4.34131384,4.42241955,4.07396507,3.83661342,4.18188763,5.84817696,4.68526697,3.97840643,..,..
Current health expenditure (% of GDP),SH.XPD.CHEX.GD.ZS,"Bahamas, The",BHS,3.80487037,3.92440891,3.81251931,4.01998568,4.04628181,4.03196478,4.30935764,4.49598694,4.86261654,5.1500144,5.25594234,5.32398558,5.3190918,5.6846571,5.62925673,5.24419451,5.71206808,6.75126934,6.02687502,5.86800623,7.59303093,7.0057478,7.21692038,..,..
Current health expenditure (% of GDP),SH.XPD.CHEX.GD.ZS,Bahrain,BHR,3.33542562,3.48573017,3.67866111,3.88658071,3.49817729,3.25870824,3.10821271,3.29534078,3.2038722,4.32666922,4.08934975,3.8651762,4.10642147,4.30853891,4.41240263,4.97671938,4.86051178,4.51235676,4.12745667,3.95980334,4.7196188,4.49223804,3.83745313,..,..
Current health expenditure (% of GDP),SH.XPD.CHEX.GD.ZS,Bangladesh,BGD,1.80504513,1.77201855,1.93417108,1.96152198,1.99854314,2.05873919,2.10646582,2.17268491,2.11878848,2.18321705,2.28807664,2.36418128,2.3537879,2.29574466,2.27915168,2.27217698,2.38938212,2.36720181,2.31622243,2.25762248,2.27063942,2.36551309,2.39038587,..,..
Current health expenditure (% of GDP),SH.XPD.CHEX.GD.ZS,Barbados,BRB,5.33187246,5.52529192,5.86123466,6.69148111,7.31297731,6.77536297,6.58370161,6.05665207,6.47753286,7.14522552,6.77094746,6.89690495,7.77819967,7.39746428,6.96651411,6.81827545,6.83311653,6.64785957,6.43943882,6.12043858,7.27405739,7.93866014,6.29389191,..,..
Current health expenditure (% of GDP),SH.XPD.CHEX.GD.ZS,Belarus,BLR,5.28088045,5.7064805,5.62404203,5.77103186,5.73650646,6.07036304,5.57366323,5.6917243,5.29448891,5.3906498,5.65694332,4.87452745,5.24538946,5.69563103,5.38792181,6.06528044,5.91054153,5.75974846,5.52699471,5.86133814,6.40607214,6.56549978,6.65919876,..,..
Current health expenditure (% of GDP),SH.XPD.CHEX.GD.ZS,Belgium,BEL,7.99917603,8.14988899,8.3182106,9.16443443,9.32808685,9.22216892,9.12786484,9.13448715,9.59315872,10.31897831,10.20009708,10.3613987,10.50250053,10.57460022,10.6084671,10.79679203,10.79323006,10.80117512,10.86121368,10.75969219,11.26481915,11.04724503,10.76192474,..,..
Current health expenditure (% of GDP),SH.XPD.CHEX.GD.ZS,Belize,BLZ,3.09182477,3.58663416,3.69127417,3.64453149,3.53016114,3.55393219,3.56430817,4.07201815,4.5307498,4.52340269,4.49390221,4.54752827,4.36309099,4.44159889,4.89683533,4.66880131,4.78280401,4.63350248,4.76723623,4.84424496,5.35447645,5.05842113,4.23173904,..,..
Current health expenditure (% of GDP),SH.XPD.CHEX.GD.ZS,Benin,BEN,2.9591713,3.30417323,3.09589195,3.11678505,3.23273873,3.22345805,3.28773856,2.93715644,2.65178108,2.88892651,3.00988984,2.99707985,3.07562971,2.86880755,2.69111967,2.72813416,2.79549599,2.66813827,2.88632035,2.50914454,2.7123611,2.58129549,2.67981386,..,..
Current health expenditure (% of GDP),SH.XPD.CHEX.GD.ZS,Bermuda,BMU,..,..,..,..,..,..,..,..,..,..,..,..,..,..,..,..,..,..,..,..,..,..,..,..,..
Current health expenditure (% of GDP),SH.XPD.CHEX.GD.ZS,Bhutan,BTN,4.13867903,4.60037947,3.95161104,3.83481455,4.26397753,3.83308983,4.08523893,3.83774948,3.14842224,3.29665017,3.29502344,3.08310628,3.32087612,3.40428138,3.28293824,3.48926425,3.32710075,3.1345315,3.06896734,3.37511158,4.08451509,3.0729053,4.38545895,..,..
Current health expenditure (% of GDP),SH.XPD.CHEX.GD.ZS,Bolivia,BOL,4.39554119,4.82522202,4.89645052,5.19709635,4.86315727,5.07408142,4.66087532,4.6968894,4.60677242,5.17444515,5.20230532,5.17306805,5.2539444,5.57465124,5.89613628,6.55064964,6.83333063,6.4901948,6.60399437,6.88792992,8.0225811,8.159729,8.43142891,..,..
Current health expenditure (% of GDP),SH.XPD.CHEX.GD.ZS,Bosnia and Herzegovina,BIH,7.98265457,7.59561539,7.41844416,8.30198193,9.06270218,9.05223751,9.17218685,9.5306015,9.68943882,9.02212143,9.01888275,9.17856026,9.49001503,9.44886494,9.49011135,9.24086571,9.13943481,8.81797314,8.76100445,8.92544365,9.70311832,9.55514336,8.71644783,..,..
Current health expenditure (% of GDP),SH.XPD.CHEX.GD.ZS,Botswana,BWA,6.10838556,6.3660779,6.66529799,6.40933847,6.09125996,5.26532936,4.87599421,5.52080727,5.89747286,6.62081194,6.26718187,5.86915016,6.35010576,6.49913645,5.8804059,6.10287762,5.76837635,6.62986994,6.04010344,6.12193203,6.1213398,6.30754805,5.72838593,..,..
Current health expenditure (% of GDP),SH.XPD.CHEX.GD.ZS,Brazil,BRA,8.33457184,8.54963303,8.69686985,8.18899441,8.12491989,8.03539562,8.24952507,8.20182991,8.01128483,8.39480495,7.94516611,7.78819132,7.73637724,7.9766016,8.39644146,8.90929985,9.16901684,9.47125053,9.46475029,9.61449146,9.62326527,9.63646507,9.14277458,..,..
Current health expenditure (% of GDP),SH.XPD.CHEX.GD.ZS,British Virgin Islands,VGB,..,..,..,..,..,..,..,..,..,..,..,..,..,..,..,..,..,..,..,..,..,..,..,..,..
Current health expenditure (% of GDP),SH.XPD.CHEX.GD.ZS,Brunei Darussalam,BRN,2.5479064,2.5465107,2.53447938,2.60260582,2.55193377,2.23386168,1.9072516,1.94145441,1.87612021,2.39306617,2.27826095,1.86409724,1.85097206,1.898314,1.91436803,2.38708901,2.54828691,2.27022862,2.41289377,2.2277422,2.45178461,2.14642429,1.81768215,..,..
Current health expenditure (% of GDP),SH.XPD.CHEX.GD.ZS,Bulgaria,BGR,5.82970953,6.85958815,7.0809865,7.19987392,6.89090872,6.89011478,6.52544546,6.15651751,6.28281593,6.59577608,7.09477949,7.10250568,7.53903675,7.14167452,7.68306208,7.39363575,7.45975018,7.49624491,7.33192015,7.09237671,8.48235893,8.61892796,7.66357517,..,..
Current health expenditure (% of GDP),SH.XPD.CHEX.GD.ZS,Burkina Faso,BFA,2.9502635,2.88835382,2.97113013,3.14307284,4.21720934,3.95109582,4.51446247,5.23373222,4.64780712,5.08159161,5.23958349,4.64868164,4.60267258,5.56331587,5.00027227,5.13192415,5.95486307,6.05965996,4.9995389,5.36802721,6.57714844,6.40747881,6.77182007,..,..
Current health expenditure (% of GDP),SH.XPD.CHEX.GD.ZS,Burundi,BDI,4.22181606,5.68180418,5.34983587,5.27245188,7.09572744,7.56016588,8.71264839,9.1855402,7.74147511,9.23238468,11.28196716,10.06996346,8.63756466,8.62834644,7.21081543,6.29022646,7.06148243,6.95275736,7.29396152,9.05010796,10.71837234,8.99484253,8.39522648,..,..
Current health expenditure (% of GDP),SH.XPD.CHEX.GD.ZS,Cabo Verde,CPV,4.43401194,4.75244379,4.7555151,4.85960436,4.75073719,4.47569275,5.12305117,5.14727354,4.35203123,3.96602345,4.08108234,3.92477369,4.6740551,4.82468271,4.85231543,4.40073681,4.36134005,4.74573231,4.76032305,4.47111464,6.63319778,7.316607,6.67440224,..,..
Current health expenditure (% of GDP),SH.XPD.CHEX.GD.ZS,Cambodia,KHM,6.48248434,6.76128578,6.92060709,6.45833635,6.4859705,6.15047693,5.3646059,4.20612955,5.61296654,6.3089695,5.62713194,6.00443649,5.72469473,5.46154881,5.07833052,4.62506533,4.49053288,4.26933241,4.49707794,5.05801058,5.28458023,5.51976061,4.71089554,..,..
Current health expenditure (% of GDP),SH.XPD.CHEX.GD.ZS,Cameroon,CMR,4.29573393,4.16830397,4.02669907,3.90227985,3.72798991,3.77274442,3.73662829,3.79498792,3.65843678,3.49997187,3.57742167,3.85282946,3.9310236,3.63136435,4.34148788,4.12600517,4.02253723,3.79293942,3.61970162,3.65157914,4.25051928,4.30539274,4.47835922,..,..
Current health expenditure (% of GDP),SH.XPD.CHEX.GD.ZS,Canada,CAN,8.24814415,8.62482357,8.85670471,9.01090145,9.06628132,9.03540611,9.32523441,9.42872047,9.58826923,10.69968033,10.70405102,10.40832329,10.54460621,10.43964291,10.28526115,10.76850224,11.06097317,10.93421078,10.94313335,11.05897045,13.02419472,12.41920948,11.23432541,11.22370815,..
Current health expenditure (% of GDP),SH.XPD.CHEX.GD.ZS,Cayman Islands,CYM,..,..,..,..,..,..,..,..,..,..,..,..,..,..,..,..,..,..,..,..,..,..,..,..,..
Current health expenditure (% of GDP),SH.XPD.CHEX.GD.ZS,Central African Republic,CAF,4.3808217,4.01043987,4.23633623,4.18572474,4.14367914,4.22857571,4.31108665,4.6338892,4.02635765,4.68325615,3.56699872,3.67561865,3.91814446,4.76660204,4.56557369,5.03434181,5.44402313,6.66541576,10.99526691,7.76140118,8.98555374,9.15270615,9.95509052,..,..
Current health expenditure (% of GDP),SH.XPD.CHEX.GD.ZS,Chad,TCD,4.00526953,3.88475776,5.33389902,4.04336071,4.03654861,3.55289602,3.5379293,3.14604688,2.94988155,3.18315554,3.04079008,2.93420601,2.9589653,3.1230278,3.28550839,3.41504669,3.60402751,3.51023412,3.2893219,3.38253808,4.4533143,4.17851543,4.52549791,..,..
Current health expenditure (% of GDP),SH.XPD.CHEX.GD.ZS,Channel Islands,CHI,..,..,..,..,..,..,..,..,..,..,..,..,..,..,..,..,..,..,..,..,..,..,..,..,..
Current health expenditure (% of GDP),SH.XPD.CHEX.GD.ZS,Chile,CHL,7.00020742,7.09733105,7.20833778,7.25047779,6.91028595,6.62372065,6.07235622,6.21259642,6.73954487,7.25026846,6.81958389,6.79947519,7.01951265,7.47552681,7.84150171,8.3513937,8.55767059,9.090518,9.15040398,9.29919815,9.68910599,9.68593311,10.06172848,10.09532642,..
Current health expenditure (% of GDP),SH.XPD.CHEX.GD.ZS,China,CHN,4.50828123,4.25330067,4.38285255,4.41762781,4.29347467,4.17605019,3.94742203,3.67491412,3.900002,4.34958458,4.23068333,4.34274387,4.56584787,4.71490669,4.77790594,4.93827963,4.97955608,5.06592178,5.16790485,5.3502779,5.59359741,5.38360548,5.36948681,..,..
Current health expenditure (% of GDP),SH.XPD.CHEX.GD.ZS,Colombia,COL,5.63529348,5.94238281,5.73296547,5.77505445,5.79892111,6.06710577,6.33546638,6.49102163,6.84192181,7.31134558,7.07130194,6.78076792,6.74601603,7.01724052,7.18553209,7.52338505,7.53117037,7.67864323,7.62541389,7.77954912,8.71432114,9.01772404,7.57361269,7.69168758,..
Current health expenditure (% of GDP),SH.XPD.CHEX.GD.ZS,Comoros,COM,7.52074909,6.66054344,6.68822765,6.66024828,6.58576155,6.12670708,5.77341843,5.41753864,5.06897497,4.92694378,4.99181557,5.3021183,5.17354631,5.10299301,5.23849726,4.60089922,4.65263557,5.26807451,4.90318584,5.18044472,5.902421,6.43369246,8.3803854,..,..
Current health expenditure (% of GDP),SH.XPD.CHEX.GD.ZS,"Congo, Dem. Rep.",COD,1.46594739,2.62310982,2.57012939,3.73353338,4.33564186,3.98558235,4.06210661,3.89384961,4.31254816,4.51133156,3.72224283,3.19435549,3.2215035,3.34057522,3.72520614,3.74785447,4.20027828,4.00057793,3.24127173,3.508039,3.97694445,3.67749357,3.78614616,..,..
Current health expenditure (% of GDP),SH.XPD.CHEX.GD.ZS,"Congo, Rep.",COG,1.50500846,2.18529987,1.70167828,1.91852403,1.92152369,1.71774101,1.70861316,1.90200174,2.2392714,2.1422224,1.85172856,1.75237322,1.90971065,1.94347155,1.97311735,2.45668483,2.59422994,2.36476016,1.75584984,2.34771276,4.01775074,3.49339676,2.19224548,..,..
Current health expenditure (% of GDP),SH.XPD.CHEX.GD.ZS,Costa Rica,CRI,6.56498718,6.47409868,6.8690877,6.9691925,6.63006067,6.66429663,6.93530846,6.99642611,7.4685483,7.86019182,8.02937698,8.12197781,7.78642273,7.68229342,7.66376209,7.59196186,7.31724358,7.04522991,7.28587723,7.2212491,7.82545757,7.61130476,7.18368196,..,..
Current health expenditure (% of GDP),SH.XPD.CHEX.GD.ZS,Cote d'Ivoire,CIV,4.00220871,3.98514533,3.92374444,3.95147705,4.02148724,3.96639085,3.92861462,4.19379663,4.1387105,4.63971424,4.57494831,4.39700699,4.4273715,3.71773791,3.7310183,3.2198832,3.32101274,3.24693036,3.0916779,3.18916845,3.62327886,3.76207662,3.6424129,..,..
Current health expenditure (% of GDP),SH.XPD.CHEX.GD.ZS,Croatia,HRV,7.65291882,7.17128897,6.14294004,6.29590559,6.50386047,6.83877182,6.90203142,7.38673019,7.63114071,8.0626564,7.96871901,7.64100933,7.65283728,6.4009738,6.57961845,6.65469885,6.68087435,6.61199808,6.69267464,6.7431674,7.64949179,8.01351929,7.21545315,..,..
Current health expenditure (% of GDP),SH.XPD.CHEX.GD.ZS,Cuba,CUB,6.58189821,6.9820981,7.11481619,7.10295439,6.83178711,8.75525475,8.2719059,10.9674921,11.31422806,12.29053974,10.6880827,11.31298637,9.29940987,10.43099499,12.14121914,12.81404305,12.21769619,11.47201538,11.01842499,11.08501148,12.48641968,13.78727913,11.78683186,..,..
Current health expenditure (% of GDP),SH.XPD.CHEX.GD.ZS,Curacao,CUW,..,..,..,..,..,..,..,..,..,..,..,..,..,..,..,..,..,..,..,..,..,..,..,..,..
Current health expenditure (% of GDP),SH.XPD.CHEX.GD.ZS,Cyprus,CYP,5.30800056,5.33940458,5.61565971,5.63568783,5.40558147,5.43580961,5.46357489,5.35744858,6.01427698,6.46531534,6.50055742,6.43139076,6.53638792,6.92774534,6.93137264,6.79382181,6.65254688,6.62192535,6.82599831,7.06576538,8.76033878,9.47552109,8.87060547,..,..
Current health expenditure (% of GDP),SH.XPD.CHEX.GD.ZS,Czechia,CZE,5.70103025,5.86295414,6.17736149,6.52412462,6.35071039,6.34086704,6.16380167,5.98578405,6.33024931,7.24880648,7.55343866,7.5335784,7.59409809,7.49541759,7.59510136,7.3351512,7.3930459,7.33911419,7.46030998,7.61342955,9.15721989,9.45247459,8.79904652,8.53962803,..
Current health expenditure (% of GDP),SH.XPD.CHEX.GD.ZS,Denmark,DNK,8.10438347,8.44832516,8.70251179,8.9036293,9.00743198,9.0905695,9.16879559,9.3251543,9.51134396,10.67432022,10.60774708,10.40702915,10.5219717,10.32915878,10.30918217,10.34411812,10.25162029,10.09825516,10.09764194,10.1524353,10.71854591,10.74728584,9.4758625,9.41784573,..
Current health expenditure (% of GDP),SH.XPD.CHEX.GD.ZS,Djibouti,DJI,3.39641857,3.1960845,3.75243783,4.27048731,3.53544688,3.80321956,4.21972466,4.05262756,3.6125772,3.63905573,3.35699701,3.37387872,3.29730988,2.91782117,2.95930099,3.3475771,2.7416594,2.46857476,2.51871514,2.40641236,2.32228446,2.88669515,2.49675012,..,..
Current health expenditure (% of GDP),SH.XPD.CHEX.GD.ZS,Dominica,DMA,5.32374382,4.64501858,4.6531105,4.84617901,4.74520159,4.97772503,4.78092194,4.79109955,5.04968786,4.98329306,5.15711927,5.33450365,5.79509926,5.34749842,5.26141691,5.15941811,5.12308073,5.46245432,6.18495989,5.16903925,6.12651205,6.31661367,6.31969738,..,..
Current health expenditure (% of GDP),SH.XPD.CHEX.GD.ZS,Dominican Republic,DOM,4.88427496,4.88183308,4.98649025,4.38888264,4.2877388,4.35391188,3.99365425,4.08935308,4.56146193,4.76337624,4.92355442,5.03797865,5.04897833,4.91598225,4.79757166,4.72216797,4.57663107,4.49336958,4.12601566,4.23948717,4.93967104,4.91807747,4.57254791,..,..
Current health expenditure (% of GDP),SH.XPD.CHEX.GD.ZS,Ecuador,ECU,3.4825685,3.97254419,4.72293711,5.70121288,5.790411,5.76793766,5.84506655,5.55722475,5.52174902,6.03388453,6.34925699,6.60509682,6.87859821,6.77866411,6.76601839,7.76786041,7.58817482,7.52484131,7.83214045,7.80768251,8.6576252,8.20646191,7.53457022,..,..
Current health expenditure (% of GDP),SH.XPD.CHEX.GD.ZS,"Egypt, Arab Rep.",EGY,4.92244291,5.40030336,5.5107379,5.2242527,4.85732365,4.92229176,4.84190083,4.44493246,4.46634817,4.37870932,4.15319157,4.35707569,4.45891809,4.6710043,4.77415323,5.06153202,5.07462406,5.34661913,4.74892998,4.5994668,4.15384626,4.60955143,4.70438385,..,..
Current health expenditure (% of GDP),SH.XPD.CHEX.GD.ZS,El Salvador,SLV,7.84342813,7.88604879,7.88565731,7.77182293,8.1302166,9.20057869,8.69338894,8.47836304,8.49585915,8.83749676,8.90416241,8.87645435,8.60625362,9.05235958,8.5989418,8.75833225,8.71456337,8.42286873,8.322752,8.80846119,8.95105076,10.12668991,9.84079742,..,..
Current health expenditure (% of GDP),SH.XPD.CHEX.GD.ZS,Equatorial Guinea,GNQ,1.10719955,1.20301223,2.74982214,1.82749844,1.45293236,1.29643011,1.29171872,1.30165792,1.11555505,1.76790512,1.62134743,1.42923641,1.51459455,1.64174414,1.7540164,2.34058237,2.85941601,2.7471416,2.85223722,3.16780853,3.99582434,3.39468098,2.91350007,..,..
Current health expenditure (% of GDP),SH.XPD.CHEX.GD.ZS,Eritrea,ERI,5.76670074,5.91931677,6.68857431,7.33703375,7.00984907,6.8641758,6.85727453,5.2786293,6.57807541,5.42343187,4.81866503,5.1622901,3.74245787,4.96765137,3.91432285,4.50776815,3.73838949,4.15359449,4.24748898,4.64806461,4.31046677,4.17839003,3.87447667,..,..
Current health expenditure (% of GDP),SH.XPD.CHEX.GD.ZS,Estonia,EST,5.17029095,4.78060246,4.70329475,5.13883257,5.33758926,5.29536009,4.97390509,5.18455648,5.95724869,6.84477043,6.59433842,6.0781703,6.09506845,6.28062296,6.36199951,6.64135027,6.70240974,6.59727049,6.6912818,6.81699181,7.57906437,7.47860336,6.98701143,..,..
Current health expenditure (% of GDP),SH.XPD.CHEX.GD.ZS,Eswatini,SWZ,4.60951757,5.13895369,5.52298307,6.37864399,6.81432486,7.37623358,7.82560062,7.93004131,8.85792923,8.63292217,8.5912571,8.46997261,7.82047606,7.45703411,7.25596571,7.05855274,6.82044792,6.98103714,7.31937742,8.40033817,7.07603502,7.38329172,7.2226615,..,..
Current health expenditure (% of GDP),SH.XPD.CHEX.GD.ZS,Ethiopia,ETH,4.36504698,4.72316694,4.7126298,4.89970922,4.31281853,4.10098124,4.45757294,5.00128317,4.28063869,4.6496563,5.46637249,4.46897745,4.5395956,4.07506514,4.03365517,3.82316828,3.60033751,3.45336914,3.30371761,3.24287128,3.48096275,3.2075386,2.85274577,..,..
Current health expenditure (% of GDP),SH.XPD.CHEX.GD.ZS,Faroe Islands,FRO,..,..,..,..,..,..,..,..,..,..,..,..,..,..,..,..,..,..,..,..,..,..,..,..,..
Current health expenditure (% of GDP),SH.XPD.CHEX.GD.ZS,Fiji,FJI,3.42441177,2.90547299,2.98349524,2.97298193,3.25768542,3.25656676,3.34798193,3.41514993,3.18467116,3.53587627,3.41664124,3.14293504,3.2655499,3.20040679,3.36860466,3.32468939,3.27979708,3.18689561,4.10572624,4.28229284,5.28987408,7.06084681,4.00910091,3.57928777,..
Current health expenditure (% of GDP),SH.XPD.CHEX.GD.ZS,Finland,FIN,7.09253168,7.25090456,7.62769508,7.9380517,8.05912876,8.28795624,8.2841177,8.08359432,8.34310627,9.16122341,9.14202785,9.22303009,9.5857954,9.80534649,9.78115082,9.64523888,9.37796021,9.12670135,9.04514217,9.17142677,9.63249588,9.83458328,9.6589222,..,..
Current health expenditure (% of GDP),SH.XPD.CHEX.GD.ZS,France,FRA,9.58447742,9.7056284,10.02218628,10.08283424,10.16429329,10.2148447,10.38566494,10.31564426,10.50084686,11.28756237,11.22560215,11.18497562,11.29740047,11.39591122,11.52531433,11.43985462,11.49048996,11.37063789,11.21033764,11.09938431,12.07226849,12.29229355,11.8819046,..,..
Current health expenditure (% of GDP),SH.XPD.CHEX.GD.ZS,French Polynesia,PYF,..,..,..,..,..,..,..,..,..,..,..,..,..,..,..,..,..,..,..,..,..,..,..,..,..
Current health expenditure (% of GDP),SH.XPD.CHEX.GD.ZS,Gabon,GAB,2.90124774,3.1483891,3.32413292,3.53187943,3.32979941,2.93180609,3.14270139,3.162256,2.78922606,3.83494425,2.47556901,2.55771565,2.42097569,2.84087205,2.53282261,2.65743947,3.1076982,2.78068876,2.75235105,2.7768569,3.41717625,2.69024062,2.85591531,..,..
Current health expenditure (% of GDP),SH.XPD.CHEX.GD.ZS,"Gambia, The",GMB,10.78532791,8.29925728,6.2326026,5.29709053,5.42000151,5.386024,5.43720818,4.95501947,4.65938759,4.46430635,4.11944056,4.36967373,4.26872253,3.91374874,3.05234575,3.1761291,3.19523716,3.35449266,3.23713565,3.14534926,3.72824264,3.19251013,3.41435836,..,..
Current health expenditure (% of GDP),SH.XPD.CHEX.GD.ZS,Georgia,GEO,7.194592,7.16950893,7.81474257,8.02952862,8.08910847,8.07734203,7.63208008,7.43517828,8.44424057,9.56681633,8.93945503,7.82405472,7.8538909,7.73560286,7.75487041,7.29130507,7.839849,6.95936155,6.99180031,6.59411573,8.34160137,8.3153286,7.25569582,..,..
Current health expenditure (% of GDP),SH.XPD.CHEX.GD.ZS,Germany,DEU,9.88843536,9.92069149,10.18365669,10.40202236,10.14603233,10.31153965,10.17995167,10.05132961,10.25128746,11.23791218,11.09592915,10.77844906,10.85345554,10.99905777,11.02588272,11.19027996,11.24166584,11.32552433,11.47314644,11.71595001,12.6902256,12.90171242,12.60513115,11.79903221,..
Current health expenditure (% of GDP),SH.XPD.CHEX.GD.ZS,Ghana,GHA,1.7894485,2.00262952,2.0873971,2.29618859,2.5311327,3.50288439,3.92255616,3.96242404,3.95173097,4.40091085,4.73425055,4.4685564,3.91583276,4.59225416,4.01644135,4.5429678,3.39035821,2.68786979,2.43001175,3.25450468,4.4331708,3.86030865,3.6993649,..,..
Current health expenditure (% of GDP),SH.XPD.CHEX.GD.ZS,Gibraltar,GIB,..,..,..,..,..,..,..,..,..,..,..,..,..,..,..,..,..,..,..,..,..,..,..,..,..
Current health expenditure (% of GDP),SH.XPD.CHEX.GD.ZS,Greece,GRC,7.24332571,7.9878397,8.23377991,8.44915581,8.0939045,8.56466961,8.25866985,8.39808273,8.82774162,9.40688515,9.59662342,9.19330311,8.92415524,8.43796444,7.8914113,8.22004509,8.44874573,8.13515854,8.12024307,8.1982832,9.5242157,9.18476486,8.49983692,..,..
Current health expenditure (% of GDP),SH.XPD.CHEX.GD.ZS,Greenland,GRL,..,..,..,..,..,..,..,..,..,..,..,..,..,..,..,..,..,..,..,..,..,..,..,..,..
Current health expenditure (% of GDP),SH.XPD.CHEX.GD.ZS,Grenada,GRD,5.35886383,5.62456989,6.17569733,5.28485727,5.36568451,5.14460278,5.11352158,5.23867893,5.386199,5.43471003,5.4188118,5.80423355,5.82235765,5.62652922,4.77353573,4.64675617,4.43910027,4.65701056,4.58373737,4.93189621,5.3228159,5.34433317,4.94846392,..,..
Current health expenditure (% of GDP),SH.XPD.CHEX.GD.ZS,Guam,GUM,..,..,..,..,..,..,..,..,..,..,..,..,..,..,..,..,..,..,..,..,..,..,..,..,..
Current health expenditure (% of GDP),SH.XPD.CHEX.GD.ZS,Guatemala,GTM,5.39686108,6.07023716,6.01301289,6.15306854,6.26182795,6.14826393,6.36362219,6.1918335,6.08129978,6.33938646,6.1247797,5.96306896,6.07316971,5.77188921,5.8885684,6.00602007,6.07008219,6.13563824,6.10662699,6.17443275,6.45951891,6.97680426,7.44098806,..,..
Current health expenditure (% of GDP),SH.XPD.CHEX.GD.ZS,Guinea,GIN,4.740973,4.88433027,5.35653734,4.77216482,4.77632809,4.03452682,3.61526895,3.48262477,3.26561713,3.58146644,3.42781734,3.78955102,3.50398517,3.46108651,4.787992,5.80919266,5.39694929,3.91512728,3.73843002,4.08876228,3.90094519,3.7175858,3.95847702,..,..
Current health expenditure (% of GDP),SH.XPD.CHEX.GD.ZS,Guinea-Bissau,GNB,4.18953228,4.53104782,3.96902514,3.53315258,4.27734661,4.5516243,5.0809288,5.03941393,5.45864058,4.73428679,5.26704073,6.21634817,5.94134808,7.03943443,9.96897411,8.13228226,8.32881451,7.00049543,7.28224373,7.17018223,9.0293932,8.16332626,8.11358356,..,..
Current health expenditure (% of GDP),SH.XPD.CHEX.GD.ZS,Guyana,GUY,3.18737936,3.05506778,3.19353795,3.26884198,3.43770432,3.79409742,3.93144464,4.28126192,4.20242214,4.35117149,4.21897697,4.17213488,3.7081871,3.80231309,3.94755435,4.02264786,4.01842117,4.3191123,4.90492535,4.90331507,5.4180727,4.92369986,3.00636959,..,..
Current health expenditure (% of GDP),SH.XPD.CHEX.GD.ZS,Haiti,HTI,3.99165702,3.7502923,3.43250132,3.53695321,3.42928433,3.30554652,3.48013902,3.64734101,3.75722051,3.50277376,4.54871035,5.91197777,5.56462336,4.10524035,4.52035809,5.07518148,4.80760574,3.8199389,4.31650305,3.91107917,3.22171092,3.44216156,3.20848918,..,..
Current health expenditure (% of GDP),SH.XPD.CHEX.GD.ZS,Honduras,HND,6.26817989,5.92998314,6.2445755,6.89004707,6.85484362,7.50086403,7.86318684,8.08494949,8.60362625,8.99592495,8.72536373,8.79187012,8.65655136,8.47723007,7.91455746,7.4837904,7.709445,7.00668859,7.22820663,7.28237152,9.03509808,9.16101742,8.28209972,..,..
Current health expenditure (% of GDP),SH.XPD.CHEX.GD.ZS,"Hong Kong SAR, China",HKG,..,..,..,..,..,..,..,..,..,..,..,..,..,..,..,..,..,..,..,..,..,..,..,..,..
Current health expenditure (% of GDP),SH.XPD.CHEX.GD.ZS,Hungary,HUN,6.77804327,6.82614756,7.1210165,8.1208477,7.75805521,7.98451281,7.77806187,7.20393276,7.08839607,7.22221708,7.44858313,7.48130894,7.41063309,7.23441315,7.04665947,6.85402203,6.9877739,6.74387121,6.57987547,6.28167295,7.28760386,7.38329268,6.68981791,6.3573041,..
Current health expenditure (% of GDP),SH.XPD.CHEX.GD.ZS,Iceland,ISL,8.89924335,8.75266171,9.40382481,9.72930241,9.32854366,8.94694996,8.55709076,8.3535862,8.34370804,8.77518463,8.36173058,8.25498867,8.23091221,8.22651291,8.29044247,8.13121986,8.15569115,8.3243084,8.43817616,8.63996315,9.67780685,9.78697014,9.28593922,8.99166012,..
Current health expenditure (% of GDP),SH.XPD.CHEX.GD.ZS,India,IND,4.10568476,4.33754253,4.31453371,4.07877731,4.02679491,3.85508275,3.66901541,3.58103991,3.58856082,3.54637694,3.33625913,3.24634218,3.32935286,3.74944186,3.61956549,3.59565973,3.50430417,2.93597651,2.8584938,2.95299792,3.34146094,3.34680939,3.3058846,..,..
Current health expenditure (% of GDP),SH.XPD.CHEX.GD.ZS,Indonesia,IDN,1.85297656,2.11850214,1.98062706,2.24837184,2.12002277,2.53189397,2.61946416,2.82385564,2.54842305,2.62324095,2.7908783,2.98942471,2.91427088,2.86934805,2.96433568,2.92428517,3.02147198,2.90417194,2.86757827,2.87862897,3.42067289,3.70634937,2.69394851,..,..
Current health expenditure (% of GDP),SH.XPD.CHEX.GD.ZS,"Iran, Islamic Rep.",IRN,4.72250843,5.16087341,4.65182209,4.95589161,5.12801409,5.29996157,5.15990877,4.91188192,5.03990459,6.11493444,6.29153061,6.09787989,6.12235117,5.54722023,6.35239553,7.53311825,7.99202633,7.83454609,7.73915195,6.27398872,5.40149546,5.77013779,5.34889174,..,..
Current health expenditure (% of GDP),SH.XPD.CHEX.GD.ZS,Iraq,IRQ,..,..,..,2.99693584,3.90128636,3.01704645,2.49370432,3.2148056,3.06604242,3.77203989,3.23955345,2.80316377,2.69365859,2.80868459,2.78786659,3.15587044,4.58949184,4.04064989,4.12989378,4.28182745,5.76473284,5.25095701,4.29332495,..,..
Current health expenditure (% of GDP),SH.XPD.CHEX.GD.ZS,Ireland,IRL,5.8990283,6.39249372,6.67263031,7.00761414,7.21972942,7.64242792,7.51646996,7.80773735,9.12564754,10.52275753,10.52404499,10.5987215,10.6218853,10.28716469,9.49471951,7.32119417,7.4818964,7.10795546,6.47943211,6.71554708,7.06342745,6.59614468,6.11978531,..,..
Current health expenditure (% of GDP),SH.XPD.CHEX.GD.ZS,Isle of Man,IMN,..,..,..,..,..,..,..,..,..,..,..,..,..,..,..,..,..,..,..,..,..,..,..,..,..
Current health expenditure (% of GDP),SH.XPD.CHEX.GD.ZS,Israel,ISR,6.61731339,7.01818132,6.92267561,6.85543919,6.80059671,6.90324974,6.70972347,6.69537067,6.82830238,6.91636944,6.88817596,6.83919144,6.97648525,6.95815229,7.04530668,7.02217817,7.09562969,7.17605686,7.22799444,7.17438793,7.70120192,7.67129993,7.34161806,..,..
Current health expenditure (% of GDP),SH.XPD.CHEX.GD.ZS,Italy,ITA,7.56665516,7.7376852,7.86693573,7.83297729,8.16549301,8.33931828,8.43673038,8.13616276,8.53282356,8.95162296,8.91602039,8.77407074,8.78352833,8.77543831,8.86791801,8.85689163,8.72533035,8.67773914,8.68187714,8.65633965,9.62485981,9.34389782,9.02753067,8.51808929,..
Current health expenditure (% of GDP),SH.XPD.CHEX.GD.ZS,Jamaica,JAM,5.64462519,5.15652943,4.74544334,4.22014141,4.80435276,4.54581785,4.20788145,5.32057667,5.61143064,5.14654493,5.2951932,5.23845339,4.88512897,4.95443439,5.16564465,5.62470436,5.70102215,6.14859295,5.96798849,6.09761,6.62580395,7.18521214,7.77706337,..,..
Current health expenditure (% of GDP),SH.XPD.CHEX.GD.ZS,Japan,JPN,7.03456163,7.23947906,7.35235405,7.48654842,7.53518438,7.65818596,7.68688869,7.77935696,8.08909321,8.9587822,9.0630064,10.48780155,10.67169094,10.67438698,10.7290144,10.74969959,10.65891552,10.65627098,10.73988247,10.96998405,11.20903683,11.18996906,11.42183685,..,..
Current health expenditure (% of GDP),SH.XPD.CHEX.GD.ZS,Jordan,JOR,9.34367943,9.57236385,9.2786417,8.78901005,8.74670506,8.49441624,7.67925692,7.90982628,8.48880577,9.22396946,8.17025661,8.14807701,7.81799555,7.16592407,7.20892906,7.4609561,6.97644138,7.10953665,6.98295021,7.07244635,7.11578226,7.20182657,6.82820034,..,..
Current health expenditure (% of GDP),SH.XPD.CHEX.GD.ZS,Kazakhstan,KAZ,4.16032362,3.47098351,3.61481094,3.72334599,3.98307943,3.90173173,3.39824891,2.70314884,3.02569818,3.47355556,2.73641348,2.60236716,3.03725958,2.66286707,2.97468472,3.04051137,3.42235589,3.05244446,2.8178606,2.78745699,3.75300956,3.92458963,3.74026752,..,..
Current health expenditure (% of GDP),SH.XPD.CHEX.GD.ZS,Kenya,KEN,3.62446713,3.73997474,3.82154393,4.03360462,4.21154118,4.2173605,5.01337528,5.12351847,5.19043827,5.29172945,5.38849831,5.20212841,5.0180583,4.93100405,4.91267347,4.76439571,4.75429106,3.98597503,4.09903383,4.36874676,4.49248838,4.56525421,4.32603645,..,..
Current health expenditure (% of GDP),SH.XPD.CHEX.GD.ZS,Kiribati,KIR,7.77379847,11.90547657,11.4402895,10.05060768,12.17176056,11.36301994,11.30852318,10.9454546,13.51428604,12.73888874,8.76666641,7.98947382,7.94999981,8.7081337,8.9549551,7.21568632,9.04265118,9.68424225,10.89694214,10.16600227,13.53000164,11.65399933,10.49855042,..,..
Current health expenditure (% of GDP),SH.XPD.CHEX.GD.ZS,"Korea, Dem. People's Rep.",PRK,..,..,..,..,..,..,..,..,..,..,..,..,..,..,..,..,..,..,..,..,..,..,..,..,..
Current health expenditure (% of GDP),SH.XPD.CHEX.GD.ZS,"Korea, Rep.",KOR,3.85544205,4.32142305,4.05226278,4.63368225,4.60466433,4.8394208,5.16117191,5.16154528,5.39977121,5.89820576,6.02606916,6.12371254,6.17752457,6.31104422,6.50225973,6.72447348,6.89293242,7.04771852,7.46262026,8.1267519,8.3554945,8.95732689,9.43414211,9.88014412,..
Current health expenditure (% of GDP),SH.XPD.CHEX.GD.ZS,Kosovo,XKX,..,..,..,..,..,..,..,..,..,..,..,..,..,..,..,..,..,..,..,..,..,..,..,..,..
Current health expenditure (% of GDP),SH.XPD.CHEX.GD.ZS,Kuwait,KWT,2.20362997,3.18719625,3.12441754,2.76042604,2.35702467,2.013309,1.8213098,1.92673647,1.92400301,2.70638776,2.67879915,2.33303547,2.33311439,2.48789287,2.9159987,4.21497965,4.73096323,4.65326786,5.18862629,5.2627306,6.23488235,5.50187826,4.26875782,..,..
Current health expenditure (% of GDP),SH.XPD.CHEX.GD.ZS,Kyrgyz Republic,KGZ,4.41414976,4.27703238,4.59219551,5.82382107,6.20281315,7.45010662,8.3118391,6.93210649,6.52511883,6.89873457,6.95027161,7.1072917,8.50966358,8.18745136,7.35766459,7.14930916,6.41248226,6.18586349,5.01030922,4.25461817,4.94803715,5.35275412,4.92258883,..,..
Current health expenditure (% of GDP),SH.XPD.CHEX.GD.ZS,Lao PDR,LAO,4.27513599,4.29031658,3.69751263,4.47920704,3.5405724,3.33673191,2.93200922,3.12986231,2.76727295,3.46300411,2.91154933,1.94457507,2.07637572,2.39984965,2.29845548,2.45366454,2.36087489,2.52606821,2.24630046,2.60312223,2.05965185,2.74392009,2.01825476,..,..
Current health expenditure (% of GDP),SH.XPD.CHEX.GD.ZS,Latvia,LVA,5.43338442,5.77004433,5.76281166,5.4793458,6.20221329,5.83247328,5.70438385,5.51350451,5.58478308,6.09759474,6.097435,5.72401047,5.41047668,5.40874767,5.46339607,5.65211773,6.1332593,5.96542788,6.18867874,6.63697243,7.28520584,9.10995388,7.62168407,..,..
Current health expenditure (% of GDP),SH.XPD.CHEX.GD.ZS,Lebanon,LBN,10.82951355,10.56254768,9.28233719,8.67109871,7.99923086,7.54867649,8.66057873,8.55984211,7.81751728,7.0073576,7.43864489,8.17744446,7.00420094,7.06742191,7.52181005,7.41596651,7.92386055,7.80396605,8.07092381,8.6936779,7.57650805,4.85634661,5.73500204,..,..
Current health expenditure (% of GDP),SH.XPD.CHEX.GD.ZS,Lesotho,LSO,5.15633392,6.59075689,5.86441517,5.33754826,5.24658537,4.67452669,5.40532398,7.22251844,7.66648197,8.9529829,7.64083624,9.07554626,10.04389477,10.99586868,9.99925232,9.29659843,9.24263859,10.57478237,11.1686039,21.96986771,10.45941448,10.81370068,12.65127754,..,..
Current health expenditure (% of GDP),SH.XPD.CHEX.GD.ZS,Liberia,LBR,2.87913179,2.27906823,2.28035998,2.66176748,6.33815622,7.14322186,6.06891537,4.32794046,5.99615717,11.57163906,10.35444641,9.71052551,8.15444565,7.08145809,8.76283932,10.4594965,9.88514519,10.44921875,10.78197193,8.38325977,12.90504265,13.8384428,13.47386169,..,..
Current health expenditure (% of GDP),SH.XPD.CHEX.GD.ZS,Libya,LBY,3.31908512,3.92571616,4.73818302,3.97301245,3.38328195,2.51707149,2.29996443,2.41929626,2.24441886,3.5828805,3.28064442,4.01902008,3.95612097,4.97548628,5.17777824,5.80638647,6.17178679,4.67685318,4.86648417,5.54773426,7.10674047,6.21384287,4.65005827,..,..
Current health expenditure (% of GDP),SH.XPD.CHEX.GD.ZS,Liechtenstein,LIE,..,..,..,..,..,..,..,..,..,..,..,..,..,..,..,..,..,..,..,..,..,..,..,..,..
Current health expenditure (% of GDP),SH.XPD.CHEX.GD.ZS,Lithuania,LTU,6.19950438,6.01339626,6.14446115,6.18627787,5.51149988,5.64800453,5.84418154,5.7643218,6.29453707,7.36587334,6.81462288,6.48781538,6.2759347,6.12593651,6.19332647,6.49043989,6.63746262,6.4444623,6.53038597,6.98445415,7.47439718,7.75970221,7.24335003,7.29381466,..
Current health expenditure (% of GDP),SH.XPD.CHEX.GD.ZS,Luxembourg,LUX,5.92533875,6.38193941,6.76099968,6.96221447,7.2793355,7.12328196,6.6364212,6.15803099,6.23101091,6.94993162,6.66263008,5.95225334,5.29404306,5.23557377,5.23040915,5.08113575,5.07103872,5.13535357,5.27988529,5.46495819,5.76488066,5.66065645,5.55154753,5.78284121,..
Current health expenditure (% of GDP),SH.XPD.CHEX.GD.ZS,"Macao SAR, China",MAC,..,..,..,..,..,..,..,..,..,..,..,..,..,..,..,..,..,..,..,..,..,..,..,..,..
Current health expenditure (% of GDP),SH.XPD.CHEX.GD.ZS,Madagascar,MDG,3.99177623,4.11513853,4.92547655,5.00276566,5.25090027,5.21557808,5.07203865,4.60865784,4.08111811,4.38469839,4.69762659,4.521595,3.91105914,3.75156307,4.46240282,5.0062542,5.33248854,4.80225945,4.22160387,3.10129309,3.72316122,3.5045228,3.25023246,..,..
Current health expenditure (% of GDP),SH.XPD.CHEX.GD.ZS,Malawi,MWI,2.35247517,2.06040049,2.69725966,3.32019806,4.07199907,4.30046511,4.91223288,5.44258356,6.10668802,5.87333822,5.14304781,5.32226658,6.02199793,8.22379494,6.89776182,6.62879086,7.72703791,7.58438921,6.88249922,6.37021732,7.17979383,7.62815809,6.50023508,..,..
Current health expenditure (% of GDP),SH.XPD.CHEX.GD.ZS,Malaysia,MYS,2.51463366,2.6753974,2.66876554,2.92417073,2.86016941,2.78692698,3.10897732,3.07041144,3.00692558,3.2610569,3.16474271,3.31451917,3.45786357,3.51276922,3.71036959,3.82201481,3.70085335,3.71472311,3.75944281,3.83991051,4.08254337,4.37382412,3.90591931,..,..
Current health expenditure (% of GDP),SH.XPD.CHEX.GD.ZS,Maldives,MDV,7.73655844,8.21364975,8.78440189,6.77857542,7.48356962,8.82753372,8.04819012,8.30568123,11.47104168,10.0928812,8.48758984,7.92251587,8.67304802,8.15509319,7.91345072,8.72545815,10.30544567,9.26917839,7.43627834,7.65845585,11.3365984,10.09611702,9.65276241,..,..
Current health expenditure (% of GDP),SH.XPD.CHEX.GD.ZS,Mali,MLI,5.46631575,4.51950884,4.99773645,5.0505991,5.21767759,5.19516516,5.45589256,5.25303173,5.02686644,5.2122364,4.67865133,4.01483774,3.7521615,3.96750712,4.48158312,4.11143351,3.77377558,3.67425752,3.73249912,3.82943797,3.47597885,3.46649742,3.67284775,..,..
Current health expenditure (% of GDP),SH.XPD.CHEX.GD.ZS,Malta,MLT,6.57308626,6.99985981,7.70661688,7.89556122,8.04820728,8.66396618,8.80992031,8.16883373,7.86335802,7.92382908,7.95211124,8.4481411,8.37802982,8.49665833,9.08505249,8.89759636,8.96600914,8.73092651,8.5073843,9.07641315,10.60137844,10.36362457,9.52376747,..,..
Current health expenditure (% of GDP),SH.XPD.CHEX.GD.ZS,Marshall Islands,MHL,13.52467632,11.28137302,12.06634617,13.3324337,14.15128136,18.45293236,22.29854774,16.82522392,19.1096344,18.7292881,17.84438324,11.35905361,11.7263298,12.13685322,12.11000061,14.86287594,14.70093918,12.08143997,14.5333004,15.0545578,12.17444134,12.54099083,11.73604298,..,..
Current health expenditure (% of GDP),SH.XPD.CHEX.GD.ZS,Mauritania,MRT,3.37824655,3.5718379,4.00224972,4.03254652,3.70429492,3.40312648,2.70252752,2.87644005,3.01338983,3.11034036,2.63618922,2.47383666,2.64919329,2.86799884,3.46724391,3.67363763,3.18699503,3.41947556,2.88362551,3.09176588,3.00147843,3.78022528,4.48389912,..,..
Current health expenditure (% of GDP),SH.XPD.CHEX.GD.ZS,Mauritius,MUS,2.85734653,2.92151856,3.18897271,3.18201613,3.31652546,3.51794028,3.60573649,3.52321672,3.93896508,4.17035627,4.51898289,4.25059652,4.21993399,4.620821,5.38024664,5.55042362,5.54289532,5.59857273,5.60310221,5.69508171,6.09606028,6.6160841,5.82381678,..,..
Current health expenditure (% of GDP),SH.XPD.CHEX.GD.ZS,Mexico,MEX,4.24436522,4.58201361,4.83042812,5.53978777,5.6835022,5.58110142,5.40647888,5.50668049,5.44587374,5.84786463,5.4897337,5.30093002,5.42140484,5.5773263,5.35336781,5.52738619,5.38499022,5.3117938,5.23821402,5.29685831,6.0537405,5.89244318,5.72145176,..,..
Current health expenditure (% of GDP),SH.XPD.CHEX.GD.ZS,"Micronesia, Fed. Sts.",FSM,7.86639547,8.63168144,8.02993011,9.73036766,12.23100758,18.02140999,17.96380424,17.86091805,18.93288994,19.33613586,21.48778725,13.31436253,12.42913532,12.25674343,11.9102993,12.70485306,13.4160471,12.46886253,11.96551991,11.89308453,12.01537514,11.41321754,10.34470272,..,..
Current health expenditure (% of GDP),SH.XPD.CHEX.GD.ZS,Moldova,MDA,5.92687273,6.23449755,7.40437651,7.02227592,8.97114944,9.55814838,10.54445267,11.02066803,10.94920063,13.6766243,10.13112831,9.09670353,9.13962078,8.68300343,8.63275623,8.55763531,7.53552246,7.1278038,6.70760345,6.49662447,7.00484037,7.7490406,6.96505404,..,..
Current health expenditure (% of GDP),SH.XPD.CHEX.GD.ZS,Monaco,MCO,3.69517851,3.75390792,3.80860424,4.43205786,4.52466917,4.50320387,4.29524565,3.81156135,4.08357811,4.84195948,4.95791674,4.63501215,4.7558527,4.57341814,4.44085073,4.31544638,4.12467051,4.15852451,4.04578018,3.87726593,4.27929592,3.67252064,3.39779735,..,..
Current health expenditure (% of GDP),SH.XPD.CHEX.GD.ZS,Mongolia,MNG,6.07605076,5.4423995,5.49190998,4.29768944,4.30204487,3.86456275,3.74971509,4.07522774,4.55693007,4.45980072,3.73945642,3.58612084,3.85800076,4.08932018,4.20989752,4.23154545,4.58008575,4.33954191,4.53449297,4.49497986,4.6662488,7.21042728,8.85170174,..,..
Current health expenditure (% of GDP),SH.XPD.CHEX.GD.ZS,Montenegro,MNE,..,..,..,..,..,..,..,..,..,..,..,7.96692181,8.29550457,8.47144604,8.00086784,9.02188778,8.63302994,7.98255396,8.34355545,8.32983208,11.42177582,10.55253506,10.92241859,..,..
Current health expenditure (% of GDP),SH.XPD.CHEX.GD.ZS,Morocco,MAR,3.69304585,3.81601191,4.06117535,4.08037519,4.23211098,4.37350655,4.56586647,4.80759001,4.83789158,5.27312183,5.41861057,5.37019396,5.39619017,5.25540543,5.41626596,5.10435581,5.09203386,4.98920393,4.94516659,4.9953146,5.59079361,5.522717,5.68049145,..,..
Current health expenditure (% of GDP),SH.XPD.CHEX.GD.ZS,Mozambique,MOZ,2.14253044,2.80098224,3.18652654,3.25095367,3.53062654,4.21435642,3.94559026,3.79955554,4.13496828,5.05562353,5.29249668,4.9217639,5.14035702,6.04556036,6.24013042,6.60972881,7.21501875,7.80532169,7.97903347,7.90207434,7.54172373,8.86981869,8.77717781,..,..
Current health expenditure (% of GDP),SH.XPD.CHEX.GD.ZS,Myanmar,MMR,2.12591195,2.28925514,2.74706364,2.53689265,2.46972823,2.48261595,2.39884496,2.15582204,2.24654627,2.30063438,2.08368421,2.06551504,2.5793314,3.29410386,4.39346027,5.47780561,5.11349964,5.08065701,4.89992189,4.07903337,4.38807583,5.83599281,5.20476246,..,..
Current health expenditure (% of GDP),SH.XPD.CHEX.GD.ZS,Namibia,NAM,9.23999977,9.64409447,9.68074989,9.91340542,10.12623405,10.08441544,10.57086945,10.71633053,9.91801167,9.04967022,9.72781372,9.83193302,9.26659298,9.06448746,8.4089098,9.98109627,9.3223238,8.72573948,8.28609943,8.39904404,8.88723373,9.33766365,9.29635525,..,..
Current health expenditure (% of GDP),SH.XPD.CHEX.GD.ZS,Nauru,NRU,18.96671295,16.22330093,13.80812454,9.97444248,6.87889576,10.82081795,12.41761494,24.23069,23.00409317,12.31576252,12.69640064,9.97123718,8.84148979,9.85010338,8.3867569,14.00561714,10.99060154,11.4886446,11.10239792,11.56155682,11.55650234,12.00061035,18.17031097,..,..
Current health expenditure (% of GDP),SH.XPD.CHEX.GD.ZS,Nepal,NPL,3.13292074,3.81229901,3.93863344,3.8560729,4.04629898,3.95095325,3.54402447,3.67297482,3.81756353,3.90179515,4.36131525,4.45220184,4.49078751,4.63012981,5.07549381,5.46615553,5.42378998,4.72170973,4.52808428,4.44524717,5.2080965,5.32333136,6.65589333,..,..
Current health expenditure (% of GDP),SH.XPD.CHEX.GD.ZS,Netherlands,NLD,7.7069602,8.05945873,8.64913177,9.05657101,9.1107645,9.09666824,9.08055115,9.05292606,9.27660465,9.9929266,10.15508747,10.23357868,10.53898716,10.58363628,10.56703758,10.32393837,10.05679512,10.1082983,10.01993561,10.14039612,11.22355747,11.12490749,10.10068321,..,..
Current health expenditure (% of GDP),SH.XPD.CHEX.GD.ZS,New Caledonia,NCL,..,..,..,..,..,..,..,..,..,..,..,..,..,..,..,..,..,..,..,..,..,..,..,..,..
Current health expenditure (% of GDP),SH.XPD.CHEX.GD.ZS,New Zealand,NZL,7.4700222,7.5789361,7.90045929,7.72169256,7.90090561,8.27334881,8.63841629,8.32904434,9.12382889,9.62076378,9.59277534,9.51987362,9.65163612,9.36019325,9.40168381,9.28344345,9.24379444,8.9698782,9.03810501,9.50996971,10.05994129,10.0194025,10.02858067,..,..
Current health expenditure (% of GDP),SH.XPD.CHEX.GD.ZS,Nicaragua,NIC,5.23883677,5.48459768,5.73315859,6.08317614,6.05740356,6.22468948,6.35756445,6.95643044,7.16700697,7.68584394,7.71019173,7.44982004,7.48836899,7.63869238,7.97716141,7.96303272,8.04877567,8.32754421,8.4993515,8.50037098,8.58996105,9.59249973,8.95364857,..,..
Current health expenditure (% of GDP),SH.XPD.CHEX.GD.ZS,Niger,NER,4.69005966,4.75815105,4.85896921,4.77953815,5.01118755,5.67637587,5.80890512,5.38838625,5.22304106,5.33017302,5.02160501,4.87323856,4.30732679,4.46636009,4.45377159,5.34745932,4.53239059,5.57609606,5.30310822,5.66642094,6.17007589,5.81452751,4.35259724,..,..
Current health expenditure (% of GDP),SH.XPD.CHEX.GD.ZS,Nigeria,NGA,3.1973834,3.18946862,2.49063969,5.05360985,4.63368416,4.46591949,4.25775146,3.90997243,3.69581532,3.5801971,3.29653287,3.32077932,3.35984254,3.4206934,3.34840417,3.58194995,3.64773679,3.74762511,3.09069347,2.98547053,3.38063431,4.07625723,4.27090406,..,..
Current health expenditure (% of GDP),SH.XPD.CHEX.GD.ZS,North Macedonia,MKD,8.86991501,8.3815918,8.97826958,9.00857735,8.46505451,7.67907524,7.38314581,6.57065344,6.55317593,6.52846384,6.71369696,6.51887369,6.61468363,6.71928358,6.28993368,6.34227896,6.37943363,6.43909454,6.45699358,7.06654119,7.73212385,8.5240345,7.6204114,..,..
Current health expenditure (% of GDP),SH.XPD.CHEX.GD.ZS,Northern Mariana Islands,MNP,..,..,..,..,..,..,..,..,..,..,..,..,..,..,..,..,..,..,..,..,..,..,..,..,..
Current health expenditure (% of GDP),SH.XPD.CHEX.GD.ZS,Norway,NOR,7.70270586,8.00972462,8.98267078,9.19355106,8.79598331,8.29899502,7.8822999,8.01673985,7.91507673,9.03254128,8.8581152,8.73474026,8.72188568,8.87431335,9.28297901,10.06992245,10.53049755,10.22983646,9.96037865,10.43807507,11.42416382,9.8142643,7.94803333,..,..
Current health expenditure (% of GDP),SH.XPD.CHEX.GD.ZS,Oman,OMN,2.68485427,2.70073724,2.77737164,2.77524447,2.59660101,2.26479053,2.01985121,2.11371112,1.75567567,2.4694581,2.47588587,2.23611403,2.27702832,2.5054009,3.13740134,4.07826233,4.17580843,3.95418668,3.21469474,3.80648994,5.11922884,4.37028217,2.9162159,..,..
Current health expenditure (% of GDP),SH.XPD.CHEX.GD.ZS,Pakistan,PAK,2.48079324,2.33959723,2.42219901,2.10399199,2.03666282,2.37323904,2.73132491,2.62370729,2.56806731,2.49995875,2.42967653,2.23121333,2.22185278,2.4164784,2.48899078,2.49493265,2.57026362,2.7863009,2.82844949,2.84736943,2.95273018,2.99015832,2.90434051,..,..
Current health expenditure (% of GDP),SH.XPD.CHEX.GD.ZS,Palau,PLW,8.63728905,7.79659462,7.28691149,8.095788,9.13479805,8.63174248,8.73999214,8.83709908,8.41378212,9.63057423,10.93099976,9.9432106,10.24609089,10.92691708,10.66757393,9.76325321,10.01226997,10.90419006,11.06327057,12.14718533,13.33730412,14.62713623,14.28555965,..,..
Current health expenditure (% of GDP),SH.XPD.CHEX.GD.ZS,Panama,PAN,6.98486614,6.91849852,7.05643845,6.71176672,7.08192825,6.20666599,6.54604864,7.35227633,6.80452538,6.9857955,7.22332573,6.83196259,6.50450659,6.52210426,6.91532087,6.93698502,7.09378099,7.16492653,7.60132933,8.13541794,10.21630001,9.13571072,8.46561432,..,..
Current health expenditure (% of GDP),SH.XPD.CHEX.GD.ZS,Papua New Guinea,PNG,2.0184176,2.3006382,2.77562952,2.4531486,2.59372902,2.44874048,2.42600322,2.42102122,2.13526058,2.32937527,2.10756016,2.29397798,2.66693544,2.99727893,3.27119064,1.81881714,2.33063054,2.22970986,2.30051899,2.3253386,2.30193973,2.33994722,2.61825109,..,..
Current health expenditure (% of GDP),SH.XPD.CHEX.GD.ZS,Paraguay,PRY,6.01865244,5.60815811,4.75770569,4.90703917,4.93224335,4.82934713,5.01927567,5.02042723,5.03776026,5.52496862,5.46593952,5.82225847,6.53144598,6.0642848,6.62719059,6.69165802,6.67556572,6.60902548,6.74497652,7.16081905,7.67533064,8.03277016,7.73804235,..,..
Current health expenditure (% of GDP),SH.XPD.CHEX.GD.ZS,Peru,PER,4.41482639,4.72161007,4.93902588,4.58703804,4.42972279,4.66598511,4.409585,4.42611313,4.53154564,4.96264839,4.71338701,4.53380108,4.7344017,4.72346115,4.93103409,4.92147398,4.91142178,4.82783127,5.09981441,5.1381588,6.36273861,6.67921352,6.0930872,..,..
Current health expenditure (% of GDP),SH.XPD.CHEX.GD.ZS,Philippines,PHL,3.05512357,2.84775972,2.63767385,3.07663488,3.0468533,3.74253035,3.77762938,3.75318074,3.86315918,4.16451931,4.13107872,4.02518559,4.17709208,4.27408695,3.70313668,3.8982749,3.95484328,3.96042776,3.9538188,4.16646004,5.16214037,5.97500563,5.15676308,5.10629606,..
Current health expenditure (% of GDP),SH.XPD.CHEX.GD.ZS,Poland,POL,5.28789568,5.66721439,6.06724358,5.95371294,5.86845207,5.80689144,5.80280542,5.87339211,6.37592173,6.587708,6.46800566,6.28671598,6.2652421,6.48017406,6.42679548,6.40416241,6.59210491,6.58342791,6.3129096,6.46008492,6.49677992,6.43857718,6.39626455,7.00451565,..
Current health expenditure (% of GDP),SH.XPD.CHEX.GD.ZS,Portugal,PRT,8.60104179,8.62751579,8.78642941,9.12415695,9.5325079,9.65306759,9.35422611,9.25186634,9.58307838,10.13070393,10.03250504,9.73071671,9.65393257,9.40486622,9.3428812,9.31645775,9.39439487,9.30583763,9.4126482,9.51379871,10.54770088,11.1236763,10.46883011,10.00331116,..
Current health expenditure (% of GDP),SH.XPD.CHEX.GD.ZS,Puerto Rico (US),PRI,..,..,..,..,..,..,..,..,..,..,..,..,..,..,..,..,..,..,..,..,..,..,..,..,..
Current health expenditure (% of GDP),SH.XPD.CHEX.GD.ZS,Qatar,QAT,1.97258496,2.3197093,2.46044064,3.50257182,3.18311739,2.56300044,2.288064,2.07008052,1.63775349,2.38356304,1.87017763,1.599962,1.74822152,2.07620168,2.42293572,3.63581347,3.54971433,3.21237087,2.96176219,3.18468714,3.81872201,2.8927927,2.18112326,..,..
Current health expenditure (% of GDP),SH.XPD.CHEX.GD.ZS,Romania,ROU,4.20876169,4.37598133,4.57694626,5.37136793,5.47733593,5.52778196,5.07106066,5.02223349,5.02274227,5.2784133,5.63998747,4.47528124,4.50899887,5.22432709,5.02789736,4.94295502,5.08021355,5.1887908,5.51800871,5.7142148,6.22618055,6.46980715,5.7490139,..,..
Current health expenditure (% of GDP),SH.XPD.CHEX.GD.ZS,Russian Federation,RUS,5.01989794,5.24284792,5.52166557,5.16368914,4.7603755,4.77177477,4.76654387,4.74792528,4.90364122,5.64392471,4.97111797,4.79491472,4.93637609,5.08104897,5.18209648,5.29604387,5.28970242,5.35889816,5.35520792,5.64849091,8.04076004,6.97584295,6.91986275,..,..
Current health expenditure (% of GDP),SH.XPD.CHEX.GD.ZS,Rwanda,RWA,3.57583427,3.31599975,3.12787294,6.92888737,7.50856972,7.72468948,7.60937929,7.86268663,7.55979156,7.79958725,8.08192921,7.93241739,8.10223293,6.77398062,6.98471594,6.65067434,6.96089125,6.3665309,6.65483093,6.26708555,7.48696899,7.30378389,7.8792119,..,..
Current health expenditure (% of GDP),SH.XPD.CHEX.GD.ZS,Samoa,WSM,4.28232527,3.81804991,4.49205494,4.17237139,4.52578545,4.63365459,4.88451385,4.7446332,4.53258085,5.12732029,5.15268326,5.38357162,4.9883461,6.21823883,6.2579422,6.21438408,5.63950825,5.16346788,4.7755332,5.64748573,6.18667269,6.81255674,6.3012085,..,..
Current health expenditure (% of GDP),SH.XPD.CHEX.GD.ZS,San Marino,SMR,5.7876792,5.64127541,5.39155769,4.77200127,4.86479282,4.88683653,4.91361904,5.09587288,5.41110897,6.18409586,6.20853519,8.0707283,8.98883724,8.23800278,8.30091763,8.43315315,8.4219532,8.25972271,8.2778492,8.14801598,8.48147392,7.51272249,7.40650225,..,..
Current health expenditure (% of GDP),SH.XPD.CHEX.GD.ZS,Sao Tome and Principe,STP,9.31892776,9.64001942,9.49860477,11.46527386,10.7211771,10.35199738,7.10559654,7.00608587,5.97009039,5.75177002,5.80827904,5.65160036,7.07299662,8.94060898,7.91452122,6.53226852,7.60211611,7.46631384,5.91960287,5.48078823,7.32044411,7.85889721,7.46419811,..,..
Current health expenditure (% of GDP),SH.XPD.CHEX.GD.ZS,Saudi Arabia,SAU,4.21160603,4.4617486,4.24939442,3.97910738,3.58402061,3.41868114,3.61922765,3.56229854,2.97101164,4.29043579,3.64786696,3.68218112,3.98779416,4.42293453,5.15801096,5.86202717,6.24142838,6.03126049,5.34062767,5.46743679,6.64630127,5.93034029,4.62462378,..,..
Current health expenditure (% of GDP),SH.XPD.CHEX.GD.ZS,Senegal,SEN,3.55015373,3.68148756,3.95294404,4.29703569,4.56856203,3.67466521,3.76337624,3.41496587,3.50687575,3.841573,4.02764368,4.21416712,4.26688004,4.38573599,4.38962269,4.37789631,4.25606871,4.16359377,4.43182087,4.49531031,5.15119171,4.44256258,4.06358385,..,..
Current health expenditure (% of GDP),SH.XPD.CHEX.GD.ZS,Serbia,SRB,6.18357754,6.49677134,7.59296274,7.66696072,7.84200048,8.28380585,8.49390411,9.37648869,9.48246479,9.34623528,9.5273037,9.11380386,9.32820415,9.31232452,9.2459898,8.8132,8.45890999,8.22039318,8.53168106,8.66552734,8.70042229,10.00950623,9.65742779,..,..
Current health expenditure (% of GDP),SH.XPD.CHEX.GD.ZS,Seychelles,SYC,4.61071777,5.30532885,4.70596743,5.50939226,5.3775382,5.21991158,5.16842318,4.50416517,4.58248377,4.43326807,5.35168219,5.33887625,6.26212692,4.97011757,4.76223993,4.30914021,4.71349716,4.47661018,4.56915951,4.35729456,6.03121805,5.20266438,4.2375164,..,..
Current health expenditure (% of GDP),SH.XPD.CHEX.GD.ZS,Sierra Leone,SLE,8.48961735,8.36564541,9.40313911,8.4533062,8.67061424,9.04395866,9.02353287,8.52283859,8.81158161,9.68422222,9.12688351,10.76753807,8.94355106,11.59017754,19.69004631,19.65816307,15.78850651,9.3997612,8.28987598,9.12992668,9.32588673,8.55334377,7.94752312,..,..
Current health expenditure (% of GDP),SH.XPD.CHEX.GD.ZS,Singapore,SGP,3.343364,3.16302657,3.358464,3.60699272,3.15019798,3.03367925,2.9347465,2.83749056,3.19488454,3.39370513,3.1982615,3.1539185,3.32392788,3.68225336,3.87132597,4.18061399,4.35019255,4.31881618,4.01883841,4.35299158,5.61608791,5.16690779,4.89702511,..,..
Current health expenditure (% of GDP),SH.XPD.CHEX.GD.ZS,Sint Maarten (Dutch part),SXM,..,..,..,..,..,..,..,..,..,..,..,..,..,..,..,..,..,..,..,..,..,..,..,..,..
Current health expenditure (% of GDP),SH.XPD.CHEX.GD.ZS,Slovak Republic,SVK,5.30256939,5.3315053,5.50947618,5.44849873,6.37190437,6.58870029,6.85076714,7.17735338,6.9563446,7.94779444,7.66638851,7.29859495,7.53581381,7.49518156,6.88411617,6.76215172,7.09177732,6.75699091,6.66639853,6.91964769,7.12650204,7.75624657,7.73064041,..,..
Current health expenditure (% of GDP),SH.XPD.CHEX.GD.ZS,Slovenia,SVN,7.80406952,7.87602425,8.02119827,8.09883499,7.93957281,7.99595737,7.82322693,7.51139164,7.85466576,8.54080105,8.56503296,8.53639603,8.71509933,8.74028301,8.50197601,8.49823952,8.47801018,8.18480873,8.27693176,8.49057198,9.42807865,9.48055363,9.60507679,9.41330814,..
Current health expenditure (% of GDP),SH.XPD.CHEX.GD.ZS,Solomon Islands,SLB,4.82778931,6.60712814,10.10627556,7.07724714,7.72556639,9.01794529,8.00802231,7.18583059,5.50856638,6.60898542,4.66450787,5.0260191,4.87760258,4.58157206,4.89056253,4.44853306,4.52952909,4.16556406,3.86440825,4.43728065,4.89478445,4.94758463,4.82369328,..,..
Current health expenditure (% of GDP),SH.XPD.CHEX.GD.ZS,Somalia,SOM,..,..,..,..,..,..,..,..,..,..,..,..,..,2.81839299,2.71561337,2.84291959,2.27533841,2.4336102,2.37169838,2.19059515,2.24750042,2.56882048,2.62183189,..,..
Current health expenditure (% of GDP),SH.XPD.CHEX.GD.ZS,South Africa,ZAF,7.3366189,7.12327909,6.67774487,7.04098177,6.938416,6.86216164,6.87650871,6.90510845,7.14832258,7.64941454,7.79358244,7.94434404,8.00428867,8.10322285,7.87136555,8.05304241,8.07959366,7.97711229,8.08196545,8.24652576,9.01329231,8.67432785,8.77086639,..,..
Current health expenditure (% of GDP),SH.XPD.CHEX.GD.ZS,South Sudan,SSD,..,..,..,..,..,..,..,..,..,..,..,..,..,..,..,..,..,15.957304,10.05650043,9.03741074,9.31798267,6.25598812,6.76125622,..,..
Current health expenditure (% of GDP),SH.XPD.CHEX.GD.ZS,Spain,ESP,6.7992177,6.76895761,6.80052757,7.56327105,7.65047979,7.73974037,7.82905912,7.91865778,8.38225937,9.10764027,9.1189127,9.1679697,9.15596581,9.06588078,9.08675957,9.12383366,8.94896126,8.94652462,8.9985857,9.1348772,10.73210335,10.30862141,9.73828793,..,..
Current health expenditure (% of GDP),SH.XPD.CHEX.GD.ZS,Sri Lanka,LKA,4.10818672,4.05662823,4.03715754,3.64646697,4.03912592,3.87908745,3.85019565,3.82258177,3.85482955,4.05676842,3.7414515,3.5819521,3.30659294,3.69365358,3.46786141,3.6826396,3.61788416,3.33093429,3.6418879,3.89904952,4.06134748,4.02830219,4.36269855,..,..
Current health expenditure (% of GDP),SH.XPD.CHEX.GD.ZS,St. Kitts and Nevis,KNA,4.79933786,4.39693737,4.45210552,4.75159693,4.49067402,4.72803831,4.98203421,4.79733467,5.30566025,5.28673744,5.2136941,5.1628871,5.01447868,5.04856586,4.75037622,5.12590599,5.42923307,5.27126026,4.89536953,5.19051361,5.66188908,6.17941952,5.56801701,..,..
Current health expenditure (% of GDP),SH.XPD.CHEX.GD.ZS,St. Lucia,LCA,4.86549902,5.12139463,5.38887024,5.24069643,4.76760817,4.86039829,5.1270175,5.54166603,5.09061956,5.24410772,5.12090254,5.0787816,4.9241581,5.05080271,4.62322617,4.51419878,4.44097996,4.36800241,4.17934036,4.17375898,6.75983715,5.67880821,5.01938295,..,..
Current health expenditure (% of GDP),SH.XPD.CHEX.GD.ZS,St. Martin (French part),MAF,..,..,..,..,..,..,..,..,..,..,..,..,..,..,..,..,..,..,..,..,..,..,..,..,..
Current health expenditure (% of GDP),SH.XPD.CHEX.GD.ZS,St. Vincent and the Grenadines,VCT,3.97939277,4.00093412,4.07769632,3.95764542,3.8658421,3.83165979,3.65356708,3.81816602,3.88194203,4.09299564,4.30325222,4.23108053,4.45042276,4.24191046,4.17631912,4.11412001,4.09573793,4.22985649,4.25346231,4.25543451,4.8395834,5.36252117,4.68767738,..,..
Current health expenditure (% of GDP),SH.XPD.CHEX.GD.ZS,Sudan,SDN,3.60664487,3.36456871,3.30010891,3.89187932,4.15593481,4.09418154,4.88544321,5.66269159,5.42313576,6.39496326,5.05810165,5.61579561,5.68827009,6.96487474,5.67619705,5.81112576,5.68438482,5.91767406,4.46358299,4.57118368,3.00965381,2.83127832,4.61874437,..,..
Current health expenditure (% of GDP),SH.XPD.CHEX.GD.ZS,Suriname,SUR,5.87092161,3.82474971,5.32991552,4.88878393,5.4608078,5.2439642,5.85598755,5.22148609,4.74699593,4.97810316,4.6978569,4.40932178,4.28435707,4.48738098,4.52127838,5.80808163,5.99283743,5.32285929,6.68946934,8.52921391,6.67584229,5.46009398,5.91760969,..,..
Current health expenditure (% of GDP),SH.XPD.CHEX.GD.ZS,Sweden,SWE,7.32689953,7.90032959,8.21006203,8.31724644,8.1296196,8.1508379,8.05226612,7.99607754,8.20824242,8.77037907,8.31963825,10.41646671,10.7351532,10.90491486,10.9479475,10.80418396,10.85240364,10.78509998,10.94106293,10.83224297,11.33296967,11.10180569,10.49857044,10.88682365,..
Current health expenditure (% of GDP),SH.XPD.CHEX.GD.ZS,Switzerland,CHE,9.13442421,9.46040058,9.88000107,10.13696766,10.22576523,10.05823421,9.5802002,9.41693783,9.53167725,10.1415062,10.00535202,10.11940575,10.34784985,10.61460495,10.69967365,11.00444603,11.2294054,11.41294861,11.19891071,11.42588997,12.00404072,12.00465584,11.70653343,..,..
Current health expenditure (% of GDP),SH.XPD.CHEX.GD.ZS,Syrian Arab Republic,SYR,4.55400705,4.6971879,4.94717073,5.11781693,4.47935343,4.10970068,3.77771473,3.72242856,3.39762759,3.5464704,3.22704148,2.52865362,3.0471952,3.55862904,4.01812267,3.47905326,3.73849273,3.81525493,3.86612964,3.94000149,3.71555972,4.70613527,4.15098715,..,..
Current health expenditure (% of GDP),SH.XPD.CHEX.GD.ZS,Tajikistan,TJK,4.26492405,4.57802534,4.43647242,4.70218658,4.79911184,5.21024704,5.03254795,5.54050112,5.91206694,5.85579777,5.73543453,5.85971785,5.98185873,6.53226423,6.6654973,6.90735912,6.96349716,6.85399008,7.01381588,6.9476676,8.8903532,8.37504482,7.62917423,..,..
Current health expenditure (% of GDP),SH.XPD.CHEX.GD.ZS,Tanzania,TZA,3.41529942,4.23551702,4.68907642,5.34231472,5.7373414,6.32282543,7.598279,6.88427973,5.55704737,5.06306362,5.22392178,5.0559845,5.01779366,4.64643383,4.01492071,3.64969945,3.96350336,4.07779312,4.32878637,4.02387333,3.05195832,3.47258258,3.1119566,..,..
Current health expenditure (% of GDP),SH.XPD.CHEX.GD.ZS,Thailand,THA,3.10125351,3.02623773,3.334723,3.24312782,3.13893151,3.15972233,3.09970832,3.19277525,3.45933938,3.61939645,3.39009809,3.56825495,3.5229404,3.45313334,3.68448091,3.8522861,3.93900609,3.85276842,3.87040329,3.78911877,4.35724688,5.15337038,5.35470581,..,..
Current health expenditure (% of GDP),SH.XPD.CHEX.GD.ZS,Timor-Leste,TLS,..,..,..,2.84187031,4.26103544,5.28044748,6.00192022,5.64793253,6.96563959,7.30931807,6.47058821,6.86541462,6.99215221,8.5323782,7.60483742,7.67216587,6.89625168,6.75752544,6.36952639,6.02679253,9.93865013,11.43105984,14.32454681,..,..
Current health expenditure (% of GDP),SH.XPD.CHEX.GD.ZS,Togo,TGO,2.7167244,2.8067522,2.82402873,2.86098099,3.00704718,3.22045183,3.36328101,3.67734432,3.74071932,3.92726755,4.33284378,4.38927078,4.64366484,4.78670263,4.90473413,6.21763563,6.55580902,6.50210476,6.16073656,5.91268635,6.18928432,5.6165967,6.04134083,..,..
Current health expenditure (% of GDP),SH.XPD.CHEX.GD.ZS,Tonga,TON,2.90389204,3.42501593,3.58957744,3.43583083,4.50741625,4.38560247,5.47225046,4.73330021,6.05759716,3.97380877,4.81632328,4.73990822,7.3327713,4.10561848,5.11481524,4.66762066,5.08616114,5.49119568,5.98711967,5.42394543,5.56259537,7.63286686,8.13607597,..,..
Current health expenditure (% of GDP),SH.XPD.CHEX.GD.ZS,Trinidad and Tobago,TTO,4.23492479,4.0346489,4.72302485,4.18767118,4.30805206,4.43451166,4.15431976,4.1536026,3.6575706,5.48676443,5.08042908,4.72197914,4.59683371,4.77727127,4.83714819,5.61370945,6.44781113,6.51309872,6.46674252,6.85251093,7.48661852,7.12624598,6.43106365,..,..
Current health expenditure (% of GDP),SH.XPD.CHEX.GD.ZS,Tunisia,TUN,4.81271935,4.86132765,5.12036419,5.20888519,5.19890785,5.14555788,5.13109922,5.17542839,5.1644063,5.40595293,5.60950756,6.12299299,6.28984737,6.51394987,6.45006084,6.21339941,6.24778175,6.18557453,5.9375186,6.02461243,7.05022287,6.97669458,6.96380186,..,..
Current health expenditure (% of GDP),SH.XPD.CHEX.GD.ZS,Turkiye,TUR,4.59957218,4.88784933,5.06227875,5.01427698,4.9096446,4.89389706,5.14591694,5.23760796,5.21761751,5.49438715,5.02053452,4.6530509,4.44444656,4.37099934,4.32517862,4.11690426,4.28469229,4.17974997,4.12101603,4.35954332,4.61640215,4.56065559,3.70338893,..,..
Current health expenditure (% of GDP),SH.XPD.CHEX.GD.ZS,Turkmenistan,TKM,4.03080034,4.7660532,4.10696697,4.97849178,6.18652296,5.58886814,4.92075682,3.09328628,3.45380449,2.81471276,3.20879436,3.22296,3.34203553,3.96929264,4.25741673,5.01652908,5.58718491,5.82361221,5.55298042,5.5522337,5.57226086,5.49196625,5.37103748,..,..
Current health expenditure (% of GDP),SH.XPD.CHEX.GD.ZS,Turks and Caicos Islands,TCA,..,..,..,..,..,..,..,..,..,..,..,..,..,..,..,..,..,..,..,..,..,..,..,..,..
Current health expenditure (% of GDP),SH.XPD.CHEX.GD.ZS,Tuvalu,TUV,22.2817421,17.96548271,11.83691788,13.70337105,9.33149719,10.02975655,11.9034977,10.08181572,9.63604927,12.30976868,15.37378216,13.79316521,13.1547184,14.34195709,14.93791771,13.38872242,18.322855,24.07940674,18.36379242,22.02993393,18.59855461,19.54603577,18.38210106,..,..
Current health expenditure (% of GDP),SH.XPD.CHEX.GD.ZS,Uganda,UGA,5.0827446,5.05204916,4.77133131,4.2991581,4.70022202,5.80516291,6.463305,6.11309004,5.45474958,5.78845549,6.80890226,6.6959095,6.10853958,5.78252411,5.33653069,4.99643135,5.00792885,3.99852037,4.02143908,3.79371166,5.23698568,5.48128128,4.39089251,..,..
Current health expenditure (% of GDP),SH.XPD.CHEX.GD.ZS,Ukraine,UKR,5.30685186,5.72534418,5.99220037,6.54574108,6.16856956,6.3461585,6.4171896,6.01776791,5.49754429,6.60991716,6.81387615,6.81669855,7.11789227,6.94358015,7.19506168,7.78352833,7.55205393,7.44187737,7.51989269,7.09175062,7.56217051,8.2027483,..,..,..
Current health expenditure (% of GDP),SH.XPD.CHEX.GD.ZS,United Arab Emirates,ARE,2.39504457,2.48436403,2.71770859,2.64634395,2.46225643,2.3202107,2.3254137,2.56602693,2.92857623,4.05000162,3.74433136,3.56666398,3.33596373,3.50222182,3.53405499,3.46609354,3.89580107,4.00854969,4.09854221,4.40291262,5.82477045,5.30494308,4.67550945,..,..
Current health expenditure (% of GDP),SH.XPD.CHEX.GD.ZS,United Kingdom,GBR,7.15692902,7.45211363,7.87847328,8.07831287,8.3386755,8.39430904,8.54522514,8.75711441,9.04033756,9.84771252,9.78937912,9.7956152,9.89160061,9.97822475,9.90305996,9.83625221,9.76546955,9.60016823,9.73837566,9.95388126,11.96547699,12.01903439,11.05087757,10.872015,..
Current health expenditure (% of GDP),SH.XPD.CHEX.GD.ZS,United States,USA,12.49002552,13.16816998,13.99534702,14.50558472,14.55123425,14.57945919,14.7087841,14.91832638,15.2072401,16.20067787,16.19723129,16.14000893,16.11974716,15.98621559,16.19414139,16.48159981,16.79114342,16.7530098,16.61530876,16.66125298,18.8132534,17.5063858,16.49613953,..,..
Current health expenditure (% of GDP),SH.XPD.CHEX.GD.ZS,Uruguay,URY,9.17182446,9.75702,9.64023018,9.57667351,8.26618195,7.72390509,7.70998907,7.46167231,8.09081745,7.91611385,7.87757301,7.91521358,8.03330803,8.0844841,8.038908,8.25703716,8.63850975,8.71701717,8.90014267,9.24069118,9.06924915,8.91666222,8.94532204,..,..
Current health expenditure (% of GDP),SH.XPD.CHEX.GD.ZS,Uzbekistan,UZB,5.13293362,5.23737431,5.14164925,5.1882515,4.84063768,4.781991,4.75141335,4.54267979,4.70447445,4.79649639,5.29938841,5.26245499,5.54822111,5.71896601,4.43092394,4.73596573,4.71504498,4.83789968,5.05427122,5.39747763,6.71439123,7.69774151,7.36325455,..,..
Current health expenditure (% of GDP),SH.XPD.CHEX.GD.ZS,Vanuatu,VUT,3.30683255,3.38728333,3.90437746,3.50691938,3.53991532,3.30528617,3.32189322,3.1078558,3.13810205,3.25197887,3.52656102,3.59819388,3.9356277,4.39234495,3.64668846,4.32168293,3.07873988,2.88111997,3.44045591,3.49615431,4.12128973,4.54704428,4.14742947,..,..
Current health expenditure (% of GDP),SH.XPD.CHEX.GD.ZS,"Venezuela, RB",VEN,..,..,..,..,..,..,..,..,..,..,..,..,..,..,..,..,..,..,2.41691327,2.18563724,4.11615229,4.10222006,4.55047369,..,..
Current health expenditure (% of GDP),SH.XPD.CHEX.GD.ZS,Viet Nam,VNM,4.10752726,4.80107498,3.87075853,3.94229889,4.08791971,4.31821251,4.56979847,4.62917614,4.36028337,4.48502922,5.07146072,4.97468519,5.00178242,4.41233158,4.69078779,4.71140909,4.86994743,4.99014759,5.02678823,4.97407484,4.33219814,4.53756857,4.58891582,..,..
Current health expenditure (% of GDP),SH.XPD.CHEX.GD.ZS,Virgin Islands (U.S.),VIR,..,..,..,..,..,..,..,..,..,..,..,..,..,..,..,..,..,..,..,..,..,..,..,..,..
Current health expenditure (% of GDP),SH.XPD.CHEX.GD.ZS,West Bank and Gaza,PSE,9.46541214,10.3154583,11.04674053,9.55897141,11.37928772,10.99557114,10.50240231,9.58784008,10.52610016,10.76468372,9.10499382,11.34622478,10.30110455,10.44874382,9.92015553,9.28473282,9.0039854,9.1223526,9.65617657,9.18576908,10.27610207,10.4347353,9.73336029,..,..
Current health expenditure (% of GDP),SH.XPD.CHEX.GD.ZS,"Yemen, Rep.",YEM,4.66606569,4.94514799,4.83237982,5.75758314,5.5144043,5.20585251,5.52930164,5.82077599,5.76191616,5.98619986,5.15932894,4.7695322,5.19593525,4.96083164,4.8418045,4.25285673,4.84506655,4.84769869,5.27201796,5.83812618,5.77270842,6.17542744,6.18666697,..,..
Current health expenditure (% of GDP),SH.XPD.CHEX.GD.ZS,Zambia,ZMB,4.17365646,4.82995701,5.88845205,5.99553585,5.48490572,6.33088684,5.5774231,4.57961416,4.46690989,5.15718842,3.97471905,3.95913363,4.04541731,4.57390451,3.82924223,4.42974281,4.46923161,4.78156233,4.76996708,6.75330257,6.3067441,6.63951397,5.25592279,..,..
Current health expenditure (% of GDP),SH.XPD.CHEX.GD.ZS,Zimbabwe,ZWE,..,..,..,..,..,..,..,..,..,..,10.47583866,8.08288383,6.91794872,7.10940313,8.13227272,7.44982719,7.46644735,6.17278528,4.65527105,3.23267817,2.95440149,2.78571677,3.62880659,..,..
,,,,,,,,,,,,,,,,,,,,,,,,,,,,
,,,,,,,,,,,,,,,,,,,,,,,,,,,,
,,,,,,,,,,,,,,,,,,,,,,,,,,,,
Data from database: Health Nutrition and Population Statistics,,,,,,,,,,,,,,,,,,,,,,,,,,,,
Last Updated: 07/02/2025,,,,,,,,,,,,,,,,,,,,,,,,,,,,
